                                                                                                                                                                                                                                                                                                                                                                                                                                                                                                                                                                                                                                                                                                                                            ,Kode Lot Lelang,ID Pengajuan,Tanggal Pengambilan,Jenis Layanan,Nomor Dokumen,Tanggal Dokumen,Status Proses
19/06/2022 15:30:06,yrtyirt,4/K-RL/2022,,Pemberian Kutipan Risalah Lelang,, Total,
19/06/2022 16:31:30,A34RTI,5/K-RL/2022,,Pemberian Kutipan Risalah Lelang,, Total,
23/06/2022 16:01:46,qwer12,4/VPPH/2022,,Validasi PPh (1 bidang),,Valid Total,
23/06/2022 16:03:33,QWER46,5/VPPH/2022 Total,,,,,
10/08/2022 17:39:43,ASDFGH,5/K-RL/2022,,Pemberian Kutipan Risalah Lelang,, Total,
29/08/2022 14:49:40,QWERTY,5/K-RL/2022,,Pemberian Kutipan Risalah Lelang,, Total,
06/04/2023 17:20:11,7WHFXK,2/KPHL/2023,11 April 2023,Pemberian Kuitansi Pembayaran Harga Lelang,231/RL.635 lot 7/32/2023,14/04/2023,Selesai
13/04/2023 9:33:30,,1/VPPH/2023,17 April 2023,Validasi PPh (1 bidang),13.00 - 13.59,Valid Total,
20/06/2023 13:14:24,LXZQMY,4/KPHL/2023,,Pemberian Kuitansi Pembayaran Harga Lelang,259/RL.737/32/2023,09/05/2023,Selesai
21/06/2023 10:14:09,MWAEPY,5/KPHL/2023,,Pemberian Kuitansi Pembayaran Harga Lelang,364/RL.1020/32/2023,20/06/2023,Selesai
21/06/2023 10:29:59,SHSWIU,6/KPHL/2023,,Pemberian Kuitansi Pembayaran Harga Lelang,, Total,
21/06/2023 12:40:58,MWAEPY,7/KPHL/2023,,Pemberian Kuitansi Pembayaran Harga Lelang,364/RL.1020/32/2023,20/06/2023,Selesai
22/06/2023 8:31:25,LQ5KJZ,5/K-RL/2023,,Pemberian Kutipan Risalah Lelang,900/32/2023,05/07/2023,Selesai
28/06/2023 10:33:34,YGDKDX,8/K-RL/2023,,Pemberian Kutipan Risalah Lelang,840/32/2023,05/07/2023,Selesai
03/07/2023 15:34:03,XYPXDZ,9/K-RL/2023,,Pemberian Kutipan Risalah Lelang,1002/32/2023,06/07/2023,Selesai
03/07/2023 15:43:02,7Q01WS,10/K-RL/2023,,Pemberian Kutipan Risalah Lelang,786/32/2023,06/07/2023,Selesai
04/07/2023 14:10:22,MWAEPY,11/K-RL/2023,,Pemberian Kutipan Risalah Lelang,1020/32/2023,06/07/2023,Selesai
05/07/2023 10:18:51,ZHGVHT,12/K-RL/2023,,Pemberian Kutipan Risalah Lelang,, Total,
05/07/2023 10:40:51,ZHGVHT,8/KPHL/2023,,Pemberian Kuitansi Pembayaran Harga Lelang,305/RL.820 lot 1/32/2023, Total,
05/07/2023 12:07:14,ZHGVHT,4/VPPH/2023,,Validasi PPh (1 bidang),,Tidak Valid,
05/07/2023 14:59:01,436096,13/K-RL/2023,,Pemberian Kutipan Risalah Lelang,, Total,
06/07/2023 9:43:49,144322022,14/K-RL/2023,,Pemberian Kutipan Risalah Lelang,144/32/2022, Total,
06/07/2023 14:17:19,HXBCO1,15/K-RL/2023,,Pemberian Kutipan Risalah Lelang,, Total,
06/07/2023 17:37:51,SHSWIU,16/K-RL/2023,,Pemberian Kutipan Risalah Lelang,1019/32/2023, Total,
06/07/2023 21:31:30,SBQYCT,5/VPPH/2023,,Validasi PPh (1 bidang),,Tidak Valid,
10/07/2023 12:04:54,144322022,6/VPPH/2023,,Validasi PPh (1 bidang),,Tidak Valid,
10/07/2023 12:13:49,144322022,17/K-RL/2023,,Pemberian Kutipan Risalah Lelang,, Total,
13/07/2023 8:52:42,95QM6B,9/KPHL/2023,,Pemberian Kuitansi Pembayaran Harga Lelang,, Total,
13/07/2023 15:24:12,7TFB6Y,10/KPHL/2023,,Pemberian Kuitansi Pembayaran Harga Lelang,399/RL.1082/32/2023,05/07/2023,Selesai
13/07/2023 19:47:46,DTKBZB,18/K-RL/2023,,Pemberian Kutipan Risalah Lelang,, Total,
17/07/2023 11:11:11,NCQKBB,19/K-RL/2023,,Pemberian Kutipan Risalah Lelang,1078/32/2023,21/07/2023,Selesai
17/07/2023 11:42:55,THM1QX,11/KPHL/2023,,Pemberian Kuitansi Pembayaran Harga Lelang,428/RL.1178/32/2023,18/07/2023,Selesai
17/07/2023 11:47:35,THM1QX,20/K-RL/2023,,Pemberian Kutipan Risalah Lelang,1178/32/2023,21/07/2023,Selesai
20/07/2023 11:21:51,Lkijko,21/K-RL/2023,,Pemberian Kutipan Risalah Lelang,, Total,
21/07/2023 16:18:38,NBWK3L,22/K-RL/2023,,Pemberian Kutipan Risalah Lelang,1220/32/2023 lot 1,25/07/2023,Selesai
24/07/2023 10:25:39,YKDVLO,13/KPHL/2023,,Pemberian Kuitansi Pembayaran Harga Lelang,,RL 1658 tgl 13-09-2022,Selesai
24/07/2023 11:09:38,A0SUOS,23/K-RL/2023,,Pemberian Kutipan Risalah Lelang,776/32/2023, Total,
24/07/2023 11:12:46,GPQSOX,24/K-RL/2023,,Pemberian Kutipan Risalah Lelang,1220/32/2023 lot 2,26/07/2023,Selesai
25/07/2023 8:42:45,JME6AR,7/VPPH/2023,,Validasi PPh (1 bidang),,Valid Total,
25/07/2023 9:11:44,5XJQ9G,25/K-RL/2023,,Pemberian Kutipan Risalah Lelang,1148/32/2023, Total,
25/07/2023 13:35:23,910/32/2020,8/VPPH/2023,,Validasi PPh (1 bidang),, Total,
26/07/2023 17:56:11,A0SUOS,26/K-RL/2023,,Pemberian Kutipan Risalah Lelang,776/32/2023,26/07/2023,Selesai
27/07/2023 8:42:30,1326/32/2021,27/K-RL/2023,,Pemberian Kutipan Risalah Lelang,1326/32/2021, Total,
27/07/2023 9:08:53,BDXRCU,28/K-RL/2023,,Pemberian Kutipan Risalah Lelang,1225/32/2023, Total,
27/07/2023 10:50:47,7YFWSG,29/K-RL/2023,,Pemberian Kutipan Risalah Lelang,1173/32/2023, Total,
27/07/2023 11:00:20,7YFWSG,9/VPPH/2023,,Validasi PPh (1 bidang),,Valid Total,
27/07/2023 12:28:16,7YFWSG,12/KPHL/2023,,Pemberian Kuitansi Pembayaran Harga Lelang,425/RL.1173/32/2023,17/07/2023,Selesai
27/07/2023 15:17:53,144/32/2022,10/VPPH/2023,,Validasi PPh (1 bidang),,Valid Total,
27/07/2023 15:27:43,144/32/2022,11/VPPH/2023,,Validasi PPh (1 bidang),,Valid Total,
29/07/2023 11:14:16,1751/32/2021,12/VPPH/2023,,Validasi PPh (1 bidang),,Tidak Valid,
31/07/2023 13:19:37,6HXVDM,14/KPHL/2023,,Pemberian Kuitansi Pembayaran Harga Lelang,460/RL.1243/32/2023,01/08/2023,Selesai
02/08/2023 10:09:58,QARDVR,15/KPHL/2023,,Pemberian Kuitansi Pembayaran Harga Lelang,463/RL.1288/32/2023, Total,
02/08/2023 10:12:21,QARDVR,30/K-RL/2023,,Pemberian Kutipan Risalah Lelang,1288/32/2023,03/08/2023,Selesai
02/08/2023 10:36:49,V18PGW,13/VPPH/2023,,Validasi PPh (1 bidang),,Valid Total,
02/08/2023 17:33:38,123456,14/VPPH/2023,,Validasi PPh (1 bidang),,Valid Total,
03/08/2023 10:47:18,COJSAH,16/KPHL/2023,,Pemberian Kuitansi Pembayaran Harga Lelang,433/RL.1218/32/2023, Total,
03/08/2023 14:08:07,6HXVDM,15/VPPH/2023,,Validasi PPh (1 bidang),,Valid Total,
03/08/2023 15:51:49,QFTAL0,17/KPHL/2023,,Pemberian Kuitansi Pembayaran Harga Lelang,464/RL.1282/32/2023, Total,
03/08/2023 22:50:50,51BRJV,31/K-RL/2023,,Pemberian Kutipan Risalah Lelang,1084/32/2023,04/08/2023,Selesai
04/08/2023 9:51:13,YKDVLO,16/VPPH/2023,,Validasi PPh (1 bidang),,Tidak Valid,
04/08/2023 10:09:53,RMGD2T,17/VPPH/2023,,Validasi PPh (1 bidang),,Valid Total,
04/08/2023 15:20:28,1751/32/2021,18/VPPH/2023,,Validasi PPh (1 bidang),,Valid Total,
04/08/2023 15:30:01,1751/32/2021,32/K-RL/2023,,Pemberian Kutipan Risalah Lelang,1751/32/2021,08/08/2023,Selesai
07/08/2023 10:15:26,2285/32/2020,19/VPPH/2023,,Validasi PPh (1 bidang),,Valid Total,
07/08/2023 11:16:46,T9HHDQ,20/VPPH/2023,,Validasi PPh (1 bidang),,Valid Total,
08/08/2023 10:10:47,7TFB6Y,33/K-RL/2023,,Pemberian Kutipan Risalah Lelang,1082/32/2023,08/08/2023,Ditolak
09/08/2023 9:04:46,1221/32/2022,34/K-RL/2023,,Pemberian Kutipan Risalah Lelang,1221/32/2022,23/08/2023,Selesai
09/08/2023 9:09:11,YKDVLO,21/VPPH/2023,,Validasi PPh (1 bidang),,Valid Total,
09/08/2023 9:21:15,YKDVLO,35/K-RL/2023,,Pemberian Kutipan Risalah Lelang,1658/32/2022,23/08/2023,Selesai
09/08/2023 11:01:11,FICGPT,22/VPPH/2023,,Validasi PPh (1 bidang),,Valid Total,
09/08/2023 13:34:21,OKUUJ4,23/VPPH/2023,,Validasi PPh (1 bidang),,Tidak Valid,
09/08/2023 13:38:17,KHBXGS,24/VPPH/2023,,Validasi PPh (1 bidang),,Valid Total,
10/08/2023 10:18:25,LTA0QM,25/VPPH/2023,,Validasi PPh (1 bidang),,Valid Total,
11/08/2023 10:56:07,DCF5GA,26/VPPH/2023,,Validasi PPh (1 bidang),,Valid Total,
14/08/2023 14:36:09,15912,27/VPPH/2023,,Validasi PPh (1 bidang),,Tidak Valid,
14/08/2023 16:46:35,CB7PEU,18/KPHL/2023,,Pemberian Kuitansi Pembayaran Harga Lelang,491/RL.1348/32/2023, Total,
14/08/2023 22:07:54,DSBRNS,19/KPHL/2023,,Pemberian Kuitansi Pembayaran Harga Lelang,489/RL.1349/32/2023, Total,
15/08/2023 11:37:17,PNSAOB,36/K-RL/2023,,Pemberian Kutipan Risalah Lelang,1278/32/2023,15/08/2023,Selesai
15/08/2023 11:56:24,PNSAOB,28/VPPH/2023,,Validasi PPh (1 bidang),,Valid Total,
15/08/2023 15:22:11,AD5RMS,29/VPPH/2023,,Validasi PPh (1 bidang),,Valid Total,
16/08/2023 9:16:05,Shswiu,30/VPPH/2023,,Validasi PPh (1 bidang),,Tidak Valid,
16/08/2023 15:53:12,XYPXDZ,31/VPPH/2023,,Validasi PPh (1 bidang),,Valid Total,
16/08/2023 16:10:18,7QO1WS,32/VPPH/2023,,Validasi PPh (1 bidang),,Valid Total,
16/08/2023 16:16:34,XYPXDZ,33/VPPH/2023,,Validasi PPh (1 bidang),,Valid Total,
17/08/2023 7:38:07,DSBRNS,37/K-RL/2023,,Pemberian Kutipan Risalah Lelang,1349/32/2023,22/08/2023,Selesai
18/08/2023 10:41:37,GALPWS,20/KPHL/2023,,Pemberian Kuitansi Pembayaran Harga Lelang,504/RL.1394/32/2023, Total,
21/08/2023 9:31:22,2i0zrj,21/KPHL/2023,,Pemberian Kuitansi Pembayaran Harga Lelang,499/RL.1344/32/2023, Total,
21/08/2023 10:59:22,337020,34/VPPH/2023,,Validasi PPh (1 bidang),,Valid Total,
21/08/2023 15:48:20,COJSAH,35/VPPH/2023,,Validasi PPh (1 bidang),,Valid Total,
21/08/2023 19:11:59,DCF5GA,38/K-RL/2023,,Pemberian Kutipan Risalah Lelang,1139/32/2023,23/08/2023,Selesai
22/08/2023 9:15:35,OKUUJ4,36/VPPH/2023,,Validasi PPh (1 bidang),,Valid Total,
22/08/2023 13:34:32,3CTOMM,39/K-RL/2023,,Pemberian Kutipan Risalah Lelang,1314/32/2023,23/08/2023,Selesai
22/08/2023 13:41:50,910322,37/VPPH/2023,,Validasi PPh (1 bidang),,Valid Total,
22/08/2023 13:51:09,DSBRNS,38/VPPH/2023,,Validasi PPh (1 bidang),,Valid Total,
22/08/2023 14:06:18,3CTOMM,40/K-RL/2023,,Pemberian Kutipan Risalah Lelang,1314/32/2023,23/08/2023,Selesai
22/08/2023 16:30:38,132632,39/VPPH/2023,,Validasi PPh (1 bidang),,Valid Total,
23/08/2023 10:33:23,20XQVP,22/KPHL/2023,,Pemberian Kuitansi Pembayaran Harga Lelang,511/RL.1442/32/2023, Total,
23/08/2023 10:43:48,20XQVP,41/K-RL/2023,,Pemberian Kutipan Risalah Lelang,, Total,
23/08/2023 11:28:24,HE39LD,42/K-RL/2023,,Pemberian Kutipan Risalah Lelang,1329/32/2023,23/08/2023,Selesai
23/08/2023 12:19:34,2INFWD,43/K-RL/2023,,Pemberian Kutipan Risalah Lelang,, Total,
23/08/2023 12:21:17,HE39LD,40/VPPH/2023,,Validasi PPh (1 bidang),,Valid Total,
23/08/2023 12:30:39,122,23/KPHL/2023,,Pemberian Kuitansi Pembayaran Harga Lelang,, Total,
23/08/2023 14:08:29,Y7WGAD,24/KPHL/2023,,Pemberian Kuitansi Pembayaran Harga Lelang,, Total,
23/08/2023 15:03:50,NU7BRH,25/KPHL/2023,,Pemberian Kuitansi Pembayaran Harga Lelang,508/RL.1403/32/2023, Total,
24/08/2023 8:51:17,2INFWD,44/K-RL/2023,,Pemberian Kutipan Risalah Lelang,1320/32/2023,24/08/2023,Selesai
24/08/2023 10:30:40,1790,41/VPPH/2023,,Validasi PPh (1 bidang),,Valid Total,
24/08/2023 12:46:08,Q0UA2W,26/KPHL/2023,,Pemberian Kuitansi Pembayaran Harga Lelang,, Total,
24/08/2023 18:58:54,SHSWIU,42/VPPH/2023,,Validasi PPh (1 bidang),,Valid Total,
25/08/2023 8:29:52,X86CWT,43/VPPH/2023,,Validasi PPh (1 bidang),,Valid Total,
25/08/2023 9:33:45,PLLUFC,44/VPPH/2023,,Validasi PPh (1 bidang),, Total,
25/08/2023 9:37:13,Y7WGAD,45/K-RL/2023,,Pemberian Kutipan Risalah Lelang,1437/32/2023,25/08/2023,Selesai
25/08/2023 12:05:44,7TFB6Y,46/K-RL/2023,,Pemberian Kutipan Risalah Lelang,1082/32/2023,25/08/2023,Selesai
28/08/2023 9:06:06,RL1466,47/K-RL/2023,,Pemberian Kutipan Risalah Lelang,1466/32/2023,28/08/2023,Selesai
28/08/2023 14:40:13,1790,45/VPPH/2023,,Validasi PPh (1 bidang),,Valid Total,
28/08/2023 18:39:42,AQ0P7H,46/VPPH/2023,,Validasi PPh (1 bidang),,Valid Total,
28/08/2023 19:04:01,I5NODF,47/VPPH/2023,,Validasi PPh (1 bidang),,Valid Total,
29/08/2023 9:43:56,8GS3A1,27/KPHL/2023,,Pemberian Kuitansi Pembayaran Harga Lelang,, Total,
29/08/2023 9:57:19,843,48/VPPH/2023,,Validasi PPh (1 bidang),,Valid Total,
29/08/2023 12:27:45,1326,49/VPPH/2023,,Validasi PPh (1 bidang),,Tidak Valid,"Lebak Pari RT 001 Rw 02, Kel Muara Jaya Kec Caringin, Kab Bogor"
29/08/2023 13:19:51,FMYPY2,50/VPPH/2023,,Validasi PPh (1 bidang),,Valid Total,
29/08/2023 19:21:59,AI0OH9,51/VPPH/2023,,Validasi PPh (1 bidang),,Tidak Valid,Komplek Green Nature Cinere Blok B3  Kelurahan Cinere Kecamatan Cinere Kota Depok Provinsi Jawa Barat 
30/08/2023 10:29:14,1790,48/K-RL/2023,,Pemberian Kutipan Risalah Lelang,1790/32/2021,30/08/2023,Selesai
30/08/2023 10:48:20,2INFWD,52/VPPH/2023,,Validasi PPh (1 bidang),,Tidak Valid,"Komplek Perumahan Permata Pesona Ruko No. 1, Kelurahan Rangkapan Jaya Baru, Kecamatan Pancoran Mas, Kota Depok, Provinsi Jawa Barat"
30/08/2023 12:16:11,4KQWPA,53/VPPH/2023,,Validasi PPh (1 bidang),,Valid Total,
30/08/2023 14:42:47,GIE693,49/K-RL/2023,,Pemberian Kutipan Risalah Lelang,1265/32/2023,31/08/2023,Selesai
31/08/2023 10:10:22,20XQVP,50/K-RL/2023,,Pemberian Kutipan Risalah Lelang,1244/32/2023,31/08/2023,Selesai
31/08/2023 15:00:42,KMNXP5,28/KPHL/2023,,Pemberian Kuitansi Pembayaran Harga Lelang,, Total,
31/08/2023 15:25:38,6AFVLQ,54/VPPH/2023,,Validasi PPh (1 bidang),,Valid Total,
31/08/2023 17:58:54,YO19EZ,29/KPHL/2023,,Pemberian Kuitansi Pembayaran Harga Lelang,, Total,
01/09/2023 11:58:39,EAGQR6,51/K-RL/2023,,Pemberian Kutipan Risalah Lelang,801/32/2023,01/09/2023,Selesai
02/09/2023 10:22:40,HXBCO1,55/VPPH/2023,,Validasi PPh (1 bidang),,Tidak Valid,THE JASMINE BOULEVARD BLOK F NOMOR 16
03/09/2023 22:08:42,AD5RMS,53/K-RL/2023,,Pemberian Kutipan Risalah Lelang,1237/32/2023,05/09/2023,Selesai
04/09/2023 10:21:56,UGQLLB,56/VPPH/2023,,Validasi PPh (1 bidang),,Valid Total,
04/09/2023 11:28:30,ZAROLP,52/K-RL/2023,,Pemberian Kutipan Risalah Lelang,1202/32/2023,05/09/2023,Selesai
04/09/2023 14:44:29,WXCIZF,54/K-RL/2023,,Pemberian Kutipan Risalah Lelang,, Total,
04/09/2023 15:46:43,WXCIZF,55/K-RL/2023,,Pemberian Kutipan Risalah Lelang,1511/32/2023,04/09/2023,Selesai
04/09/2023 17:34:38,EAGQR6,57/VPPH/2023,,Validasi PPh (1 bidang),,Valid Total,
04/09/2023 19:13:14,2INFWD,58/VPPH/2023,,Validasi PPh (1 bidang),,Valid Total,
05/09/2023 10:30:34,0W2QOE,30/KPHL/2023,,Pemberian Kuitansi Pembayaran Harga Lelang,, Total,
05/09/2023 12:16:08,LQU9A5,56/K-RL/2023,,Pemberian Kutipan Risalah Lelang,, Total,
05/09/2023 15:31:22,6AFVLQ,57/K-RL/2023,,Pemberian Kutipan Risalah Lelang,, Total,
06/09/2023 10:21:21,132632,59/VPPH/2023,,Validasi PPh (1 bidang),,Valid Total,
06/09/2023 11:46:53,LQU9A5,58/K-RL/2023,,Pemberian Kutipan Risalah Lelang,1547/32/2023,06/09/2023,Selesai
06/09/2023 13:12:44,132632,60/VPPH/2023,,Validasi PPh (1 bidang),,Valid Total,
07/09/2023 13:05:58,NU7BRH,59/K-RL/2023,,Pemberian Kutipan Risalah Lelang,1403/32/2023,07/09/2023,Selesai
07/09/2023 13:36:18,NU7BRH,61/VPPH/2023,,Validasi PPh (1 bidang),,Valid Total,
07/09/2023 15:49:34,SBI1TF,60/K-RL/2023,,Pemberian Kutipan Risalah Lelang,1373/32/2023,08/09/2023,Selesai
08/09/2023 9:29:11,Q0UA2W,31/KPHL/2023,,Pemberian Kuitansi Pembayaran Harga Lelang,, Total,
08/09/2023 9:40:51,OKUUJ4,62/VPPH/2023,,Validasi PPh (1 bidang),,Valid Total,
08/09/2023 13:40:36,6AFVLQ,61/K-RL/2023,,Pemberian Kutipan Risalah Lelang,1366/32/2023,08/09/2023,Selesai
10/09/2023 10:49:38,THXXBG,32/KPHL/2023,,Pemberian Kuitansi Pembayaran Harga Lelang,, Total,
11/09/2023 6:54:00,OIUTC8,33/KPHL/2023,,Pemberian Kuitansi Pembayaran Harga Lelang,, Total,
11/09/2023 8:39:42,THXXBG,62/K-RL/2023,,Pemberian Kutipan Risalah Lelang,1610/32/2023 (lot 1),11/09/2023,Selesai
11/09/2023 8:52:06,OIUTC8,63/K-RL/2023,,Pemberian Kutipan Risalah Lelang,1610/32/2023 (lot 2),11/09/2023,Selesai
11/09/2023 10:54:10,-,34/KPHL/2023,,Pemberian Kuitansi Pembayaran Harga Lelang,, Total,
11/09/2023 11:18:25,ZABXEU,35/KPHL/2023,,Pemberian Kuitansi Pembayaran Harga Lelang,, Total,
11/09/2023 11:25:47,ZABXEU,64/K-RL/2023,,Pemberian Kutipan Risalah Lelang,1428/32/2023,11/09/2023,Selesai
11/09/2023 12:53:47,RFJXUG,36/KPHL/2023,,Pemberian Kuitansi Pembayaran Harga Lelang,, Total,
11/09/2023 15:47:07,K53HNA,63/VPPH/2023,,Validasi PPh (1 bidang),,Valid Total,
11/09/2023 16:33:37,UNKBJD,64/VPPH/2023,,Validasi PPh (1 bidang),, Total,
11/09/2023 18:31:41,QTS8WV,65/K-RL/2023,,Pemberian Kutipan Risalah Lelang,, Total,
11/09/2023 20:12:04,KY0CH1,65/VPPH/2023,,Validasi PPh (1 bidang),, Total,
12/09/2023 7:14:04,6JF0CQ,66/K-RL/2023,,Pemberian Kutipan Risalah Lelang,1462/32/2023 (lot 2),12/09/2023,Selesai
12/09/2023 7:24:19,VX1BYO,67/K-RL/2023,,Pemberian Kutipan Risalah Lelang,1462/32/2023 (lot 1),12/09/2023,Selesai
12/09/2023 16:14:13,HXBCO1,66/VPPH/2023,,Validasi PPh (1 bidang),,Valid Total,
12/09/2023 17:44:12,QTS8WV,68/K-RL/2023,,Pemberian Kutipan Risalah Lelang,1595/32/2023,13/09/2023,Selesai
13/09/2023 11:10:10,9N248D,69/K-RL/2023,,Pemberian Kutipan Risalah Lelang,1519/32/2023,13/09/2023,Selesai
13/09/2023 13:44:14,TJVY3R,70/K-RL/2023,,Pemberian Kutipan Risalah Lelang,1614/32/2023,13/09/2023,Selesai
13/09/2023 15:48:27,WHLOJY,67/VPPH/2023,,Validasi PPh (1 bidang),,Valid Total,
14/09/2023 10:08:45,XTOPVP,37/KPHL/2023,,Pemberian Kuitansi Pembayaran Harga Lelang,, Total,
14/09/2023 10:49:03,UNKBJD,71/K-RL/2023,,Pemberian Kutipan Risalah Lelang,1444/32/2023,14/09/2023,Selesai
14/09/2023 17:54:42,8GS3A1,72/K-RL/2023,,Pemberian Kutipan Risalah Lelang,1469/32/2023, Total,
14/09/2023 18:16:13,QTS8WV,68/VPPH/2023,,Validasi PPh (1 bidang),,Valid Total,
17/09/2023 7:34:54,GFXRWS,38/KPHL/2023,,Pemberian Kuitansi Pembayaran Harga Lelang,, Total,
18/09/2023 10:43:40,9AJA6R,69/VPPH/2023,,Validasi PPh (1 bidang),, Total,
18/09/2023 11:31:55,2SQDJJ,73/K-RL/2023,,Pemberian Kutipan Risalah Lelang,1688/32/2023 (lot 5), Total,
18/09/2023 11:57:16,2SQDJJ,39/KPHL/2023,,Pemberian Kuitansi Pembayaran Harga Lelang,, Total,
18/09/2023 12:05:15,2SQDJJ,74/K-RL/2023,,Pemberian Kutipan Risalah Lelang,1688/32/2023 (lot 5),18/09/2023,Selesai
18/09/2023 14:48:37,PKJVCM,40/KPHL/2023,,Pemberian Kuitansi Pembayaran Harga Lelang,, Total,
19/09/2023 5:57:47,PKJVCM,75/K-RL/2023,,Pemberian Kutipan Risalah Lelang,1688/32/2023 (lot 7),19/09/2023,Selesai
19/09/2023 9:28:37,UIVTJF,76/K-RL/2023,,Pemberian Kutipan Risalah Lelang,1676/32/2023,19/09/2023,Selesai
19/09/2023 9:34:16,UIVTJF,41/KPHL/2023,,Pemberian Kuitansi Pembayaran Harga Lelang,, Total,
19/09/2023 11:37:28,JO3KNE,77/K-RL/2023,,Pemberian Kutipan Risalah Lelang,1484/32/2023,19/09/2023,Selesai
19/09/2023 13:05:48,LQU9A5,70/VPPH/2023,,Validasi PPh (1 bidang),,Valid Total,
19/09/2023 13:22:32,NOJSXC,78/K-RL/2023,,Pemberian Kutipan Risalah Lelang,1602/32/2023,20/09/2023,Selesai
19/09/2023 13:33:37,FHIANM,79/K-RL/2023,,Pemberian Kutipan Risalah Lelang,1549/32/2023,19/09/2023,Selesai
19/09/2023 14:03:25,YSPF09,80/K-RL/2023,,Pemberian Kutipan Risalah Lelang,, Total,
19/09/2023 21:34:34,0W2QOE,81/K-RL/2023,,Pemberian Kutipan Risalah Lelang,1551/32/2023,20/09/2023,Selesai
20/09/2023 11:41:25,LA93OX,82/K-RL/2023,,Pemberian Kutipan Risalah Lelang,1683/32/2023,20/09/2023,Selesai
20/09/2023 13:51:42,7C6RUI,83/K-RL/2023,,Pemberian Kutipan Risalah Lelang,1574/32/2023,20/09/2023,Selesai
20/09/2023 23:16:17,UQ8M06,42/KPHL/2023,,Pemberian Kuitansi Pembayaran Harga Lelang,, Total,
20/09/2023 23:21:05,UQ8MO6,43/KPHL/2023,,Pemberian Kuitansi Pembayaran Harga Lelang,, Total,
21/09/2023 9:17:30,UPLG09,71/VPPH/2023,,Validasi PPh (1 bidang),,Valid Total,
21/09/2023 10:39:42,---,84/K-RL/2023,,Pemberian Kutipan Risalah Lelang,, Total,
21/09/2023 10:44:04,5VB2PV,85/K-RL/2023,,Pemberian Kutipan Risalah Lelang,1688/32/2023 (lot 3),22/09/2023,Selesai
21/09/2023 12:18:01,K1OIHN,44/KPHL/2023,,Pemberian Kuitansi Pembayaran Harga Lelang,, Total,
21/09/2023 12:39:25,SBI1TF,72/VPPH/2023,,Validasi PPh (1 bidang),,Tidak Valid,"Perumahan Golden Estesia blok B3 no.2, Serua, Bojongsari, Kota Depok "
21/09/2023 14:48:20,DKGVPI,86/K-RL/2023,,Pemberian Kutipan Risalah Lelang,1009/32/2023,22/09/2023,Selesai
21/09/2023 15:08:04,G07EFK,73/VPPH/2023,,Validasi PPh (1 bidang),,Valid Total,
21/09/2023 15:22:20,G07EFK,74/VPPH/2023,,Validasi PPh (1 bidang),,Valid Total,
21/09/2023 15:44:04,YSPF09,87/K-RL/2023,,Pemberian Kutipan Risalah Lelang,1686/32/2023,22/09/2023,Selesai
21/09/2023 16:13:18,8GS3A1,88/K-RL/2023,,Pemberian Kutipan Risalah Lelang,,22/09/2023,Selesai
21/09/2023 19:41:27,5JMHX0,75/VPPH/2023,,Validasi PPh (1 bidang),,Tidak Valid,"Perumahan Villa Ciomas Indah H10/22 Rt 004 Rw 14, Ciomas Rahayu, Ciomas, Bogor"
22/09/2023 11:26:36,KUXDCQ,76/VPPH/2023,,Validasi PPh (1 bidang),,Tidak Valid,"Kp pondok Miri A No.3,Rawakalong,Gunung Sindur,kab.Bogor"
22/09/2023 11:43:59,5VB2PV,45/KPHL/2023,,Pemberian Kuitansi Pembayaran Harga Lelang,, Total,
22/09/2023 14:53:38,ALY5JO,77/VPPH/2023,,Validasi PPh (1 bidang),,Valid Total,
22/09/2023 17:03:52,AZS9AX,78/VPPH/2023,,Validasi PPh (1 bidang),,Valid Total,
22/09/2023 17:35:48,LXZQMY,89/K-RL/2023,,Pemberian Kutipan Risalah Lelang,,25/08/2023,Selesai
25/09/2023 8:35:20,BBJO3W,46/KPHL/2023,,Pemberian Kuitansi Pembayaran Harga Lelang,, Total,
25/09/2023 10:01:22,GXFRWS,90/K-RL/2023,,Pemberian Kutipan Risalah Lelang,1663/32/2023,25/08/2023,Selesai
25/09/2023 12:22:42,ZNRCBF,91/K-RL/2023,,Pemberian Kutipan Risalah Lelang,163/32/2022,25/09/2023,Selesai
25/09/2023 12:54:42,5HGAKT,47/KPHL/2023,,Pemberian Kuitansi Pembayaran Harga Lelang,, Total,
25/09/2023 15:43:31,Q0UA2W,92/K-RL/2023,,Pemberian Kutipan Risalah Lelang,1296/32/2023,26/09/2023,Selesai
25/09/2023 16:44:01,WHY3SB,79/VPPH/2023,,Validasi PPh (1 bidang),,Valid Total,
26/09/2023 9:00:06,IJSHNI,48/KPHL/2023,,Pemberian Kuitansi Pembayaran Harga Lelang,, Total,
26/09/2023 16:37:33,ZI1ATS,49/KPHL/2023,,Pemberian Kuitansi Pembayaran Harga Lelang,, Total,
26/09/2023 20:32:06,ZLTD9K,93/K-RL/2023,,Pemberian Kutipan Risalah Lelang,1669/32/2023,29/09/2023,Selesai
27/09/2023 11:51:38,QCPXQZ,94/K-RL/2023,,Pemberian Kutipan Risalah Lelang,1398/32/2022,29/09/2023,Selesai
29/09/2023 11:01:23,RFJXUG,80/VPPH/2023,,Validasi PPh (1 bidang),,Tidak Valid,"Kp. Babakan warudoyong 01/02 sukakarya, kec. Warungdoyong, kota sukabumi"
29/09/2023 13:28:41,XKBP4V,95/K-RL/2023,,Pemberian Kutipan Risalah Lelang,, Total,
29/09/2023 13:33:11,XKBP4V,96/K-RL/2023,,Pemberian Kutipan Risalah Lelang,1554/32/2023,31/08/2023,Selesai
29/09/2023 17:45:31,RPIBUY,97/K-RL/2023,,Pemberian Kutipan Risalah Lelang,1578/32/2023, Total,
30/09/2023 22:00:06,RP1BUY,98/K-RL/2023,,Pemberian Kutipan Risalah Lelang,1578/32/2023,04/10/2023,Selesai
02/10/2023 11:29:29,QJGZCB,81/VPPH/2023,,Validasi PPh (1 bidang),,Valid Total,
02/10/2023 12:26:57,Y8DLBK,50/KPHL/2023,,Pemberian Kuitansi Pembayaran Harga Lelang,, Total,
02/10/2023 13:19:22,7PTBSF,99/K-RL/2023,,Pemberian Kutipan Risalah Lelang,1738/32/2023,04/10/2023,Selesai
02/10/2023 13:28:44,7mh9o,82/VPPH/2023,,Validasi PPh (1 bidang),,Tidak Valid,Desa sukamaju kec cilodong
02/10/2023 13:37:00,HO2MRB,51/KPHL/2023,,Pemberian Kuitansi Pembayaran Harga Lelang,, Total,
02/10/2023 14:05:30,YB6IHD,100/K-RL/2023,,Pemberian Kutipan Risalah Lelang,1594/32/2023,04/10/2023,Selesai
02/10/2023 14:54:24,187870,83/VPPH/2023,,Validasi PPh (1 bidang),,Valid Total,
02/10/2023 15:40:32,008763,84/VPPH/2023,,Validasi PPh (1 bidang),,Valid Total,
02/10/2023 20:22:55,FTUQV4,85/VPPH/2023,,Validasi PPh (1 bidang),,Tidak Valid,KP Pitara rt/rw 06/13 kel. Pancoran mas kec. Pancoran mas. Kota depok
03/10/2023 13:11:39,LX0TOS,101/K-RL/2023,,Pemberian Kutipan Risalah Lelang,1688/32/2023 lot 6,04/10/2023,Selesai
03/10/2023 13:31:58,ZAROLP,86/VPPH/2023,,Validasi PPh (1 bidang),,Valid Total,
03/10/2023 14:24:12,FHIANM,87/VPPH/2023,,Validasi PPh (1 bidang),,Valid Total,
03/10/2023 17:24:54,BBJO3W,102/K-RL/2023,,Pemberian Kutipan Risalah Lelang,, Total,
04/10/2023 9:31:30,———,103/K-RL/2023,,Pemberian Kutipan Risalah Lelang,, Total,
04/10/2023 10:20:36,HRKTM3,104/K-RL/2023,,Pemberian Kutipan Risalah Lelang,1735/32/2023,04/10/2023,Selesai
04/10/2023 10:34:13,QJGZCB,105/K-RL/2023,,Pemberian Kutipan Risalah Lelang,1491/32/2023,04/10/2023,Selesai
04/10/2023 12:05:25,7MH9O,88/VPPH/2023,,Validasi PPh (1 bidang),,Valid Total,
05/10/2023 8:57:31,161732,106/K-RL/2023,,Pemberian Kutipan Risalah Lelang,1617/32/2021,05/10/2023,Selesai
05/10/2023 9:19:32,161732,89/VPPH/2023,,Validasi PPh (1 bidang),,Valid Total,
05/10/2023 11:15:35,122132,90/VPPH/2023,,Validasi PPh (1 bidang),,Valid Total,
05/10/2023 11:50:58,037380,91/VPPH/2023,,Validasi PPh (1 bidang),,Valid Total,
05/10/2023 13:31:05,MGWTNK,52/KPHL/2023,,Pemberian Kuitansi Pembayaran Harga Lelang,, Total,
05/10/2023 13:53:12,Y8DLBK,107/K-RL/2023,,Pemberian Kutipan Risalah Lelang,, Total,
05/10/2023 14:29:08,XKBP4V,53/KPHL/2023,,Pemberian Kuitansi Pembayaran Harga Lelang,, Total,
05/10/2023 16:15:44,IJSHNI,108/K-RL/2023,,Pemberian Kutipan Risalah Lelang,1720/32/2023,05/10/2023,Selesai
05/10/2023 16:18:39,XKBP4V,92/VPPH/2023,,Validasi PPh (1 bidang),,Valid Total,
05/10/2023 16:23:09,IJSHNI,93/VPPH/2023,,Validasi PPh (1 bidang),,Valid Total,
06/10/2023 10:27:29,Q0UA2W,94/VPPH/2023,,Validasi PPh (1 bidang),,Valid Total,
06/10/2023 10:47:31,Q0UA2W,95/VPPH/2023,,Validasi PPh (1 bidang),,Valid Total,
06/10/2023 15:52:46,9FACGZ,96/VPPH/2023,,Validasi PPh (1 bidang),,Valid Total,
06/10/2023 20:51:20,XPSWSH,109/K-RL/2023,,Pemberian Kutipan Risalah Lelang,1836/32/2023,09/10/2023,Selesai
07/10/2023 1:34:06,UQ8MO6,110/K-RL/2023,,Pemberian Kutipan Risalah Lelang,, Total,
09/10/2023 10:12:10,VU87NF,97/VPPH/2023,,Validasi PPh (1 bidang),,Valid Total,
09/10/2023 10:32:52,IJSHNI,111/K-RL/2023,,Pemberian Kutipan Risalah Lelang,, Total,
09/10/2023 23:40:39,WXCIZF,98/VPPH/2023,,Validasi PPh (1 bidang),,Valid Total,
10/10/2023 0:27:02,TJVY3R,99/VPPH/2023,,Validasi PPh (1 bidang),,Valid Total,
10/10/2023 1:02:35,UQ8MO6,100/VPPH/2023,,Validasi PPh (1 bidang),,Valid Total,
10/10/2023 16:01:50,FBVUKG,101/VPPH/2023,,Validasi PPh (1 bidang),,Valid Total,
10/10/2023 17:43:08,037380,112/K-RL/2023,,Pemberian Kutipan Risalah Lelang,, Total,
10/10/2023 18:07:37,008763,113/K-RL/2023,,Pemberian Kutipan Risalah Lelang,, Total,
11/10/2023 9:20:16,BVY1KI,114/K-RL/2023,,Pemberian Kutipan Risalah Lelang,57/32/2023,11/10/2023,Selesai
11/10/2023 11:59:48,1751,115/K-RL/2023,,Pemberian Kutipan Risalah Lelang,, Total,
11/10/2023 12:11:49,1751,102/VPPH/2023,,Validasi PPh (1 bidang),,Valid Total,
11/10/2023 13:40:30,FYKJT4,116/K-RL/2023,,Pemberian Kutipan Risalah Lelang,1751/32/2023,13/10/2023,Selesai
11/10/2023 13:55:53,FYKJT4,103/VPPH/2023,,Validasi PPh (1 bidang),,Valid Total,
11/10/2023 14:14:55,XNB1CT,54/KPHL/2023,,Pemberian Kuitansi Pembayaran Harga Lelang,, Total,
11/10/2023 16:13:04,UQJYTR,117/K-RL/2023,,Pemberian Kutipan Risalah Lelang,, Total,
11/10/2023 20:24:28,6JRBNU,55/KPHL/2023,,Pemberian Kuitansi Pembayaran Harga Lelang,, Total,
12/10/2023 11:10:39,DEBVJJ,118/K-RL/2023,,Pemberian Kutipan Risalah Lelang,1649/32/2023,13/10/2023,Selesai
12/10/2023 15:01:59,JTDGQ6,56/KPHL/2023,,Pemberian Kuitansi Pembayaran Harga Lelang,, Total,
13/10/2023 8:56:15,WGAMZE,119/K-RL/2023,,Pemberian Kutipan Risalah Lelang,1864/32/2023,13/10/2023,Selesai
13/10/2023 8:59:17,IVQ0X4,57/KPHL/2023,,Pemberian Kuitansi Pembayaran Harga Lelang,, Total,
13/10/2023 9:53:22,UQJYTR,120/K-RL/2023,,Pemberian Kutipan Risalah Lelang,, Total,
13/10/2023 10:17:21,WGAMZE,104/VPPH/2023,,Validasi PPh (1 bidang),,Valid Total,
13/10/2023 10:29:50,ZPNWBO,105/VPPH/2023,,Validasi PPh (1 bidang),,Valid Total,
13/10/2023 11:45:06,G7IIVM,106/VPPH/2023,,Validasi PPh (1 bidang),,Valid Total,
14/10/2023 7:56:42,3KJNMZ,121/K-RL/2023,,Pemberian Kutipan Risalah Lelang,1599/32/2023,16/10/2023,Selesai
14/10/2023 16:29:15,WGAMZE,122/K-RL/2023,,Pemberian Kutipan Risalah Lelang,, Total,
16/10/2023 7:13:34,HO2MRB,123/K-RL/2023,,Pemberian Kutipan Risalah Lelang,1333/32/2023,16/10/2023,Selesai
16/10/2023 8:55:22,BEDMTC,124/K-RL/2023,,Pemberian Kutipan Risalah Lelang,, Total,
16/10/2023 9:04:23,CB7PEU,107/VPPH/2023,,Validasi PPh (1 bidang),,Valid Total,
16/10/2023 11:45:13,UPLG09,125/K-RL/2023,,Pemberian Kutipan Risalah Lelang,495/32/2023,16/10/2023,Siap Diambil
16/10/2023 14:08:47,NOU3GY,108/VPPH/2023,,Validasi PPh (1 bidang),,Tidak Valid,"KO Grand Nusa Indah , Setu Sari, Cileungsi, Kabupaten Bogor"
16/10/2023 21:54:50,UQ8MO6,126/K-RL/2023,,Pemberian Kutipan Risalah Lelang,1685/32/2023,17/10/2023,Selesai
16/10/2023 22:20:50,UQ8MO6,109/VPPH/2023,,Validasi PPh (1 bidang),,Valid Total,
17/10/2023 9:22:01,BVY1KI,110/VPPH/2023,,Validasi PPh (1 bidang),,Valid Total,
17/10/2023 10:16:24,965221,58/KPHL/2023,,Pemberian Kuitansi Pembayaran Harga Lelang,, Total,
17/10/2023 10:56:12,E2H092,127/K-RL/2023,,Pemberian Kutipan Risalah Lelang,, Total,
17/10/2023 13:31:51,HOP28V,128/K-RL/2023,,Pemberian Kutipan Risalah Lelang,1419/32/2023,17/10/2023,Siap Diambil
17/10/2023 16:54:50,PUZCLL,59/KPHL/2023,,Pemberian Kuitansi Pembayaran Harga Lelang,, Total,
18/10/2023 10:17:17,EIOWN4,129/K-RL/2023,,Pemberian Kutipan Risalah Lelang,, Total,
18/10/2023 10:29:56,WJKDY4,130/K-RL/2023,,Pemberian Kutipan Risalah Lelang,1925/32/2023,18/10/2023,Selesai
18/10/2023 11:06:46,CQJ2JN,131/K-RL/2023,,Pemberian Kutipan Risalah Lelang,1874/32/2023,18/10/2023,Selesai
18/10/2023 12:19:07,EIOWN4,132/K-RL/2023,,Pemberian Kutipan Risalah Lelang,124/32/2023,18/10/2023,Siap Diambil
18/10/2023 16:44:24,YXRMEB,60/KPHL/2023,,Pemberian Kuitansi Pembayaran Harga Lelang,, Total,
19/10/2023 5:50:53,BVMTUP,133/K-RL/2023,,Pemberian Kutipan Risalah Lelang,1896/32/2023,19/10/2023,Selesai
19/10/2023 11:07:33,DKGVPI,111/VPPH/2023,,Validasi PPh (1 bidang),,Valid Total,
19/10/2023 13:27:47,ONQS28,61/KPHL/2023,,Pemberian Kuitansi Pembayaran Harga Lelang,, Total,
19/10/2023 13:38:49,ONQS28,62/KPHL/2023,,Pemberian Kuitansi Pembayaran Harga Lelang,, Total,
19/10/2023 13:53:55,ZXLIXK,134/K-RL/2023,,Pemberian Kutipan Risalah Lelang,, Total,
19/10/2023 14:13:16,ZW5JGV,63/KPHL/2023,,Pemberian Kuitansi Pembayaran Harga Lelang,, Total,
20/10/2023 9:03:25,WJKDY4,112/VPPH/2023,,Validasi PPh (1 bidang),,Valid Total,
20/10/2023 9:41:57,ZI1ATS,135/K-RL/2023,,Pemberian Kutipan Risalah Lelang,1771/32/2023,24/10/2023,Selesai
20/10/2023 10:39:05,HO2MRB,136/K-RL/2023,,Pemberian Kutipan Risalah Lelang,, Total,
20/10/2023 11:21:52,203632,137/K-RL/2023,,Pemberian Kutipan Risalah Lelang,, Total,
20/10/2023 11:48:00,PRENF3,64/KPHL/2023,,Pemberian Kuitansi Pembayaran Harga Lelang,, Total,
20/10/2023 12:23:19,L3R9HD,65/KPHL/2023,,Pemberian Kuitansi Pembayaran Harga Lelang,, Total,
20/10/2023 12:50:39,192522,113/VPPH/2023,,Validasi PPh (1 bidang),,Valid Total,
20/10/2023 13:18:15,PUZCLL,66/KPHL/2023,,Pemberian Kuitansi Pembayaran Harga Lelang,, Total,
20/10/2023 14:09:32,E1DE4F,138/K-RL/2023,,Pemberian Kutipan Risalah Lelang,, Total,
20/10/2023 14:14:54,E1DE4F,114/VPPH/2023,,Validasi PPh (1 bidang),,Valid Total,
20/10/2023 16:35:21,VUGB9R,139/K-RL/2023,,Pemberian Kutipan Risalah Lelang,, Total,
20/10/2023 17:14:53,YXRMEB,115/VPPH/2023,,Validasi PPh (1 bidang),,Valid Total,
20/10/2023 17:30:32,YXRMEB,140/K-RL/2023,,Pemberian Kutipan Risalah Lelang,, Total,
22/10/2023 14:44:18,UQ8MO6,116/VPPH/2023,,Validasi PPh (1 bidang),,Valid Total,
23/10/2023 8:38:52,6JRBNU,67/KPHL/2023,,Pemberian Kuitansi Pembayaran Harga Lelang,, Total,
23/10/2023 12:55:44,YG34HT,68/KPHL/2023,,Pemberian Kuitansi Pembayaran Harga Lelang,, Total,
23/10/2023 13:09:04,L3R9HD,141/K-RL/2023,,Pemberian Kutipan Risalah Lelang,, Total,
23/10/2023 13:58:46,OT491M,142/K-RL/2023,,Pemberian Kutipan Risalah Lelang,1502/32/2023,24/10/2023,Selesai
24/10/2023 8:35:04,SAY12F,69/KPHL/2023,,Pemberian Kuitansi Pembayaran Harga Lelang,, Total,
24/10/2023 9:56:35,SAY12F,143/K-RL/2023,,Pemberian Kutipan Risalah Lelang,1956/32/2023,24/10/2023,Selesai
24/10/2023 10:01:45,3V4LZC,144/K-RL/2023,,Pemberian Kutipan Risalah Lelang,1916/32/2023, Total,
24/10/2023 10:06:21,SAY12F,117/VPPH/2023,,Validasi PPh (1 bidang),,Valid Total,
24/10/2023 10:33:52,4JLYQK,118/VPPH/2023,,Validasi PPh (1 bidang),,Valid Total,
24/10/2023 11:04:15,3EN40Z,70/KPHL/2023,,Pemberian Kuitansi Pembayaran Harga Lelang,, Total,
24/10/2023 11:52:34,URASL4,145/K-RL/2023,,Pemberian Kutipan Risalah Lelang,, Total,
24/10/2023 14:17:59,X5K60V,146/K-RL/2023,,Pemberian Kutipan Risalah Lelang,, Total,
24/10/2023 14:22:02,THVICJ,147/K-RL/2023,,Pemberian Kutipan Risalah Lelang,, Total,
24/10/2023 15:20:48,DEBVJJ,119/VPPH/2023,,Validasi PPh (1 bidang),,Valid Total,
24/10/2023 16:30:32,ZI1ATS,120/VPPH/2023,,Validasi PPh (1 bidang),,Valid Total,
24/10/2023 17:45:01,5WSMIF,71/KPHL/2023,,Pemberian Kuitansi Pembayaran Harga Lelang,, Total,
25/10/2023 8:41:40,BVMTUP,148/K-RL/2023,,Pemberian Kutipan Risalah Lelang,, Total,
25/10/2023 11:03:25,2F7NZ3,149/K-RL/2023,,Pemberian Kutipan Risalah Lelang,, Total,
25/10/2023 13:26:37,Owam7y,72/KPHL/2023,,Pemberian Kuitansi Pembayaran Harga Lelang,, Total,
26/10/2023 7:38:20,Y8DLBK,150/K-RL/2023,,Pemberian Kutipan Risalah Lelang,, Total,
26/10/2023 7:49:41,LQYAG0,151/K-RL/2023,,Pemberian Kutipan Risalah Lelang,, Total,
26/10/2023 10:07:36,TAVKZB,73/KPHL/2023,,Pemberian Kuitansi Pembayaran Harga Lelang,, Total,
26/10/2023 14:25:12,JTDGQ6,121/VPPH/2023,,Validasi PPh (1 bidang),,Valid Total,
26/10/2023 22:36:42,UlJAHE,152/K-RL/2023,,Pemberian Kutipan Risalah Lelang,"1780/32/2023,,,,,,,,,,,,,,,,,,,,,,,,,,,,,,,,,,,,,,,,,,,,,,,,,,,,,,,,,,,,,,,,,,,,,,,,,,,,,,,,,,,,,,,,,,,,,,,,,,,,,,,,,,,,,,,,,,,,,,,,,,,,,,,,,,,,,,,,,,,,,,,,,,,,,,,,,,,,,,,,,,,,,,,,,,,,,,,,,,,,,,", Total,
26/10/2023 22:53:16,XDLOG7 Total,,,,,,
27/10/2023 8:45:06,6JRBNU,153/K-RL/2023,,Pemberian Kutipan Risalah Lelang,1829/32/2023 lot 1,30/10/2023,Selesai
27/10/2023 8:53:14,6JRBNU,154/K-RL/2023,,Pemberian Kutipan Risalah Lelang,1829/32/2023 lot 2,30/10/2023,Selesai
27/10/2023 9:06:00,6JRBNU,122/VPPH/2023,,Validasi PPh (1 bidang),,Valid Total,
27/10/2023 10:42:24,URBIPA,75/KPHL/2023,,Pemberian Kuitansi Pembayaran Harga Lelang,, Total,
27/10/2023 13:30:06,SAY12F,155/K-RL/2023,,Pemberian Kutipan Risalah Lelang,",",30/10/2023,Ditolak
27/10/2023 13:30:43,E2CZ6O,76/KPHL/2023,,Pemberian Kuitansi Pembayaran Harga Lelang,, Total,
27/10/2023 15:33:16,SAY12F,123/VPPH/2023,,Validasi PPh (1 bidang),,Valid Total,
29/10/2023 21:36:55,K19QQC,77/KPHL/2023,,Pemberian Kuitansi Pembayaran Harga Lelang,, Total,
30/10/2023 11:44:23,OT491M,124/VPPH/2023,,Validasi PPh (1 bidang),,Valid Total,
30/10/2023 12:55:11,DSIVMK,78/KPHL/2023,,Pemberian Kuitansi Pembayaran Harga Lelang,, Total,
30/10/2023 14:31:16,USGKSR,125/VPPH/2023,,Validasi PPh (1 bidang),,Valid Total,
31/10/2023 8:37:40,XLN3Q2,126/VPPH/2023,,Validasi PPh (1 bidang),,Valid Total,
31/10/2023 9:46:50,ONQS28,156/K-RL/2023,,Pemberian Kutipan Risalah Lelang,"1992/32/2023,",31/10/2023,Selesai
31/10/2023 10:17:43,URASL4,157/K-RL/2023,,Pemberian Kutipan Risalah Lelang,",,,,,,,,,,,,,,,,,,,,,,,,,,,,,,,,,,,,,,,,,,,,,,,,,,,,,,,,,,,,,,,",31/10/2023,Selesai
31/10/2023 11:07:29,PNQM2K,158/K-RL/2023,,Pemberian Kutipan Risalah Lelang,",",31/10/2023,Siap Diambil
31/10/2023 16:17:26,BAR4QG,127/VPPH/2023,,Validasi PPh (1 bidang),,Valid Total,
31/10/2023 16:26:47,EYNBMT,128/VPPH/2023,,Validasi PPh (1 bidang),,Valid Total,
31/10/2023 16:35:24,DKUWQI,129/VPPH/2023,,Validasi PPh (1 bidang),,Valid Total,
01/11/2023 10:17:19,4JLYQK,159/K-RL/2023,,Pemberian Kutipan Risalah Lelang,1158/32/2023,01/11/2023,Siap Diambil
01/11/2023 14:08:30,DBQZPK,160/K-RL/2023,,Pemberian Kutipan Risalah Lelang,1365/32/2023,02/11/2023,Siap Diambil
01/11/2023 15:06:25,LJZRUZ,79/KPHL/2023,,Pemberian Kuitansi Pembayaran Harga Lelang,, Total,
02/11/2023 8:06:02,218923,161/K-RL/2023,,Pemberian Kutipan Risalah Lelang,",,,,,,,,,,,,,,,,,,,,,,,,,,,,,,,,,,,,,,,,,,,,,,,,,,,,,,,,,,,,,,,",02/11/2023,Selesai
02/11/2023 10:38:17,ONQS28,130/VPPH/2023,,Validasi PPh (1 bidang),,Valid Total,
02/11/2023 15:08:40,4ONTZ5,80/KPHL/2023,,Pemberian Kuitansi Pembayaran Harga Lelang,, Total,
02/11/2023 15:36:05,X9GS1A,81/KPHL/2023,,Pemberian Kuitansi Pembayaran Harga Lelang,, Total,
03/11/2023 9:14:31,IOEF8J,82/KPHL/2023,,Pemberian Kuitansi Pembayaran Harga Lelang,, Total,
03/11/2023 12:17:40,R17GPJ,83/KPHL/2023,,Pemberian Kuitansi Pembayaran Harga Lelang,, Total,
03/11/2023 12:26:34,R17GPJ,162/K-RL/2023,,Pemberian Kutipan Risalah Lelang,2189/32/2023 lot 4,06/11/2023,Selesai
03/11/2023 13:22:55,PRENF3,163/K-RL/2023,,Pemberian Kutipan Risalah Lelang,2039/32/2023,06/11/2023,Selesai
04/11/2023 9:58:48,E2CZ6O,131/VPPH/2023,,Validasi PPh (1 bidang),,Valid Total,
06/11/2023 9:03:39,UGT5WX,164/K-RL/2023,,Pemberian Kutipan Risalah Lelang,2189/32/2023 lot 6,06/11/2023,Dalam Proses
06/11/2023 9:35:24,H5JCTJ,165/K-RL/2023,,Pemberian Kutipan Risalah Lelang,2189/32/2023 lot 8,06/11/2023,Dalam Proses
06/11/2023 11:00:01,K1OIHN,166/K-RL/2023,,Pemberian Kutipan Risalah Lelang,1689/32/2023,06/11/2023,Dalam Proses
06/11/2023 11:51:41,JTDGQ6,167/K-RL/2023,,Pemberian Kutipan Risalah Lelang,1632/32/2023,06/11/2023,Dalam Proses
06/11/2023 12:04:44,LXZQMY,132/VPPH/2023,,Validasi PPh (1 bidang),,Valid Total,
06/11/2023 13:30:02,E2CZ6O,168/K-RL/2023,,Pemberian Kutipan Risalah Lelang,2133/32/2023,07/11/2023,Selesai
06/11/2023 14:10:40,EIUYJM,84/KPHL/2023,,Pemberian Kuitansi Pembayaran Harga Lelang,, Total,
06/11/2023 14:17:23,LFJ9OX,85/KPHL/2023,,Pemberian Kuitansi Pembayaran Harga Lelang,, Total,
06/11/2023 14:20:16,R3WK4B,86/KPHL/2023,,Pemberian Kuitansi Pembayaran Harga Lelang,, Total,
06/11/2023 22:30:40,5HEDYC,133/VPPH/2023,,Validasi PPh (1 bidang),,Valid Total,
06/11/2023 23:12:25,0GAONH,87/KPHL/2023,,Pemberian Kuitansi Pembayaran Harga Lelang,, Total,
07/11/2023 10:57:27,8Q6GSK,134/VPPH/2023,,Validasi PPh (1 bidang),,Valid Total,
07/11/2023 11:37:12,PUZCLL,169/K-RL/2023,,Pemberian Kutipan Risalah Lelang,1969/32/2023,07/11/2023,Selesai
07/11/2023 13:32:27,1WSTIY,170/K-RL/2023,,Pemberian Kutipan Risalah Lelang,1804/32/2023,07/11/2023,Siap Diambil
07/11/2023 14:30:33,ZLTD9K,135/VPPH/2023,,Validasi PPh (1 bidang),,Valid Total,
07/11/2023 17:12:08,8Q6GSK,171/K-RL/2023,,Pemberian Kutipan Risalah Lelang,2092/32/2023,07/11/2023,Selesai
08/11/2023 8:32:13,N0U3GY,136/VPPH/2023,,Validasi PPh (1 bidang),,Valid Total,
08/11/2023 10:32:46,AAULGR,88/KPHL/2023,,Pemberian Kuitansi Pembayaran Harga Lelang,, Total,
08/11/2023 12:01:34,51XPTK,89/KPHL/2023,,Pemberian Kuitansi Pembayaran Harga Lelang,, Total,
08/11/2023 14:47:35,EUANFN,172/K-RL/2023,,Pemberian Kutipan Risalah Lelang,2182/32/2023,08/11/2023,Siap Diambil
08/11/2023 15:50:54,NOJSXC,137/VPPH/2023,,Validasi PPh (1 bidang),,Valid Total,
09/11/2023 7:52:05,5HEDYC,173/K-RL/2023,,Pemberian Kutipan Risalah Lelang,, Total,
09/11/2023 8:25:13,5HEDYC,174/K-RL/2023,,Pemberian Kutipan Risalah Lelang,1742/32/2023,08/11/2023,Selesai
09/11/2023 11:04:42,G8Z09Y,175/K-RL/2023,,Pemberian Kutipan Risalah Lelang,2148/32/2023,08/11/2023,Selesai
09/11/2023 12:40:52,UIKMTJ,90/KPHL/2023,,Pemberian Kuitansi Pembayaran Harga Lelang,, Total,
09/11/2023 13:56:43,G8Z09Y,138/VPPH/2023,,Validasi PPh (1 bidang),,Valid Total,
09/11/2023 16:21:46,NZ1VYQ,176/K-RL/2023,,Pemberian Kutipan Risalah Lelang,1665/32/2023,08/11/2023,Selesai
10/11/2023 7:53:32,ZAT6B7,177/K-RL/2023,,Pemberian Kutipan Risalah Lelang,, Total,
10/11/2023 8:16:27,ZAT6B7,139/VPPH/2023,,Validasi PPh (1 bidang),,Valid Total,
10/11/2023 8:22:08,7TBFIL,178/K-RL/2023,,Pemberian Kutipan Risalah Lelang,1421/32/2023,14/12/2023,Selesai
10/11/2023 10:54:33,XTER2H,140/VPPH/2023,,Validasi PPh (1 bidang),,Valid Total,
11/11/2023 10:49:46,XTER2H,179/K-RL/2023,,Pemberian Kutipan Risalah Lelang,2024/32/2023,13/11/2023,Selesai
12/11/2023 22:39:31,X5K60V,141/VPPH/2023,,Validasi PPh (1 bidang),,Valid Total,
13/11/2023 10:12:17,5HGAKT,91/KPHL/2023,,Pemberian Kuitansi Pembayaran Harga Lelang,, Total,
13/11/2023 11:02:15,OWAM7Y,142/VPPH/2023,,Validasi PPh (1 bidang),,Valid Total,
13/11/2023 11:18:07,OWAM7Y,180/K-RL/2023,,Pemberian Kutipan Risalah Lelang,2011/32/2023,13/11/2023,Siap Diambil
13/11/2023 14:49:00,AAKUME,92/KPHL/2023,,Pemberian Kuitansi Pembayaran Harga Lelang,, Total,
13/11/2023 23:27:11,X5K60V,143/VPPH/2023,,Validasi PPh (1 bidang),,Valid Total,
14/11/2023 10:33:41,X9GS1A,181/K-RL/2023,,Pemberian Kutipan Risalah Lelang,2214/32/2023,14/11/2023,Selesai
14/11/2023 11:43:36,RL1877,144/VPPH/2023,,Validasi PPh (1 bidang),,Valid Total,
14/11/2023 13:19:58,ZAT6B7,182/K-RL/2023,,Pemberian Kutipan Risalah Lelang,2083/32/2023 lot 1,14/11/2023,Siap Diambil
14/11/2023 14:57:43,198723,183/K-RL/2023,,Pemberian Kutipan Risalah Lelang,1987/32/2023,14/11/2023,Siap Diambil
14/11/2023 15:26:20,9RAWET,184/K-RL/2023,,Pemberian Kutipan Risalah Lelang,2235/32/2023,14/11/2023,Selesai
15/11/2023 9:32:38,4ONTZ5,145/VPPH/2023,,Validasi PPh (1 bidang),,Valid Total,
15/11/2023 10:05:13,NZ1VYQ,146/VPPH/2023,,Validasi PPh (1 bidang),,Valid Total,
15/11/2023 10:50:20,TAVKZB,185/K-RL/2023,,Pemberian Kutipan Risalah Lelang,2126/32/2023,15/11/2023,Selesai
16/11/2023 9:48:50,NFI5R1,93/KPHL/2023,,Pemberian Kuitansi Pembayaran Harga Lelang,, Total,
16/11/2023 9:59:13,9RAWET,147/VPPH/2023,,Validasi PPh (1 bidang),,Valid Total,
16/11/2023 11:20:32,VMPAIS,94/KPHL/2023,,Pemberian Kuitansi Pembayaran Harga Lelang,, Total,
16/11/2023 12:24:58,1SZB3Y,186/K-RL/2023,,Pemberian Kutipan Risalah Lelang,2343/32/2023,16/11/2023,Selesai
16/11/2023 16:22:55,LJZRUZ,187/K-RL/2023,,Pemberian Kutipan Risalah Lelang,1711/32/2023,16/11/2023,Selesai
16/11/2023 16:38:48,LJZRUZ,148/VPPH/2023,,Validasi PPh (1 bidang),,Valid Total,
16/11/2023 18:36:20,SQTJBT,149/VPPH/2023,,Validasi PPh (1 bidang),,Valid Total,
16/11/2023 18:47:26,UPEV9G,95/KPHL/2023,,Pemberian Kuitansi Pembayaran Harga Lelang,, Total,
16/11/2023 19:19:08,IQ50VV,150/VPPH/2023,,Validasi PPh (1 bidang),,Valid Total,
17/11/2023 9:57:18,5WSMIF,188/K-RL/2023,,Pemberian Kutipan Risalah Lelang,2348/32/2023,17/11/2023,Selesai
17/11/2023 13:53:51,3TDCKH,96/KPHL/2023,,Pemberian Kuitansi Pembayaran Harga Lelang,, Total,
19/11/2023 22:41:33,XNGBEW,97/KPHL/2023,,Pemberian Kuitansi Pembayaran Harga Lelang,, Total,
20/11/2023 8:53:29,MHBUJW,189/K-RL/2023,,Pemberian Kutipan Risalah Lelang,2189/32/2023, Total,
20/11/2023 9:38:02,168723,151/VPPH/2023,,Validasi PPh (1 bidang),,Tidak Valid,Jl puncak pesanggrahan I No 7 desa cinere kota depok
20/11/2023 9:43:29,51XPTK,190/K-RL/2023,,Pemberian Kutipan Risalah Lelang,2259/32/2023,20/11/2023,Selesai
20/11/2023 13:31:08,DUE6KM,191/K-RL/2023,,Pemberian Kutipan Risalah Lelang,, Total,
20/11/2023 14:00:23,AAKUME,192/K-RL/2023,,Pemberian Kutipan Risalah Lelang,, Total,
20/11/2023 15:15:44,AAKUME,193/K-RL/2023,,Pemberian Kutipan Risalah Lelang,2315/32/2023, Total,
20/11/2023 15:27:46,AAKUME,152/VPPH/2023,,Validasi PPh (1 bidang),,Valid Total,
21/11/2023 11:43:29,UQJYTR,153/VPPH/2023,,Validasi PPh (1 bidang),,Valid Total,
21/11/2023 13:38:25,GMRCBU,194/K-RL/2023,,Pemberian Kutipan Risalah Lelang,2303/32/2023,22/11/2023,Selesai
21/11/2023 14:46:54,51XPTK,154/VPPH/2023,,Validasi PPh (1 bidang),,Valid Total,
21/11/2023 15:02:11,S06PK8,98/KPHL/2023,,Pemberian Kuitansi Pembayaran Harga Lelang,, Total,
21/11/2023 15:06:15,S06PK8,195/K-RL/2023,,Pemberian Kutipan Risalah Lelang,2388/32/2023,22/11/2023,Selesai
21/11/2023 16:20:32,DUE6KM,196/K-RL/2023,,Pemberian Kutipan Risalah Lelang,2312/32/2023,22/11/2023,Selesai
22/11/2023 6:50:13,OBVQDY,197/K-RL/2023,,Pemberian Kutipan Risalah Lelang,2232/32/2023,22/11/2023,Selesai
22/11/2023 7:35:52,OBVQDY,155/VPPH/2023,,Validasi PPh (1 bidang),,Valid Total,
22/11/2023 9:53:13,GMRCBU,156/VPPH/2023,,Validasi PPh (1 bidang),,Valid Total,
22/11/2023 10:16:57,4EU9OV,198/K-RL/2023,,Pemberian Kutipan Risalah Lelang,2407/32/2023,22/11/2023,Siap Diambil
22/11/2023 10:55:30,TPJFT0,157/VPPH/2023,,Validasi PPh (1 bidang),,Valid Total,
22/11/2023 11:15:51,RYTFZT,99/KPHL/2023,,Pemberian Kuitansi Pembayaran Harga Lelang,, Total,
22/11/2023 12:13:58,A9WN0Z,100/KPHL/2023,,Pemberian Kuitansi Pembayaran Harga Lelang,, Total,
22/11/2023 12:15:44,A9WN0Z,199/K-RL/2023,,Pemberian Kutipan Risalah Lelang,2389/32/2023,22/11/2023,Siap Diambil
22/11/2023 15:24:35,MEBGNZ,101/KPHL/2023,,Pemberian Kuitansi Pembayaran Harga Lelang,, Total,
23/11/2023 10:51:30,cd8zvb,200/K-RL/2023,,Pemberian Kutipan Risalah Lelang,2342/32/2023,23/11/2023,Siap Diambil
23/11/2023 10:56:19,Z9MYHS,158/VPPH/2023,,Validasi PPh (1 bidang),,Valid Total,
23/11/2023 11:14:14,ZJSAQW,201/K-RL/2023,,Pemberian Kutipan Risalah Lelang,2348/32/2023 lot 1,23/11/2023,Selesai
23/11/2023 12:04:13,IGTSLT,202/K-RL/2023,,Pemberian Kutipan Risalah Lelang,2289/32/2023,23/11/2023,Selesai
23/11/2023 14:00:54,CM7RGT,203/K-RL/2023,,Pemberian Kutipan Risalah Lelang,, Total,
23/11/2023 16:10:05,181685,159/VPPH/2023,,Validasi PPh (1 bidang),,Valid Total,
23/11/2023 16:40:22,181678,160/VPPH/2023,,Validasi PPh (1 bidang),,Valid Total,
24/11/2023 9:35:49,A37JBX,102/KPHL/2023,,Pemberian Kuitansi Pembayaran Harga Lelang,, Total,
24/11/2023 11:10:27,VUGB9R,161/VPPH/2023,,Validasi PPh (1 bidang),,Tidak Valid,"Blok Komprang, Blok Selakopi, Blok Cikole, dan Blok Cengle Desa Langensari, Kecamatan Sukaraja, Kabupaten Sukabumi"
24/11/2023 11:17:53,3FWA6A,103/KPHL/2023,,Pemberian Kuitansi Pembayaran Harga Lelang,, Total,
24/11/2023 11:26:20,UHXUPW,104/KPHL/2023,,Pemberian Kuitansi Pembayaran Harga Lelang,, Total,
24/11/2023 13:34:16,176122,204/K-RL/2023,,Pemberian Kutipan Risalah Lelang,1761/32/2022,26/11/2023,Selesai
24/11/2023 13:39:44,189623,162/VPPH/2023,,Validasi PPh (1 bidang),,Valid Total,
24/11/2023 14:59:43,4ONTZ5,205/K-RL/2023,,Pemberian Kutipan Risalah Lelang,1479/32/2022,26/11/2023,Siap Diambil
26/11/2023 23:46:44,176122,206/K-RL/2023,,Pemberian Kutipan Risalah Lelang,, Total,
27/11/2023 9:09:59,UNRAYX,105/KPHL/2023,,Pemberian Kuitansi Pembayaran Harga Lelang,, Total,
27/11/2023 9:24:45,POKZN4,106/KPHL/2023,,Pemberian Kuitansi Pembayaran Harga Lelang,, Total,
27/11/2023 9:41:46,TAVK2B,207/K-RL/2023,,Pemberian Kutipan Risalah Lelang,, Total,
27/11/2023 9:42:59,9S3ZEI,208/K-RL/2023,,Pemberian Kutipan Risalah Lelang,2285/32/2023,27/11/2023,Selesai
27/11/2023 9:46:38,ZYAWP6,107/KPHL/2023,,Pemberian Kuitansi Pembayaran Harga Lelang,, Total,
27/11/2023 10:03:07,176122,163/VPPH/2023,,Validasi PPh (1 bidang),,Valid Total,
27/11/2023 10:36:38,5HGAKT,209/K-RL/2023,,Pemberian Kutipan Risalah Lelang,1580/32/2023,27/11/2023,Selesai
27/11/2023 11:38:16,KAC4Z7,210/K-RL/2023,,Pemberian Kutipan Risalah Lelang,2195/32/2023,27/11/2023,Selesai
27/11/2023 11:56:07,THVICJ,164/VPPH/2023,,Validasi PPh (1 bidang),,Valid Total,
27/11/2023 11:57:27,KAC4Z7,165/VPPH/2023,,Validasi PPh (1 bidang),,Valid Total,
27/11/2023 12:09:46,THVICJ,166/VPPH/2023,,Validasi PPh (1 bidang),,Valid Total,
27/11/2023 12:41:12,KAC4Z7,167/VPPH/2023,,Validasi PPh (1 bidang),,Valid Total,
27/11/2023 13:12:28,N9YNV1,108/KPHL/2023,,Pemberian Kuitansi Pembayaran Harga Lelang,, Total,
27/11/2023 13:25:48,DUI6Y3,109/KPHL/2023,,Pemberian Kuitansi Pembayaran Harga Lelang,, Total,
27/11/2023 14:24:00,KAC4Z7,168/VPPH/2023,,Validasi PPh (1 bidang),,Valid Total,
27/11/2023 16:31:16,194323,169/VPPH/2023,,Validasi PPh (1 bidang),,Valid Total,
27/11/2023 16:43:10,PUZCLL,170/VPPH/2023,,Validasi PPh (1 bidang),,Valid Total,
28/11/2023 10:46:04,NFI5R1,171/VPPH/2023,,Validasi PPh (1 bidang),,Valid Total,
28/11/2023 13:49:22,WGIXYM,110/KPHL/2023,,Pemberian Kuitansi Pembayaran Harga Lelang,, Total,
28/11/2023 15:53:11,S8J2WI,111/KPHL/2023,,Pemberian Kuitansi Pembayaran Harga Lelang,, Total,
28/11/2023 21:25:06,NFI5R1,211/K-RL/2023,,Pemberian Kutipan Risalah Lelang,2286/32/2023,29/11/2023,Selesai
29/11/2023 10:16:12,RYTFZT,212/K-RL/2023,,Pemberian Kutipan Risalah Lelang,2351/32/2023,29/11/2023,Selesai
29/11/2023 10:30:26,RYTFZT,172/VPPH/2023,,Validasi PPh (1 bidang),,Valid Total,
29/11/2023 11:41:32,TVU8BM,213/K-RL/2023,,Pemberian Kutipan Risalah Lelang,2411/32/2023,29/11/2023,Selesai
29/11/2023 21:27:41,1RLVT9,112/KPHL/2023,,Pemberian Kuitansi Pembayaran Harga Lelang,, Total,
30/11/2023 11:11:19,181685,214/K-RL/2023,,Pemberian Kutipan Risalah Lelang,1400/32/2022, Total,
30/11/2023 11:22:32,181678,215/K-RL/2023,,Pemberian Kutipan Risalah Lelang,1401/32/2022, Total,
30/11/2023 19:55:40,A37JBX,216/K-RL/2023,,Pemberian Kutipan Risalah Lelang,2424/32/2023,04/12/2023,Siap Diambil
01/12/2023 8:58:36,DUI6Y3,217/K-RL/2023,,Pemberian Kutipan Risalah Lelang,2189Lot2/32/2023,01/12/2023,Selesai
01/12/2023 8:59:40,8UILAO,113/KPHL/2023,,Pemberian Kuitansi Pembayaran Harga Lelang,, Total,
01/12/2023 9:26:33,IB43B5,218/K-RL/2023,,Pemberian Kutipan Risalah Lelang,, Total,
01/12/2023 10:10:25,ZXLIXK,173/VPPH/2023,,Validasi PPh (1 bidang),,Valid Total,
01/12/2023 10:49:44,K19QQC,219/K-RL/2023,,Pemberian Kutipan Risalah Lelang,2103/32/2023,04/12/2023,Siap Diambil
01/12/2023 12:30:27,R5TKGM,174/VPPH/2023,,Validasi PPh (1 bidang),,Valid Total,
01/12/2023 12:36:04,R5TKGM,220/K-RL/2023,,Pemberian Kutipan Risalah Lelang,2456/32/2023,04/12/2023,Selesai
01/12/2023 21:53:40,AM4DNN,175/VPPH/2023,,Validasi PPh (1 bidang),,Valid Total,
04/12/2023 9:02:35,8UILAO,221/K-RL/2023,,Pemberian Kutipan Risalah Lelang,2394/32/2023,04/12/2023,Siap Diambil
04/12/2023 9:07:04,XBWQGJ,222/K-RL/2023,,Pemberian Kutipan Risalah Lelang,2171/32/2023,04/12/2023,Siap Diambil
04/12/2023 9:49:35,122023,223/K-RL/2023,,Pemberian Kutipan Risalah Lelang,2555/32/2023, Total,
04/12/2023 11:08:42,5HGAKT,224/K-RL/2023,,Pemberian Kutipan Risalah Lelang,, Total,
04/12/2023 13:04:26,3FWA6A,225/K-RL/2023,,Pemberian Kutipan Risalah Lelang,2400/32/2023,04/12/2023,Siap Diambil
04/12/2023 13:51:50,3FWA6A,176/VPPH/2023,,Validasi PPh (1 bidang),,Valid Total,
04/12/2023 14:23:01,URBIPA,226/K-RL/2023,,Pemberian Kutipan Risalah Lelang,2008/32/2023,04/12/2023,Selesai
04/12/2023 14:32:53,WGIXYM,227/K-RL/2023,,Pemberian Kutipan Risalah Lelang,, Total,
04/12/2023 15:09:50,LX0TOS,114/KPHL/2023,,Pemberian Kuitansi Pembayaran Harga Lelang,, Total,
04/12/2023 17:01:29,RKCMZX,177/VPPH/2023,,Validasi PPh (1 bidang),,Valid Total,
04/12/2023 17:54:22,9S3ZEI,178/VPPH/2023,,Validasi PPh (1 bidang),, Total,
05/12/2023 8:10:04,LQYAG0,179/VPPH/2023,,Validasi PPh (1 bidang),,Valid Total,
05/12/2023 8:16:34,E3MDXS,115/KPHL/2023,,Pemberian Kuitansi Pembayaran Harga Lelang,, Total,
05/12/2023 8:47:07,DSIVMK,228/K-RL/2023,,Pemberian Kutipan Risalah Lelang,2116/32/2023,05/12/2023,Selesai
05/12/2023 9:24:31,DSIVMK,180/VPPH/2023,,Validasi PPh (1 bidang),,Valid Total,
05/12/2023 9:50:28,ACKMYT,229/K-RL/2023,,Pemberian Kutipan Risalah Lelang,1934/32/2023,05/12/2023,Siap Diambil
05/12/2023 10:02:48,MEBGNZ,181/VPPH/2023,,Validasi PPh (1 bidang),, Total,
05/12/2023 10:57:52,6QJADM,116/KPHL/2023,,Pemberian Kuitansi Pembayaran Harga Lelang,, Total,
05/12/2023 11:21:06,D81AUR,230/K-RL/2023,,Pemberian Kutipan Risalah Lelang,2281/32/2023,05/12/2023,Selesai
05/12/2023 11:22:08,MEBGNZ,231/K-RL/2023,,Pemberian Kutipan Risalah Lelang,2383/32/2023,05/12/2023,Selesai
05/12/2023 11:26:33,TG0HXP,232/K-RL/2023,,Pemberian Kutipan Risalah Lelang,2283/32/2023,05/12/2023,Selesai
05/12/2023 16:01:47,49PWlQ,233/K-RL/2023,,Pemberian Kutipan Risalah Lelang,2224/32/2023,05/12/2023,Siap Diambil
06/12/2023 9:33:23,9S3ZEI,182/VPPH/2023,,Validasi PPh (1 bidang),,Valid Total,
06/12/2023 10:13:55,UHXUPW,234/K-RL/2023,,Pemberian Kutipan Risalah Lelang,2454/32/2023,06/12/2023,Selesai
06/12/2023 11:17:33,A37JBX,183/VPPH/2023,,Validasi PPh (1 bidang),,Valid Total,
06/12/2023 11:25:53,A37JBX,184/VPPH/2023,,Validasi PPh (1 bidang),,Valid Total,
06/12/2023 14:07:35,XNGBEW,235/K-RL/2023,,Pemberian Kutipan Risalah Lelang,2311/32/2023,06/12/2023,Selesai
06/12/2023 14:22:00,0GAONH,236/K-RL/2023,,Pemberian Kutipan Risalah Lelang,2209/32/2023,06/12/2023,Selesai
06/12/2023 19:03:45,WEYJ0N,117/KPHL/2023,,Pemberian Kuitansi Pembayaran Harga Lelang,, Total,
07/12/2023 10:32:02,nse4q8,118/KPHL/2023,,Pemberian Kuitansi Pembayaran Harga Lelang,, Total,
07/12/2023 10:34:19,FNKL8G,119/KPHL/2023,,Pemberian Kuitansi Pembayaran Harga Lelang,, Total,
07/12/2023 11:06:36,TTNAWR,120/KPHL/2023,,Pemberian Kuitansi Pembayaran Harga Lelang,, Total,
07/12/2023 11:28:38,TLGZSP,121/KPHL/2023,,Pemberian Kuitansi Pembayaran Harga Lelang,, Total,
07/12/2023 11:32:29,nse4q8,237/K-RL/2023,,Pemberian Kutipan Risalah Lelang,2633/32/2023,06/12/2023,Selesai
07/12/2023 13:31:17,NFI5R1,238/K-RL/2023,,Pemberian Kutipan Risalah Lelang,2286/32/2023,29/11/2023,Ditolak
07/12/2023 13:45:59,RYV5TN,122/KPHL/2023,,Pemberian Kuitansi Pembayaran Harga Lelang,, Total,
07/12/2023 18:32:57,XMBOGL,123/KPHL/2023,,Pemberian Kuitansi Pembayaran Harga Lelang,, Total,
08/12/2023 8:07:53,3EN40Z,239/K-RL/2023,,Pemberian Kutipan Risalah Lelang,2009/32/2023,11/12/2023,Siap Diambil
08/12/2023 9:38:21,QH0XCS,240/K-RL/2023,,Pemberian Kutipan Risalah Lelang,2501/32/2023,11/12/2023,Selesai
08/12/2023 9:39:56,DGWO8E,124/KPHL/2023,,Pemberian Kuitansi Pembayaran Harga Lelang,, Total,
08/12/2023 10:03:40,1,125/KPHL/2023,,Pemberian Kuitansi Pembayaran Harga Lelang,, Total,
08/12/2023 14:31:44,N9YNV1,241/K-RL/2023,,Pemberian Kutipan Risalah Lelang,2376/32/2023,11/12/2023,Selesai
08/12/2023 15:00:24,QH0XCS,185/VPPH/2023,,Validasi PPh (1 bidang),,Valid Total,
09/12/2023 15:01:53,ronh6i,242/K-RL/2023,,Pemberian Kutipan Risalah Lelang,799/32/2023 lot 4,11/12/2023,Siap Diambil
11/12/2023 9:10:21,ONADUA,126/KPHL/2023,,Pemberian Kuitansi Pembayaran Harga Lelang,, Total,
11/12/2023 9:32:17,FNKL8G,243/K-RL/2023,,Pemberian Kutipan Risalah Lelang,2472/32/2023,11/12/2023,Siap Diambil
11/12/2023 10:20:52,A8XTC2,244/K-RL/2023,,Pemberian Kutipan Risalah Lelang,2550/32/2023,11/12/2023,Selesai
11/12/2023 10:30:32,NLDXRH,245/K-RL/2023,,Pemberian Kutipan Risalah Lelang,2437/32/2023,11/12/2023,Selesai
11/12/2023 11:07:22,A9WN0Z,246/K-RL/2023,,Pemberian Kutipan Risalah Lelang,2389/32/2023,11/12/2023,Ditolak
11/12/2023 11:12:08,AAULGR,247/K-RL/2023,,Pemberian Kutipan Risalah Lelang,2215/32/2023,11/12/2023,Siap Diambil
11/12/2023 11:19:03,AAULGR,186/VPPH/2023,,Validasi PPh (1 bidang),,Valid Total,
11/12/2023 14:58:06,ONADUA,248/K-RL/2023,,Pemberian Kutipan Risalah Lelang,2509/32/2023,11/12/2023,Selesai
11/12/2023 14:59:22,WEYJ0N,249/K-RL/2023,,Pemberian Kutipan Risalah Lelang,2560/32/2023,11/12/2023,Selesai
11/12/2023 15:17:50,WEYJ0N,187/VPPH/2023,,Validasi PPh (1 bidang),,Valid Total,
11/12/2023 21:18:02,GXQDN4,250/K-RL/2023,,Pemberian Kutipan Risalah Lelang,2496/32/2023,11/12/2023,Siap Diambil
11/12/2023 21:35:53,GXQDN4,188/VPPH/2023,,Validasi PPh (1 bidang),,Valid Total,
11/12/2023 22:20:02,GXQDN4,251/K-RL/2023,,Pemberian Kutipan Risalah Lelang,, Total,
11/12/2023 23:37:03,080794,252/K-RL/2023,,Pemberian Kutipan Risalah Lelang,2099/32/2023,12/12/2023,Selesai
12/12/2023 10:15:13,3TDCKH,253/K-RL/2023,,Pemberian Kutipan Risalah Lelang,, Total,
12/12/2023 10:21:11,DL2R5F,254/K-RL/2023,,Pemberian Kutipan Risalah Lelang,, Total,
12/12/2023 11:22:43,A8XTC2,189/VPPH/2023,,Validasi PPh (1 bidang),,Valid Total,
12/12/2023 21:12:59,411128,190/VPPH/2023,,Validasi PPh (1 bidang),, Total,
13/12/2023 7:15:02,JDA9LM,127/KPHL/2023,,Pemberian Kuitansi Pembayaran Harga Lelang,, Total,
13/12/2023 17:43:51,IMHU6B,128/KPHL/2023,,Pemberian Kuitansi Pembayaran Harga Lelang,sudah diambil tgl 22 agustus, Total,
13/12/2023 19:05:55,ZPBGE1,129/KPHL/2023,,Pemberian Kuitansi Pembayaran Harga Lelang,, Total,
13/12/2023 23:23:57,XMBOGL,255/K-RL/2023,,Pemberian Kutipan Risalah Lelang,2549/32/2023,14/12/2023,Selesai
14/12/2023 14:06:45,PZ2MIX,130/KPHL/2023,,Pemberian Kuitansi Pembayaran Harga Lelang,, Total,
14/12/2023 14:50:02,7TBFIL,256/K-RL/2023,,Pemberian Kutipan Risalah Lelang,1421/32/2023,14/12/2023,Ditolak
14/12/2023 18:31:45,XMBOGL,257/K-RL/2023,,Pemberian Kutipan Risalah Lelang,2549/32/2023,14/12/2023,Ditolak
15/12/2023 8:53:16,Y3TJIX,131/KPHL/2023,,Pemberian Kuitansi Pembayaran Harga Lelang,, Total,
15/12/2023 10:14:43,HOPF7L,132/KPHL/2023,,Pemberian Kuitansi Pembayaran Harga Lelang,, Total,
15/12/2023 11:07:43,BIROHE,258/K-RL/2023,,Pemberian Kutipan Risalah Lelang,2518/32/2023,18/12/2023,Siap Diambil
15/12/2023 11:17:08,BIROHE,259/K-RL/2023,,Pemberian Kutipan Risalah Lelang,, Total,
15/12/2023 11:52:30,ZPBGE1,260/K-RL/2023,,Pemberian Kutipan Risalah Lelang, 2682/32/2023,18/12/2023,Siap Diambil
15/12/2023 14:00:04,HW7CYX,133/KPHL/2023,,Pemberian Kuitansi Pembayaran Harga Lelang,, Total,
15/12/2023 14:00:56,BIROHE,191/VPPH/2023,,Validasi PPh (1 bidang),,Valid Total,
15/12/2023 14:36:28,0AZY2O,134/KPHL/2023,,Pemberian Kuitansi Pembayaran Harga Lelang,, Total,
15/12/2023 15:07:18,TVU8B6,192/VPPH/2023,,Validasi PPh (1 bidang),,Valid Total,
15/12/2023 15:29:51,2DF8QT,135/KPHL/2023,,Pemberian Kuitansi Pembayaran Harga Lelang,, Total,
15/12/2023 15:35:09,YG34HT,261/K-RL/2023,,Pemberian Kutipan Risalah Lelang,2046/32/2023,18/12/2023,Siap Diambil
16/12/2023 10:16:22,VFTXZL,136/KPHL/2023,,Pemberian Kuitansi Pembayaran Harga Lelang,, Total,
17/12/2023 10:39:40,CZNH5M,137/KPHL/2023,,Pemberian Kuitansi Pembayaran Harga Lelang,, Total,
18/12/2023 10:07:02,JI9W50,138/KPHL/2023,,Pemberian Kuitansi Pembayaran Harga Lelang,, Total,
18/12/2023 10:11:07,PAS2WO,262/K-RL/2023,,Pemberian Kutipan Risalah Lelang,2044/32/2023,18/12/2023,Siap Diambil
18/12/2023 10:17:47,PAS2WO,193/VPPH/2023,,Validasi PPh (1 bidang),, Total,
18/12/2023 16:10:47,JDZ1WO,139/KPHL/2023,,Pemberian Kuitansi Pembayaran Harga Lelang,, Total,
18/12/2023 17:55:41,TaYSXS,140/KPHL/2023,,Pemberian Kuitansi Pembayaran Harga Lelang,, Total,
19/12/2023 7:41:08,0CD4GL,141/KPHL/2023,,Pemberian Kuitansi Pembayaran Harga Lelang,, Total,
19/12/2023 12:18:47,TTNAWR,194/VPPH/2023,,Validasi PPh (1 bidang),, Total,
19/12/2023 12:27:01,TTNAWR,263/K-RL/2023,,Pemberian Kutipan Risalah Lelang,2573/32/2023,19/12/2023,Selesai
19/12/2023 12:28:14,OQW4TS,142/KPHL/2023,,Pemberian Kuitansi Pembayaran Harga Lelang,, Total,
19/12/2023 15:42:09,LQGS4X,143/KPHL/2023,,Pemberian Kuitansi Pembayaran Harga Lelang,, Total,
19/12/2023 16:54:44,LQGS4X,144/KPHL/2023,,Pemberian Kuitansi Pembayaran Harga Lelang,, Total,
19/12/2023 19:30:07,HJRXEN,195/VPPH/2023,,Validasi PPh (1 bidang),, Total,
20/12/2023 10:12:29,3TDCKH,264/K-RL/2023,,Pemberian Kutipan Risalah Lelang,2384/32/2023,20/12/2023,Siap Diambil
20/12/2023 11:38:41,7LUJNR,145/KPHL/2023,,Pemberian Kuitansi Pembayaran Harga Lelang,, Total,
20/12/2023 13:21:46,JDA9LM,265/K-RL/2023,,Pemberian Kutipan Risalah Lelang,2672/32/2023,20/12/2023,Siap Diambil
20/12/2023 14:46:07,T4YSXS,146/KPHL/2023,,Pemberian Kuitansi Pembayaran Harga Lelang,, Total,
20/12/2023 15:03:30,NXKDIV,147/KPHL/2023,,Pemberian Kuitansi Pembayaran Harga Lelang,, Total,
20/12/2023 15:33:10,JDA9LM,196/VPPH/2023,,Validasi PPh (1 bidang),, Total,
20/12/2023 19:48:06,LQGS4X,266/K-RL/2023,,Pemberian Kutipan Risalah Lelang,, Total,
21/12/2023 9:38:06,UI7S12,197/VPPH/2023,,Validasi PPh (1 bidang),, Total,
21/12/2023 10:20:52,O5QNMV,148/KPHL/2023,,Pemberian Kuitansi Pembayaran Harga Lelang,, Total,
21/12/2023 10:41:52,HW7CYX,198/VPPH/2023,,Validasi PPh (1 bidang),, Total,
21/12/2023 11:04:13,IGTSLT,199/VPPH/2023,,Validasi PPh (1 bidang),, Total,
21/12/2023 11:54:43,UHXUPW,200/VPPH/2023,,Validasi PPh (1 bidang),, Total,
21/12/2023 14:49:12,KDYBXL,149/KPHL/2023,,Pemberian Kuitansi Pembayaran Harga Lelang,, Total,
21/12/2023 14:55:36,F6N0WA,267/K-RL/2023,,Pemberian Kutipan Risalah Lelang,2632/32/2023,22/12/2023,Siap Diambil
22/12/2023 7:01:34,CONF7E,150/KPHL/2023,,Pemberian Kuitansi Pembayaran Harga Lelang,, Total,
22/12/2023 7:42:54,IYT0QW,151/KPHL/2023,,Pemberian Kuitansi Pembayaran Harga Lelang,, Total,
22/12/2023 8:24:19,Y3TJIX,268/K-RL/2023,,Pemberian Kutipan Risalah Lelang,2686/32/2023,22/12/2023,Siap Diambil
22/12/2023 10:10:31,0AZY2O,269/K-RL/2023,,Pemberian Kutipan Risalah Lelang,2743/32/2023,22/12/2023,Selesai
22/12/2023 10:23:09,0AZY2O,201/VPPH/2023,,Validasi PPh (1 bidang),, Total,
22/12/2023 13:41:49,QHOEIF,202/VPPH/2023,,Validasi PPh (1 bidang),, Total,
22/12/2023 15:17:34,GUC4NP,270/K-RL/2023,,Pemberian Kutipan Risalah Lelang,2623/32/2023, Total,
22/12/2023 15:28:54,GUC4NP,203/VPPH/2023,,Validasi PPh (1 bidang),, Total,
22/12/2023 15:59:09,CZNH5M,204/VPPH/2023,,Validasi PPh (1 bidang),, Total,
22/12/2023 16:34:50,CZNH5M,205/VPPH/2023,,Validasi PPh (1 bidang),, Total,
22/12/2023 23:09:12,CZNH5M,271/K-RL/2023,,Pemberian Kutipan Risalah Lelang,2712/32/2023,03/01/2024,Selesai
22/12/2023 23:12:57,LQGS4X,272/K-RL/2023,,Pemberian Kutipan Risalah Lelang,#NAME?, Total,
23/12/2023 6:17:01,LQGS4X,273/K-RL/2023,,Pemberian Kutipan Risalah Lelang,, Total,
24/12/2023 18:36:55,YO19EZ,274/K-RL/2023,,Pemberian Kutipan Risalah Lelang,1498/32/2023,03/01/2024,Siap Diambil
27/12/2023 10:59:05,JIP0X9,152/KPHL/2023,,Pemberian Kuitansi Pembayaran Harga Lelang,, Total,
27/12/2023 14:20:46,NXKDIV,275/K-RL/2023,,Pemberian Kutipan Risalah Lelang,2792/32/2023,28/12/2023,Selesai
27/12/2023 14:35:33,9EZ3FA,153/KPHL/2023,,Pemberian Kuitansi Pembayaran Harga Lelang,, Total,
27/12/2023 15:02:58,LQATMV,154/KPHL/2023,,Pemberian Kuitansi Pembayaran Harga Lelang,, Total,
27/12/2023 16:01:38,LQGS4X,276/K-RL/2023,,Pemberian Kutipan Risalah Lelang,2796/32/2023,28/12/2023,Selesai
27/12/2023 16:39:42,S8J2WI,277/K-RL/2023,,Pemberian Kutipan Risalah Lelang,2488/32/2023,03/01/2024,Selesai
28/12/2023 8:13:39,R4BJVB,155/KPHL/2023,,Pemberian Kuitansi Pembayaran Harga Lelang,, Total,
28/12/2023 8:26:42,R4BJVB,278/K-RL/2023,,Pemberian Kutipan Risalah Lelang,2322/32/2023 lot 1,03/01/2024,Siap Diambil
28/12/2023 8:43:02,OQW4TS,279/K-RL/2023,,Pemberian Kutipan Risalah Lelang,2690, Total,
28/12/2023 14:02:21,6QJADM,156/KPHL/2023,,Pemberian Kuitansi Pembayaran Harga Lelang,, Total,
28/12/2023 15:25:11,S8J2WI,206/VPPH/2023,,Validasi PPh (1 bidang),, Total,
28/12/2023 18:18:12,OQW4TS,207/VPPH/2023,,Validasi PPh (1 bidang),, Total,
28/12/2023 23:51:25,LQGS4X,208/VPPH/2023,,Validasi PPh (1 bidang),, Total,
29/12/2023 9:42:28,2DF8QT,280/K-RL/2023,,Pemberian Kutipan Risalah Lelang,2757/32/2023,03/01/2024,Selesai
29/12/2023 13:12:50,PE9ZCR,157/KPHL/2023,,Pemberian Kuitansi Pembayaran Harga Lelang,, Total,
29/12/2023 18:57:42,7LUJNR,209/VPPH/2023,,Validasi PPh (1 bidang),, Total,
01/01/2024 18:35:46,7C6RUI,210/VPPH/2023,,Validasi PPh (1 bidang),, Total,
02/01/2024 9:44:40,D9FLSY,281/K-RL/2023,,Pemberian Kutipan Risalah Lelang,2851/32/2023,03/01/2024,Siap Diambil
02/01/2024 11:03:55,TTNAWR,211/VPPH/2023,,Validasi PPh (1 bidang),, Total,
02/01/2024 21:18:21,7LUJNR,212/VPPH/2023,,Validasi PPh (1 bidang),, Total,
03/01/2024 9:42:00,07GPDT,282/K-RL/2023,,Pemberian Kutipan Risalah Lelang,2837, Total,
03/01/2024 9:55:25,D9FLSY,283/K-RL/2023,,Pemberian Kutipan Risalah Lelang,FALSE, Total,
03/01/2024 10:18:56,D9FLSY,213/VPPH/2023,,Validasi PPh (1 bidang),, Total,
03/01/2024 10:58:29,O4CSVT,284/K-RL/2023,,Pemberian Kutipan Risalah Lelang,2848/32/2023,03/01/2024,Selesai
03/01/2024 11:07:53,O4CSVT,214/VPPH/2023,,Validasi PPh (1 bidang),, Total,
03/01/2024 15:17:34,O5QNMV,285/K-RL/2023,,Pemberian Kutipan Risalah Lelang,2797/32/2023,03/01/2024,Selesai
03/01/2024 16:28:46,ZYAWP6,215/VPPH/2023,,Validasi PPh (1 bidang),, Total,
04/01/2024 13:53:45,7LUJNR,286/K-RL/2023,,Pemberian Kutipan Risalah Lelang,2807/32/2023,04/01/2024,Selesai
04/01/2024 14:00:49,ZYAWP6,287/K-RL/2023,,Pemberian Kutipan Risalah Lelang,2367/32/2023,04/01/2024,Selesai
05/01/2024 10:04:37,6QJADM,288/K-RL/2023,,Pemberian Kutipan Risalah Lelang,2511,05/01/2024,Selesai
05/01/2024 10:54:04,E3MDXS,289/K-RL/2023,,Pemberian Kutipan Risalah Lelang,2329,05/01/2024,Siap Diambil
05/01/2024 13:24:39,7PTBSF,216/VPPH/2023,,Validasi PPh (1 bidang),, Total,
08/01/2024 10:15:48,HOPF7L,1/K-RL/2024,,Pemberian Kutipan Risalah Lelang,2705,08/01/2024,Selesai
08/01/2024 10:38:49,HOPF7L,1/VPPH/2024,,Validasi PPh (1 bidang),, Total,
08/01/2024 11:34:29,NXKDIV,2/VPPH/2024,,Validasi PPh (1 bidang),, Total,
08/01/2024 11:39:41,0CD4GL,2/K-RL/2024,,Pemberian Kutipan Risalah Lelang,2713,08/01/2024,Selesai
09/01/2024 9:06:53,FY89AX,3/K-RL/2024,,Pemberian Kutipan Risalah Lelang,2782,09/10/2024,Selesai
10/01/2024 10:13:27,JDZ1WO,4/K-RL/2024,,Pemberian Kutipan Risalah Lelang,2723,10/01/2024,Selesai
10/01/2024 11:19:29,ZPBGE1,3/VPPH/2024,,Validasi PPh (1 bidang),, Total,
11/01/2024 14:34:41,RUKIBG,1/KPHL/2024,,Pemberian Kuitansi Pembayaran Harga Lelang,, Total,
11/01/2024 14:51:18,RUKIBG,5/K-RL/2024,,Pemberian Kutipan Risalah Lelang,16,11/01/2024,Siap Diambil
12/01/2024 11:09:20,JDZ1WO,4/VPPH/2024,,Validasi PPh (1 bidang),, Total,
12/01/2024 11:30:33,D9FLSY,5/VPPH/2024,,Validasi PPh (1 bidang),, Total,
12/01/2024 13:20:05,NBBWVW,6/K-RL/2024,,Pemberian Kutipan Risalah Lelang,2768,14/01/2024,Siap Diambil
12/01/2024 15:15:46,W9MD4J,6/VPPH/2024,,Validasi PPh (1 bidang),, Total,
12/01/2024 17:17:48,NBBWVW,7/VPPH/2024,,Validasi PPh (1 bidang),, Total,
12/01/2024 17:29:09,NBBWVW,8/VPPH/2024,,Validasi PPh (1 bidang),, Total,
15/01/2024 7:52:55,KOCZMV,2/KPHL/2024,,Pemberian Kuitansi Pembayaran Harga Lelang,, Total,
15/01/2024 9:05:59,KOCZMV,7/K-RL/2024,,Pemberian Kutipan Risalah Lelang,19,15/01/2024,Selesai
15/01/2024 9:21:34,PZ2MIX,8/K-RL/2024,,Pemberian Kutipan Risalah Lelang,2732,15/01/2024,Selesai
15/01/2024 11:32:33,KDYBXL,9/K-RL/2024,,Pemberian Kutipan Risalah Lelang,, Total,
15/01/2024 11:35:52,YWARIB,3/KPHL/2024,,Pemberian Kuitansi Pembayaran Harga Lelang,, Total,
16/01/2024 13:23:06,TG0HXP,9/VPPH/2024,,Validasi PPh (1 bidang),, Total,
16/01/2024 13:35:36,D81AUR,10/VPPH/2024,,Validasi PPh (1 bidang),, Total,
17/01/2024 9:46:05,7C6RUI,11/VPPH/2024,,Validasi PPh (1 bidang),, Total,
17/01/2024 16:31:30,IYT0QW,10/K-RL/2024,,Pemberian Kutipan Risalah Lelang,2766,17/01/2024,Selesai
18/01/2024 12:40:06,CXDPHB,11/K-RL/2024,,Pemberian Kutipan Risalah Lelang,2577,18/01/2024,Siap Diambil
18/01/2024 12:50:45,CXDPHB,12/VPPH/2024,,Validasi PPh (1 bidang),, Total,
18/01/2024 13:25:20,L0UACB,4/KPHL/2024,,Pemberian Kuitansi Pembayaran Harga Lelang,, Total,
18/01/2024 13:28:31,UGJWTN,5/KPHL/2024,,Pemberian Kuitansi Pembayaran Harga Lelang,, Total,
18/01/2024 15:17:15,RDLWNT,12/K-RL/2024,,Pemberian Kutipan Risalah Lelang,2280/32/2022,19/01/2024,Selesai
18/01/2024 16:34:26,ELWQGU,6/KPHL/2024,,Pemberian Kuitansi Pembayaran Harga Lelang,, Total,
18/01/2024 16:38:40,KHRLAN,7/KPHL/2024,,Pemberian Kuitansi Pembayaran Harga Lelang,, Total,
19/01/2024 10:48:58,X7HBBN,13/K-RL/2024,,Pemberian Kutipan Risalah Lelang,FALSE,19/01/2024,Selesai
19/01/2024 13:37:08,FY4WFT,14/K-RL/2024,,Pemberian Kutipan Risalah Lelang,2317,19/01/2024,Selesai
19/01/2024 13:42:03,DFBCVU,15/K-RL/2024,,Pemberian Kutipan Risalah Lelang,2328,19/01/2024,Selesai
19/01/2024 13:44:53,jdz1wo,16/K-RL/2024,,Pemberian Kutipan Risalah Lelang,, Total,
23/01/2024 12:46:33,9NBPWU,8/KPHL/2024,,Pemberian Kuitansi Pembayaran Harga Lelang,, Total,
23/01/2024 14:15:48,5X3INI,17/K-RL/2024,,Pemberian Kutipan Risalah Lelang,2849,23/01/2024,Selesai
24/01/2024 7:37:24,NDZ4VI,9/KPHL/2024,,Pemberian Kuitansi Pembayaran Harga Lelang,, Total,
24/01/2024 7:44:10,NDZ4VI,18/K-RL/2024,,Pemberian Kutipan Risalah Lelang,55,25/01/2024,Selesai
24/01/2024 8:58:39,E296FA,19/K-RL/2024,,Pemberian Kutipan Risalah Lelang,1826/32/2022,25/01/2024,Selesai
24/01/2024 9:25:38,E296FA,13/VPPH/2024,,Validasi PPh (1 bidang),, Total,
25/01/2024 10:10:04,O5QNMV,14/VPPH/2024,,Validasi PPh (1 bidang),, Total,
25/01/2024 11:42:03,5HEDYC,15/VPPH/2024,,Validasi PPh (1 bidang),, Total,
26/01/2024 8:27:57,FPRKZX,16/VPPH/2024,,Validasi PPh (1 bidang),, Total,
26/01/2024 9:02:12,DPMNY7,17/VPPH/2024,,Validasi PPh (1 bidang),, Total,
26/01/2024 9:30:39,WYARIB,20/K-RL/2024,,Pemberian Kutipan Risalah Lelang,56,30/01/2024,Selesai
26/01/2024 9:46:53,YWARIB,18/VPPH/2024,,Validasi PPh (1 bidang),, Total,
26/01/2024 10:51:41,EYUFP4,10/KPHL/2024,,Pemberian Kuitansi Pembayaran Harga Lelang,, Total,
26/01/2024 14:56:06,W7YGPH,11/KPHL/2024,,Pemberian Kuitansi Pembayaran Harga Lelang,, Total,
26/01/2024 14:59:47,J81KRL,12/KPHL/2024,,Pemberian Kuitansi Pembayaran Harga Lelang,, Total,
26/01/2024 16:48:09,RDLWNT,21/K-RL/2024,,Pemberian Kutipan Risalah Lelang,2280/32/2022, Total,
29/01/2024 12:02:04,-,19/VPPH/2024,,Validasi PPh (1 bidang),, Total,
29/01/2024 13:44:54,BHCYIR,13/KPHL/2024,,Pemberian Kuitansi Pembayaran Harga Lelang,, Total,
30/01/2024 12:00:12,EYUFP4,20/VPPH/2024,,Validasi PPh (1 bidang),, Total,
30/01/2024 12:09:25,ONADUA,21/VPPH/2024,,Validasi PPh (1 bidang),, Total,
31/01/2024 13:49:58,5KOIEW,14/KPHL/2024,,Pemberian Kuitansi Pembayaran Harga Lelang,, Total,
01/02/2024 13:15:22,VFTXZL,22/K-RL/2024,,Pemberian Kutipan Risalah Lelang,2698,01/02/2024,Siap Diambil
01/02/2024 20:38:14,AJCC1T,23/K-RL/2024,,Pemberian Kutipan Risalah Lelang,201, Total,
01/02/2024 20:43:13,1KOQJJ,24/K-RL/2024,,Pemberian Kutipan Risalah Lelang,201, Total,
02/02/2024 10:31:00,AJCC1T,22/VPPH/2024,,Validasi PPh (1 bidang),, Total,
02/02/2024 10:41:42,1KOQJJ,23/VPPH/2024,,Validasi PPh (1 bidang),, Total,
02/02/2024 10:44:22,RdlWNT,25/K-RL/2024,,Pemberian Kutipan Risalah Lelang,2280/32/2022, Total,
02/02/2024 11:20:02,RDLWNT,24/VPPH/2024,,Validasi PPh (1 bidang),, Total,
02/02/2024 15:26:26,EYUFP4,26/K-RL/2024,,Pemberian Kutipan Risalah Lelang,152/08.03/2024 - Lot 1,06/02/2024,Siap Diambil
05/02/2024 15:41:58,GXXYAW,25/VPPH/2024,,Validasi PPh (1 bidang),, Total,
06/02/2024 6:26:53,FNKL8G,26/VPPH/2024,,Validasi PPh (1 bidang),, Total,
06/02/2024 9:30:49,WDW2IS,27/VPPH/2024,,Validasi PPh (1 bidang),, Total,
06/02/2024 11:54:35,1A7940,28/VPPH/2024,,Validasi PPh (1 bidang),, Total,
07/02/2024 10:40:36,UASDEN,27/K-RL/2024,,Pemberian Kutipan Risalah Lelang,2767/08.03/2023 - Lot 1,20/02/2024,Siap Diambil
07/02/2024 10:52:05,UASDEN,29/VPPH/2024,,Validasi PPh (1 bidang),, Total,
07/02/2024 12:19:36,W06XZX,15/KPHL/2024,,Pemberian Kuitansi Pembayaran Harga Lelang,, Total,
07/02/2024 12:29:19,w7ygph,28/K-RL/2024,,Pemberian Kutipan Risalah Lelang,135/08.03/2024 - Lot 1,20/02/2024,Selesai
07/02/2024 12:55:57,W7YGPH,30/VPPH/2024,,Validasi PPh (1 bidang),, Total,
07/02/2024 13:04:11,W7YGPH,31/VPPH/2024,,Validasi PPh (1 bidang),, Total,
07/02/2024 13:11:25,W7YGPH,32/VPPH/2024,,Validasi PPh (1 bidang),, Total,
07/02/2024 13:15:44,W7YGPH,33/VPPH/2024,,Validasi PPh (1 bidang),, Total,
12/02/2024 10:51:49,5KOIEW,34/VPPH/2024,,Validasi PPh (1 bidang),, Total,
12/02/2024 13:44:37,ETSYRI,16/KPHL/2024,,Pemberian Kuitansi Pembayaran Harga Lelang,, Total,
12/02/2024 16:09:29,ZWCIQT,17/KPHL/2024,,Pemberian Kuitansi Pembayaran Harga Lelang,, Total,
12/02/2024 22:33:34,NDEFZG,18/KPHL/2024,,Pemberian Kuitansi Pembayaran Harga Lelang,, Total,
13/02/2024 8:17:27,3qect,19/KPHL/2024,,Pemberian Kuitansi Pembayaran Harga Lelang,, Total,
13/02/2024 8:32:37,Bsx57n,20/KPHL/2024,,Pemberian Kuitansi Pembayaran Harga Lelang,, Total,
13/02/2024 12:53:37,UDIWZR,29/K-RL/2024,,Pemberian Kutipan Risalah Lelang,288/08.03/2024 - Lot 1,19/02/2024,Selesai
13/02/2024 12:56:28,UDIWZR,21/KPHL/2024,,Pemberian Kuitansi Pembayaran Harga Lelang,, Total,
13/02/2024 14:21:41,3qecti,22/KPHL/2024,,Pemberian Kuitansi Pembayaran Harga Lelang,, Total,
13/02/2024 14:50:36,3qecti,35/VPPH/2024,,Validasi PPh (1 bidang),, Total,
13/02/2024 14:56:47,BSX57N,36/VPPH/2024,,Validasi PPh (1 bidang),, Total,
13/02/2024 15:12:32,7MH90,37/VPPH/2024,,Validasi PPh (1 bidang),, Total,
13/02/2024 16:18:52,BHCYIR,38/VPPH/2024,,Validasi PPh (1 bidang),, Total,
13/02/2024 17:23:36,GXXYAW,30/K-RL/2024,,Pemberian Kutipan Risalah Lelang,197/08.03/2024 - Lot 1,20/02/2024,Selesai
15/02/2024 10:30:57,FIGY6G,31/K-RL/2024,,Pemberian Kutipan Risalah Lelang,2581/08.03/2023 - Lot 1,20/02/2024,Selesai
15/02/2024 10:43:32,8YFQI3,32/K-RL/2024,,Pemberian Kutipan Risalah Lelang,2582/08.03/2023 - Lot 1,20/02/2024,Selesai
15/02/2024 15:48:00,ETSYRI,33/K-RL/2024,,Pemberian Kutipan Risalah Lelang,298/08.03/2024 - Lot 1,20/02/2024,Selesai
15/02/2024 16:37:20,JIP0X9,34/K-RL/2024,,Pemberian Kutipan Risalah Lelang,2833/08.03/2023 - Lot 1,20/02/2024,Selesai
16/02/2024 10:23:41,RLZVQ1,23/KPHL/2024,,Pemberian Kuitansi Pembayaran Harga Lelang,, Total,
16/02/2024 10:29:00,WU6BGY,35/K-RL/2024,,Pemberian Kutipan Risalah Lelang,FALSE,20/02/2024,Ditolak
19/02/2024 13:40:00,J81KRL,36/K-RL/2024,,Pemberian Kutipan Risalah Lelang,140/08.03/2024 - Lot 1,20/02/2024,Selesai
19/02/2024 14:05:27,J81KRL,39/VPPH/2024,,Validasi PPh (1 bidang),, Total,
19/02/2024 14:28:07,KDYBXL,37/K-RL/2024,,Pemberian Kutipan Risalah Lelang,2597/08.03/2023 - Lot 1,20/02/2024,Selesai
19/02/2024 15:16:22,EYEHYA,38/K-RL/2024,,Pemberian Kutipan Risalah Lelang,2344/08.03/2023 - Lot 1,20/02/2024,Selesai
19/02/2024 15:29:28,EYEHYA,40/VPPH/2024,,Validasi PPh (1 bidang),, Total,
19/02/2024 15:45:42,EYEHYA,41/VPPH/2024,,Validasi PPh (1 bidang),, Total,
19/02/2024 16:44:11,EYEHYA,42/VPPH/2024,,Validasi PPh (1 bidang),, Total,
19/02/2024 17:07:56,JIPOX9,43/VPPH/2024,,Validasi PPh (1 bidang),, Total,
20/02/2024 9:00:03,UDIWZR,44/VPPH/2024,,Validasi PPh (1 bidang),, Total,
20/02/2024 10:07:50,YADTLX,39/K-RL/2024,,Pemberian Kutipan Risalah Lelang,207/08.03/2024 - Lot 1,20/02/2024,Selesai
20/02/2024 10:22:10,YADTLX,45/VPPH/2024,,Validasi PPh (1 bidang),, Total,
20/02/2024 17:34:02,DGWO8E,40/K-RL/2024,,Pemberian Kutipan Risalah Lelang,2563/08.03/2023 - Lot 1,20/02/2024,Selesai
20/02/2024 18:17:11,P6TCLV,46/VPPH/2024,,Validasi PPh (1 bidang),, Total,
21/02/2024 10:50:59,C6ZG1N,41/K-RL/2024,,Pemberian Kutipan Risalah Lelang,250/08.03/2024 - Lot 1,22/02/2024,Selesai
21/02/2024 11:04:37,C6ZG1N,47/VPPH/2024,,Validasi PPh (1 bidang),, Total,
21/02/2024 16:36:45,YAM9C0,24/KPHL/2024,,Pemberian Kuitansi Pembayaran Harga Lelang,, Total,
21/02/2024 16:40:35,8043FT,25/KPHL/2024,,Pemberian Kuitansi Pembayaran Harga Lelang,, Total,
21/02/2024 18:48:13,NPYJKO,26/KPHL/2024,,Pemberian Kuitansi Pembayaran Harga Lelang,, Total,
22/02/2024 10:23:55,PIKRDO,27/KPHL/2024,,Pemberian Kuitansi Pembayaran Harga Lelang,, Total,
22/02/2024 18:06:14,DGWO8E,48/VPPH/2024,,Validasi PPh (1 bidang),, Total,
23/02/2024 12:58:46,BHCYIR,42/K-RL/2024,,Pemberian Kutipan Risalah Lelang,169/08.03/2024 - Lot 1,23/02/2024,Selesai
23/02/2024 13:05:23,KER2CN,28/KPHL/2024,,Pemberian Kuitansi Pembayaran Harga Lelang,, Total,
23/02/2024 13:29:56,KER2CN,43/K-RL/2024,,Pemberian Kutipan Risalah Lelang,373/08.03/2024 - Lot 1,23/02/2024,Siap Diambil
23/02/2024 16:40:28,NPYJKO,49/VPPH/2024,,Validasi PPh (1 bidang),, Total,
26/02/2024 15:04:57,L5V9ED,29/KPHL/2024,,Pemberian Kuitansi Pembayaran Harga Lelang,, Total,
26/02/2024 17:32:24,CB7PEU,50/VPPH/2024,,Validasi PPh (1 bidang),, Total,
27/02/2024 9:19:08,7PORCV,30/KPHL/2024,,Pemberian Kuitansi Pembayaran Harga Lelang,, Total,
27/02/2024 10:29:39,CB7PEU,51/VPPH/2024,,Validasi PPh (1 bidang),, Total,
27/02/2024 13:06:28,JQ0BK8,31/KPHL/2024,,Pemberian Kuitansi Pembayaran Harga Lelang,, Total,
27/02/2024 13:26:00,QVVWAP,32/KPHL/2024,,Pemberian Kuitansi Pembayaran Harga Lelang,, Total,
27/02/2024 14:38:52,QVVWAP,44/K-RL/2024,,Pemberian Kutipan Risalah Lelang,364/08.03/2024 - Lot 1,28/02/2024,Siap Diambil
27/02/2024 15:31:09,VFTXZL,52/VPPH/2024,,Validasi PPh (1 bidang),, Total,
27/02/2024 18:13:45,RDLWNT,53/VPPH/2024,,Validasi PPh (1 bidang),, Total,
28/02/2024 12:37:22,NDEFZG,45/K-RL/2024,,Pemberian Kutipan Risalah Lelang,269/08.03/2024 - Lot 1,28/02/2024,Selesai
28/02/2024 12:58:20,NDEFZG,54/VPPH/2024,,Validasi PPh (1 bidang),, Total,
28/02/2024 13:51:33,W06XZX,46/K-RL/2024,,Pemberian Kutipan Risalah Lelang,258/08.03/2024 - Lot 1,29/02/2024,Selesai
28/02/2024 14:39:54,Patx7l,33/KPHL/2024,,Pemberian Kuitansi Pembayaran Harga Lelang,, Total,
28/02/2024 19:43:34,NPYJKO,47/K-RL/2024,,Pemberian Kutipan Risalah Lelang,354/08.03/2024 - Lot 1,29/02/2024,Selesai
28/02/2024 20:06:45,W06XZX,55/VPPH/2024,,Validasi PPh (1 bidang),, Total,
29/02/2024 11:04:44,PATX71,48/K-RL/2024,,Pemberian Kutipan Risalah Lelang,386/08.03/2024 - Lot 1,29/02/2024,Selesai
29/02/2024 14:22:30,9EWKLG,34/KPHL/2024,,Pemberian Kuitansi Pembayaran Harga Lelang,, Total,
29/02/2024 14:32:11,5KOIEW,49/K-RL/2024,,Pemberian Kutipan Risalah Lelang,168/08.03/2024 - Lot 1,29/02/2024,Siap Diambil
29/02/2024 17:43:52,9EWKLG,50/K-RL/2024,,Pemberian Kutipan Risalah Lelang,411/08.03/2024 - Lot 1,01/03/2024,Selesai
01/03/2024 9:52:55,LPDOAW,51/K-RL/2024,,Pemberian Kutipan Risalah Lelang,, Total,
01/03/2024 10:08:16,LPDOAW,56/VPPH/2024,,Validasi PPh (1 bidang),, Total,
01/03/2024 10:12:35,LPDOAW,52/K-RL/2024,,Pemberian Kutipan Risalah Lelang,379/08.03/2024 - Lot 1,01/03/2024,Selesai
04/03/2024 8:49:50,YG68DD,35/KPHL/2024,,Pemberian Kuitansi Pembayaran Harga Lelang,, Total,
04/03/2024 8:59:14,YG68DD,53/K-RL/2024,,Pemberian Kutipan Risalah Lelang,412/08.03/2024 - Lot 1,04/03/2024,Siap Diambil
04/03/2024 9:03:05,YG68DD,54/K-RL/2024,,Pemberian Kutipan Risalah Lelang,, Total,
04/03/2024 11:15:36,P8RUHG,55/K-RL/2024,,Pemberian Kutipan Risalah Lelang,353/08.03/2024 - Lot 1,04/03/2024,Selesai
04/03/2024 13:35:21,8O43FT,56/K-RL/2024,,Pemberian Kutipan Risalah Lelang,285/08.03/2024 - Lot 2,04/03/2024,Siap Diambil
04/03/2024 13:38:36,YAM9CO,57/K-RL/2024,,Pemberian Kutipan Risalah Lelang,285/08.03/2024 - Lot 1,04/03/2024,Siap Diambil
04/03/2024 15:50:56,E2KUOS,58/K-RL/2024,,Pemberian Kutipan Risalah Lelang,FALSE,04/03/2024,Selesai
04/03/2024 16:59:02,1TXGWP,36/KPHL/2024,,Pemberian Kuitansi Pembayaran Harga Lelang,, Total,
05/03/2024 8:16:58,LPDOAW,59/K-RL/2024,,Pemberian Kutipan Risalah Lelang,, Total,
05/03/2024 13:13:22,VFTXZL,57/VPPH/2024,,Validasi PPh (1 bidang),, Total,
05/03/2024 13:17:05,ZFRNDO,37/KPHL/2024,,Pemberian Kuitansi Pembayaran Harga Lelang,, Total,
05/03/2024 15:34:15,Y0Z9QO,60/K-RL/2024,,Pemberian Kutipan Risalah Lelang,421/08.03/2024 - Lot 1,05/03/2024,Selesai
06/03/2024 8:10:14,T2F3Q7,38/KPHL/2024,,Pemberian Kuitansi Pembayaran Harga Lelang,, Total,
06/03/2024 8:13:24,G9QNYL,39/KPHL/2024,,Pemberian Kuitansi Pembayaran Harga Lelang,, Total,
06/03/2024 11:19:59,4O29YM,40/KPHL/2024,,Pemberian Kuitansi Pembayaran Harga Lelang,, Total,
06/03/2024 15:18:07,G6AINL,61/K-RL/2024,,Pemberian Kutipan Risalah Lelang,421/08.03/2024 - Lot 14,07/03/2024,Selesai
06/03/2024 16:14:37,P8RUHG,58/VPPH/2024,,Validasi PPh (1 bidang),, Total,
06/03/2024 18:45:44,MLQ2FW,41/KPHL/2024,,Pemberian Kuitansi Pembayaran Harga Lelang,, Total,
07/03/2024 9:22:11,WNOTES,42/KPHL/2024,,Pemberian Kuitansi Pembayaran Harga Lelang,, Total,
07/03/2024 9:57:08,SUZT7P,59/VPPH/2024,,Validasi PPh (1 bidang),, Total,
07/03/2024 10:12:55,Bsx57n,62/K-RL/2024,,Pemberian Kutipan Risalah Lelang,147/08.03/2024 - Lot 1,07/03/2024,Selesai
07/03/2024 10:48:27,KZLJIP,63/K-RL/2024,,Pemberian Kutipan Risalah Lelang,421/08.03/2024 - Lot 15,07/03/2024,Selesai
07/03/2024 11:00:29,3qect1,64/K-RL/2024,,Pemberian Kutipan Risalah Lelang,246/08.03/2024 - Lot 1,07/03/2024,Siap Diambil
07/03/2024 11:19:05,Bsx57n,60/VPPH/2024,,Validasi PPh (1 bidang),, Total,
07/03/2024 11:27:24,3qecti,61/VPPH/2024,,Validasi PPh (1 bidang),, Total,
08/03/2024 8:26:53,6HIOZF,65/K-RL/2024,,Pemberian Kutipan Risalah Lelang,421/08.03/2024 - Lot 11,14/03/2024,Selesai
08/03/2024 8:29:58,7PORCV,43/KPHL/2024,,Pemberian Kuitansi Pembayaran Harga Lelang,, Total,
08/03/2024 10:50:03,VD8XTN,66/K-RL/2024,,Pemberian Kutipan Risalah Lelang,412/08.03/2024 - Lot 2,14/03/2024,Selesai
08/03/2024 15:23:32,4029YM,67/K-RL/2024,,Pemberian Kutipan Risalah Lelang,421/08.03/2024 - Lot 23,14/03/2024,Siap Diambil
08/03/2024 18:47:07,BVK5QE,68/K-RL/2024,,Pemberian Kutipan Risalah Lelang,471/08.03/2024 - Lot 6,14/03/2024,Siap Diambil
13/03/2024 8:33:11,R5VB6Z,44/KPHL/2024,,Pemberian Kuitansi Pembayaran Harga Lelang,, Total,
13/03/2024 8:40:11,MU9GIB,45/KPHL/2024,,Pemberian Kuitansi Pembayaran Harga Lelang,, Total,
13/03/2024 8:49:21,R5VB6Z,69/K-RL/2024,,Pemberian Kutipan Risalah Lelang,471/08.03/2024 - Lot 1,14/03/2024,Siap Diambil
13/03/2024 8:52:30,SKHOMI,70/K-RL/2024,,Pemberian Kutipan Risalah Lelang,471/08.03/2024 - Lot 4,14/03/2024,Selesai
13/03/2024 8:53:07,MU9GIB,71/K-RL/2024,,Pemberian Kutipan Risalah Lelang,471/08.03/2024 - Lot 2,14/03/2024,Siap Diambil
13/03/2024 9:22:27,KW8IBF,46/KPHL/2024,,Pemberian Kuitansi Pembayaran Harga Lelang,, Total,
13/03/2024 9:25:28,KW8IBF,72/K-RL/2024,,Pemberian Kutipan Risalah Lelang,491/08.03/2024 - Lot 1,14/03/2024,Siap Diambil
13/03/2024 10:17:13,KZLJIP,73/K-RL/2024,,Pemberian Kutipan Risalah Lelang,421 Lot 15,14/03/2024,Ditolak
13/03/2024 10:24:40,ZRFNDO,47/KPHL/2024,,Pemberian Kuitansi Pembayaran Harga Lelang,, Total,
13/03/2024 10:28:55,4GOYT1,48/KPHL/2024,,Pemberian Kuitansi Pembayaran Harga Lelang,, Total,
13/03/2024 10:43:29,ZFRNDO,74/K-RL/2024,,Pemberian Kutipan Risalah Lelang,421/08.03/2024 - Lot 5,14/03/2024,Selesai
13/03/2024 10:53:49,XMOPBR,49/KPHL/2024,,Pemberian Kuitansi Pembayaran Harga Lelang,, Total,
13/03/2024 12:10:37,LS3DUJ,50/KPHL/2024,,Pemberian Kuitansi Pembayaran Harga Lelang,, Total,
13/03/2024 14:13:55,08SVCD,51/KPHL/2024,,Pemberian Kuitansi Pembayaran Harga Lelang,, Total,
14/03/2024 9:16:32,SJXIFZ,52/KPHL/2024,,Pemberian Kuitansi Pembayaran Harga Lelang,, Total,
14/03/2024 9:28:03,GLBAOP,75/K-RL/2024,,Pemberian Kutipan Risalah Lelang,404/08.03/2024 - Lot 1,14/03/2024,Selesai
14/03/2024 9:51:35,GLBAOP,62/VPPH/2024,,Validasi PPh (1 bidang),, Total,
14/03/2024 20:27:53,9C6ZKO,63/VPPH/2024,,Validasi PPh (1 bidang),, Total,
15/03/2024 8:29:08,EPTSAX,53/KPHL/2024,,Pemberian Kuitansi Pembayaran Harga Lelang,, Total,
15/03/2024 9:45:17,9C6ZKO,76/K-RL/2024,,Pemberian Kutipan Risalah Lelang,288/08.03/2024 - Lot 1,19/03/2024,Selesai
15/03/2024 11:12:44,RLZVQ1,64/VPPH/2024,,Validasi PPh (1 bidang),, Total,
15/03/2024 11:38:36,RLZVQ1,77/K-RL/2024,,Pemberian Kutipan Risalah Lelang,204/08.03/2024 - Lot 1,19/03/2024,Selesai
15/03/2024 11:45:19,9C6ZKO,78/K-RL/2024,,Pemberian Kutipan Risalah Lelang,, Total,
15/03/2024 11:55:30,4GOYT1,79/K-RL/2024,,Pemberian Kutipan Risalah Lelang,392/08.03/2024 - Lot 1,19/03/2024,Selesai
15/03/2024 14:36:12,URM7AG,54/KPHL/2024,,Pemberian Kuitansi Pembayaran Harga Lelang,, Total,
18/03/2024 6:50:51,JF59NH,55/KPHL/2024,,Pemberian Kuitansi Pembayaran Harga Lelang,, Total,
18/03/2024 11:32:57,ZGEYJF,56/KPHL/2024,,Pemberian Kuitansi Pembayaran Harga Lelang,, Total,
20/03/2024 8:32:36,R57SOG,80/K-RL/2024,,Pemberian Kutipan Risalah Lelang,421/08.03/2024 - Lot 21,21/03/2024,Selesai
20/03/2024 8:34:08,URM7AG,81/K-RL/2024,,Pemberian Kutipan Risalah Lelang,477/08.03/2024 - Lot 2,20/03/2024,Selesai
20/03/2024 8:39:28,GXDHPS,82/K-RL/2024,,Pemberian Kutipan Risalah Lelang,421/08.03/2024 - Lot 12,21/03/2024,Selesai
20/03/2024 8:49:13,GXDHPS,83/K-RL/2024,,Pemberian Kutipan Risalah Lelang,421 Lot 12,DOUBLE,Ditolak
20/03/2024 13:34:36,6ZDCTS,57/KPHL/2024,,Pemberian Kuitansi Pembayaran Harga Lelang,, Total,
20/03/2024 13:45:31,O8SVCD,84/K-RL/2024,,Pemberian Kutipan Risalah Lelang,420/08.03/2024 - Lot 1,21/03/2024,Siap Diambil
21/03/2024 10:17:52,WNOTES,85/K-RL/2024,,Pemberian Kutipan Risalah Lelang,433/08.03/2024 - Lot 1,22/03/2024,Selesai
21/03/2024 13:14:07,M5YSIF,86/K-RL/2024,,Pemberian Kutipan Risalah Lelang,400/08.03/2024 - Lot 1,22/03/2024,Selesai
21/03/2024 19:04:53,A0XSJF,58/KPHL/2024,,Pemberian Kuitansi Pembayaran Harga Lelang,, Total,
22/03/2024 9:15:17,TA9RTB,87/K-RL/2024,,Pemberian Kutipan Risalah Lelang,472/08.03/2024 - Lot 1,25/03/2024,Selesai
22/03/2024 9:39:12,4GOYT1,88/K-RL/2024,,Pemberian Kutipan Risalah Lelang,4GOYT1,DoUBLE,Ditolak
22/03/2024 9:54:07,4GOYT1,65/VPPH/2024,,Validasi PPh (1 bidang),, Total,
22/03/2024 11:04:06,TA9RTB,66/VPPH/2024,,Validasi PPh (1 bidang),, Total,
22/03/2024 14:10:42,YAM9CO,67/VPPH/2024,,Validasi PPh (1 bidang),, Total,
22/03/2024 14:17:44,8O43FT,68/VPPH/2024,,Validasi PPh (1 bidang),, Total,
22/03/2024 16:37:12,6DSERB,59/KPHL/2024,,Pemberian Kuitansi Pembayaran Harga Lelang,, Total,
23/03/2024 9:56:40,ZGEYJF,69/VPPH/2024,,Validasi PPh (1 bidang),, Total,
24/03/2024 5:46:15,VNJUPM,60/KPHL/2024,,Pemberian Kuitansi Pembayaran Harga Lelang,, Total,
25/03/2024 14:07:59,ZGEYJF,89/K-RL/2024,,Pemberian Kutipan Risalah Lelang,482/08.03/2024 - Lot 1,26/03/2024,Selesai
25/03/2024 14:58:53,XTLWCV,61/KPHL/2024,,Pemberian Kuitansi Pembayaran Harga Lelang,, Total,
25/03/2024 15:12:42,XTLWGY,90/K-RL/2024,,Pemberian Kutipan Risalah Lelang,539/08.03/2024 - Lot 1,25/03/2024,Selesai
26/03/2024 4:15:44,TMMQYK,62/KPHL/2024,,Pemberian Kuitansi Pembayaran Harga Lelang,, Total,
26/03/2024 8:40:06,SU8KXJ,63/KPHL/2024,,Pemberian Kuitansi Pembayaran Harga Lelang,, Total,
26/03/2024 9:39:42,NZOJPM,91/K-RL/2024,,Pemberian Kutipan Risalah Lelang,94/08.03/2024 - Lot 1,26/03/2024,Siap Diambil
26/03/2024 14:34:19,Y5WH8O,64/KPHL/2024,,Pemberian Kuitansi Pembayaran Harga Lelang,, Total,
26/03/2024 17:58:07,9Y2GEP,92/K-RL/2024,,Pemberian Kutipan Risalah Lelang,522/08.03/2024 - Lot 1,01/04/2024,Selesai
26/03/2024 18:06:54,9Y2GEP,70/VPPH/2024,,Validasi PPh (1 bidang),, Total,
27/03/2024 12:31:44,ADXA0Y,65/KPHL/2024,,Pemberian Kuitansi Pembayaran Harga Lelang,, Total,
27/03/2024 13:41:41,2XYNT9,66/KPHL/2024,,Pemberian Kuitansi Pembayaran Harga Lelang,, Total,
27/03/2024 14:14:19,2XYNT9,94/K-RL/2024,,Pemberian Kutipan Risalah Lelang,602/08.03/2024 - Lot 1,01/04/2024,Siap Diambil
27/03/2024 14:19:40,6127CR,95/K-RL/2024,,Pemberian Kutipan Risalah Lelang,603/08.03/2024 - Lot 1,01/04/2024,Siap Diambil
28/03/2024 5:15:43,AOXSJF,71/VPPH/2024,,Validasi PPh (1 bidang),, Total,
28/03/2024 9:42:40,ADXA0Y,96/K-RL/2024,,Pemberian Kutipan Risalah Lelang,539/08.03/2024 - Lot 2,01/04/2024,Selesai
28/03/2024 9:59:36,7PORCV,97/K-RL/2024,,Pemberian Kutipan Risalah Lelang,376/08.03/2024 - Lot 1,01/04/2024,Siap Diambil
28/03/2024 10:14:43,G9PHHS,67/KPHL/2024,,Pemberian Kuitansi Pembayaran Harga Lelang,, Total,
28/03/2024 12:16:43,G9PHHS,98/K-RL/2024,,Pemberian Kutipan Risalah Lelang,612/08.03/2024 - Lot 2,01/04/2024,Selesai
28/03/2024 12:20:38,ORNZ12,99/K-RL/2024,,Pemberian Kutipan Risalah Lelang,517/08.03/2024 - Lot 1,01/04/2024,Selesai
28/03/2024 12:24:03,HLPAKA,72/VPPH/2024,,Validasi PPh (1 bidang),, Total,
28/03/2024 12:39:08,E2KUOS,73/VPPH/2024,,Validasi PPh (1 bidang),, Total,
28/03/2024 13:19:38,HDLOCK,100/K-RL/2024,,Pemberian Kutipan Risalah Lelang,226/08.03/2024 - Lot 1,01/04/2024,Selesai
28/03/2024 14:09:04,0QHE5G,68/KPHL/2024,,Pemberian Kuitansi Pembayaran Harga Lelang,, Total,
28/03/2024 15:06:58,MSGD4B,69/KPHL/2024,,Pemberian Kuitansi Pembayaran Harga Lelang,, Total,
28/03/2024 15:11:20,5HLGQW,74/VPPH/2024,,Validasi PPh (1 bidang),, Total,
01/04/2024 9:30:21,ADXA0Y,101/K-RL/2024,,Pemberian Kutipan Risalah Lelang,ADXA0Y,DOUBLE,Ditolak
01/04/2024 10:02:13,XQWWJT,102/K-RL/2024,,Pemberian Kutipan Risalah Lelang,598/08.03/2024 - Lot 1,01/04/2024,Siap Diambil
01/04/2024 10:15:10,XQWWJT,75/VPPH/2024,,Validasi PPh (1 bidang),, Total,
01/04/2024 10:30:48,N9AMZW,70/KPHL/2024,,Pemberian Kuitansi Pembayaran Harga Lelang,, Total,
01/04/2024 11:49:49,HDLOCK,76/VPPH/2024,,Validasi PPh (1 bidang),, Total,
01/04/2024 11:52:05,T1PNWK,71/KPHL/2024,,Pemberian Kuitansi Pembayaran Harga Lelang,, Total,
01/04/2024 12:25:50,WNOTES,77/VPPH/2024,,Validasi PPh (1 bidang),, Total,
01/04/2024 15:04:22,JQGDIH,72/KPHL/2024,,Pemberian Kuitansi Pembayaran Harga Lelang,, Total,
02/04/2024 9:35:08,4QZLS7,78/VPPH/2024,,Validasi PPh (1 bidang),, Total,
02/04/2024 9:45:46,BUPIQD,73/KPHL/2024,,Pemberian Kuitansi Pembayaran Harga Lelang,, Total,
02/04/2024 11:16:15,ECRUGH,74/KPHL/2024,,Pemberian Kuitansi Pembayaran Harga Lelang,, Total,
02/04/2024 13:07:20,A0XSJF,103/K-RL/2024,,Pemberian Kutipan Risalah Lelang,542/08.03/2024 - Lot 1,02/04/2024,Siap Diambil
03/04/2024 11:16:37,E0NSUD,75/KPHL/2024,,Pemberian Kuitansi Pembayaran Harga Lelang,, Total,
03/04/2024 11:23:28,AOIPRL,76/KPHL/2024,,Pemberian Kuitansi Pembayaran Harga Lelang,, Total,
03/04/2024 11:47:15,AOIPRL,104/K-RL/2024,,Pemberian Kutipan Risalah Lelang,607/08.03/2024 - Lot 1,03/04/2024,Siap Diambil
03/04/2024 14:35:04,Q95DBU,105/K-RL/2024,,Pemberian Kutipan Risalah Lelang,FALSE,03/04/2024,Selesai
04/04/2024 15:12:02,3RH0TC,79/VPPH/2024,,Validasi PPh (1 bidang),, Total,
16/04/2024 9:05:30,XMBOGL,80/VPPH/2024,,Validasi PPh (1 bidang),, Total,
16/04/2024 11:42:33,7EXMNT,77/KPHL/2024,,Pemberian Kuitansi Pembayaran Harga Lelang,, Total,
16/04/2024 13:03:35,HSEOXG,78/KPHL/2024,,Pemberian Kuitansi Pembayaran Harga Lelang,, Total,
16/04/2024 13:46:08,252219,106/K-RL/2024,,Pemberian Kutipan Risalah Lelang,2522/32/2019,18/04/2024,Selesai
16/04/2024 14:04:45,RLZVQ1,107/K-RL/2024,,Pemberian Kutipan Risalah Lelang,RLZVQ1,DOUBLE,Ditolak
17/04/2024 11:03:09,VG6RNM,108/K-RL/2024,,Pemberian Kutipan Risalah Lelang,148/08.03/2024 - Lot 1,18/04/2024,Siap Diambil
17/04/2024 11:26:47,VG6RNM,81/VPPH/2024,,Validasi PPh (1 bidang),, Total,
17/04/2024 11:34:40,VG6RNM,109/K-RL/2024,,Pemberian Kutipan Risalah Lelang,VG6RNM,DOUBLE,Ditolak
17/04/2024 12:46:49,O1JXBB,79/KPHL/2024,,Pemberian Kuitansi Pembayaran Harga Lelang,, Total,
18/04/2024 9:32:25,BOSTZN,80/KPHL/2024,,Pemberian Kuitansi Pembayaran Harga Lelang,, Total,
18/04/2024 10:42:48,BOSTZN,110/K-RL/2024,,Pemberian Kutipan Risalah Lelang,BOSTZN,"Ditolak, tidak ada BPHTB",Ditolak
19/04/2024 9:24:26,TPWHAX,82/VPPH/2024,,Validasi PPh (1 bidang),, Total,
19/04/2024 15:02:15,SD2KU4,83/VPPH/2024,,Validasi PPh (1 bidang),, Total,
22/04/2024 10:54:04,TMMQYK,111/K-RL/2024,,Pemberian Kutipan Risalah Lelang,553/08.03/2024 - Lot 1,23/04/2024,Selesai
22/04/2024 11:17:21,TMMQYK,84/VPPH/2024,,Validasi PPh (1 bidang),, Total,
22/04/2024 11:18:13,TPWHAX,112/K-RL/2024,,Pemberian Kutipan Risalah Lelang,661/08.03/2024 - Lot 1,23/04/2024,Siap Diambil
22/04/2024 11:59:15,MYZ9MP,81/KPHL/2024,,Pemberian Kuitansi Pembayaran Harga Lelang,, Total,
22/04/2024 16:09:36,VD0CLH,113/K-RL/2024,,Pemberian Kutipan Risalah Lelang,721/08.03/2024 - Lot 1,23/04/2024,Selesai
22/04/2024 16:52:29,9NBPWU,114/K-RL/2024,,Pemberian Kutipan Risalah Lelang,9NBPWU,"Ditolak, tidak ada BPHTB",Ditolak
23/04/2024 8:30:56,TA9RTB,115/K-RL/2024,,Pemberian Kutipan Risalah Lelang,TA9RTB,DOUBLE 87,Ditolak
23/04/2024 10:54:42,2870,85/VPPH/2024,,Validasi PPh (1 bidang),, Total,
23/04/2024 11:19:04,R6489J,82/KPHL/2024,,Pemberian Kuitansi Pembayaran Harga Lelang,, Total,
23/04/2024 11:34:02,9NBPWU,86/VPPH/2024,,Validasi PPh (1 bidang),, Total,
23/04/2024 12:24:34,VD0CLH,87/VPPH/2024,,Validasi PPh (1 bidang),, Total,
24/04/2024 9:15:53,VGX2KG,83/KPHL/2024,,Pemberian Kuitansi Pembayaran Harga Lelang,, Total,
24/04/2024 10:13:00,FLI7JD,84/KPHL/2024,,Pemberian Kuitansi Pembayaran Harga Lelang,, Total,
24/04/2024 10:45:22,HG7BUG,116/K-RL/2024,,Pemberian Kutipan Risalah Lelang,711/08.03/2024 - Lot 1,24/04/2024,Selesai
24/04/2024 10:57:21,0,117/K-RL/2024,,Pemberian Kutipan Risalah Lelang,Y5WH8O,Tidak diajukan oleh pembeli atau kuasanya,Ditolak
24/04/2024 11:00:13,HG7BUG,88/VPPH/2024,,Validasi PPh (1 bidang),, Total,
24/04/2024 11:05:15,7EXMNT,85/KPHL/2024,,Pemberian Kuitansi Pembayaran Harga Lelang,, Total,
24/04/2024 11:33:15,T4YSXS,118/K-RL/2024,,Pemberian Kutipan Risalah Lelang,2715/08.03/2023 - Lot 1,24/04/2024,Siap Diambil
24/04/2024 13:04:48,M5YSIF,89/VPPH/2024,,Validasi PPh (1 bidang),, Total,
25/04/2024 7:35:07,5YABOF,90/VPPH/2024,,Validasi PPh (1 bidang),, Total,
25/04/2024 11:01:15,9NBPWU,119/K-RL/2024,,Pemberian Kutipan Risalah Lelang,60/08.03/2024 - Lot 1,25/04/2024,Selesai
25/04/2024 13:00:31,1TXGWP,91/VPPH/2024,,Validasi PPh (1 bidang),, Total,
26/04/2024 8:58:26,MYZ9MP,120/K-RL/2024,,Pemberian Kutipan Risalah Lelang,MYZ9MP, Total,
26/04/2024 9:26:35,IEOAV7,92/VPPH/2024,,Validasi PPh (1 bidang),, Total,
26/04/2024 9:42:35,MYZ9MP,93/VPPH/2024,,Validasi PPh (1 bidang),, Total,
26/04/2024 9:49:23,Myz9mp,94/VPPH/2024,,Validasi PPh (1 bidang),, Total,
26/04/2024 10:27:30,MYZ9MP,95/VPPH/2024,,Validasi PPh (1 bidang),, Total,
26/04/2024 10:31:12,QRPCOL,86/KPHL/2024,,Pemberian Kuitansi Pembayaran Harga Lelang,, Total,
26/04/2024 10:35:31,MA2S8W,87/KPHL/2024,,Pemberian Kuitansi Pembayaran Harga Lelang,, Total,
26/04/2024 10:43:33,QRPCOL,121/K-RL/2024,,Pemberian Kutipan Risalah Lelang,785/08.03/2024 - Lot 5,29/04/2024,Selesai
26/04/2024 10:46:26,MA2S8W,122/K-RL/2024,,Pemberian Kutipan Risalah Lelang,785/08.03/2024 - Lot 8,29/04/2024,Selesai
26/04/2024 10:57:14,2HLMF5,88/KPHL/2024,,Pemberian Kuitansi Pembayaran Harga Lelang,, Total,
26/04/2024 11:34:40,XP6JZE,96/VPPH/2024,,Validasi PPh (1 bidang),, Total,
26/04/2024 12:52:58,2HLMF5,123/K-RL/2024,,Pemberian Kutipan Risalah Lelang,785/08.03/2024 - Lot 1,29/04/2024,Selesai
26/04/2024 14:58:43,3QBFNA,124/K-RL/2024,,Pemberian Kutipan Risalah Lelang,408/08.03/2024 - Lot 1,29/04/2024,Selesai
26/04/2024 16:38:23,3QBFNA,97/VPPH/2024,,Validasi PPh (1 bidang),, Total,
26/04/2024 17:07:27,XRUB0W,89/KPHL/2024,,Pemberian Kuitansi Pembayaran Harga Lelang,, Total,
26/04/2024 19:37:12,KHVJHS,90/KPHL/2024,,Pemberian Kuitansi Pembayaran Harga Lelang,, Total,
27/04/2024 14:04:52,COFAWG,98/VPPH/2024,,Validasi PPh (1 bidang),, Total,
27/04/2024 16:01:43,COFAWG,99/VPPH/2024,,Validasi PPh (1 bidang),, Total,
27/04/2024 16:01:52,COFAWG,125/K-RL/2024,,Pemberian Kutipan Risalah Lelang,698/08.03/2024 - Lot 1,29/04/2024,Selesai
29/04/2024 10:56:08,BUPIQD,126/K-RL/2024,,Pemberian Kutipan Risalah Lelang,593/08.03/2024 - Lot 1,30/04/2024,Selesai
29/04/2024 11:02:39,BUPIQD,100/VPPH/2024,,Validasi PPh (1 bidang),, Total,
29/04/2024 14:17:11,N9AMZW,127/K-RL/2024,,Pemberian Kutipan Risalah Lelang,630/08.03/2024 - Lot 1,30/04/2024,Siap Diambil
29/04/2024 14:26:18,N9AMZW,101/VPPH/2024,,Validasi PPh (1 bidang),, Total,
29/04/2024 14:28:41,148032,102/VPPH/2024,,Validasi PPh (1 bidang),, Total,
29/04/2024 15:08:27,BYEG3G,128/K-RL/2024,,Pemberian Kutipan Risalah Lelang,740/08.03/2024 - Lot 2,29/04/2024,Selesai
29/04/2024 15:15:24,BYEG3G,103/VPPH/2024,,Validasi PPh (1 bidang),, Total,
29/04/2024 16:36:01,XDLOG7 Total,,,,,,
29/04/2024 16:43:56,XDLOG7 Total,,,,,,
30/04/2024 9:18:42,BOSTZN,130/K-RL/2024,,Pemberian Kutipan Risalah Lelang,719/08.03/2024 - Lot 1,30/04/2024,Selesai
30/04/2024 9:40:20,BOSTZN,131/K-RL/2024,,Pemberian Kutipan Risalah Lelang,, Total,
30/04/2024 10:07:18,FPSJ7G,91/KPHL/2024,,Pemberian Kuitansi Pembayaran Harga Lelang,, Total,
30/04/2024 10:30:38,FPSJ7G,132/K-RL/2024,,Pemberian Kutipan Risalah Lelang,, Total,
30/04/2024 11:07:19,SRK3Z9,133/K-RL/2024,,Pemberian Kutipan Risalah Lelang,, Total,
30/04/2024 11:18:34,SRK3Z9,105/VPPH/2024,,Validasi PPh (1 bidang),, Total,
30/04/2024 12:04:43,VGX2KG,134/K-RL/2024,,Pemberian Kutipan Risalah Lelang,, Total,
30/04/2024 18:26:29,QEGBFX,92/KPHL/2024,,Pemberian Kuitansi Pembayaran Harga Lelang,, Total,
01/05/2024 5:06:34,MYZ9MP,135/K-RL/2024,,Pemberian Kutipan Risalah Lelang,, Total,
01/05/2024 5:33:29,MYZ9MP,106/VPPH/2024,,Validasi PPh (1 bidang),, Total,
01/05/2024 6:53:58,JQGDIH,107/VPPH/2024,,Validasi PPh (1 bidang),, Total,
01/05/2024 6:57:39,JQGDIH,136/K-RL/2024,,Pemberian Kutipan Risalah Lelang,, Total,
02/05/2024 0:31:52,VNJUPM,137/K-RL/2024,,Pemberian Kutipan Risalah Lelang,, Total,
02/05/2024 0:49:48,VNJUPM,108/VPPH/2024,,Validasi PPh (1 bidang),, Total,
02/05/2024 7:55:38,SFEXAM,93/KPHL/2024,,Pemberian Kuitansi Pembayaran Harga Lelang,, Total,
02/05/2024 11:46:00,BOSTZN,138/K-RL/2024,,Pemberian Kutipan Risalah Lelang,, Total,
02/05/2024 14:56:38,PWAQRR,94/KPHL/2024,,Pemberian Kuitansi Pembayaran Harga Lelang,, Total,
03/05/2024 6:43:50,JF59NH,139/K-RL/2024,,Pemberian Kutipan Risalah Lelang,, Total,
03/05/2024 11:47:11,Q9MQXO,95/KPHL/2024,,Pemberian Kuitansi Pembayaran Harga Lelang,, Total,
03/05/2024 16:55:22,APQL1B,96/KPHL/2024,,Pemberian Kuitansi Pembayaran Harga Lelang,, Total,
04/05/2024 7:52:18,AKBITJ,140/K-RL/2024,,Pemberian Kutipan Risalah Lelang,, Total,
06/05/2024 16:09:10,5YABOF,109/VPPH/2024,,Validasi PPh (1 bidang),, Total,
06/05/2024 16:16:28,5YABOF,141/K-RL/2024,,Pemberian Kutipan Risalah Lelang,, Total,
06/05/2024 16:59:24,XP6JZE,110/VPPH/2024,,Validasi PPh (1 bidang),, Total,
06/05/2024 17:05:32,XP6JZE,142/K-RL/2024,,Pemberian Kutipan Risalah Lelang,, Total,
07/05/2024 11:26:53,8ELXRL,143/K-RL/2024,,Pemberian Kutipan Risalah Lelang,, Total,
07/05/2024 11:38:45,8ELXRL,111/VPPH/2024,,Validasi PPh (1 bidang),, Total,
07/05/2024 14:12:38,R3WK4B,144/K-RL/2024,,Pemberian Kutipan Risalah Lelang,, Total,
07/05/2024 14:21:03,LFJ9OX,145/K-RL/2024,,Pemberian Kutipan Risalah Lelang,, Total,
07/05/2024 14:30:21,EIUYJM,146/K-RL/2024,,Pemberian Kutipan Risalah Lelang,, Total,
07/05/2024 14:51:50,512TFW,97/KPHL/2024,,Pemberian Kuitansi Pembayaran Harga Lelang,, Total,
07/05/2024 15:10:33,3TYK1C,112/VPPH/2024,,Validasi PPh (1 bidang),, Total,
08/05/2024 8:55:20,-,113/VPPH/2024,,Validasi PPh (1 bidang),, Total,
08/05/2024 11:02:25,Q9MQXO,147/K-RL/2024,,Pemberian Kutipan Risalah Lelang,, Total,
08/05/2024 11:14:58,YFLMSK,98/KPHL/2024,,Pemberian Kuitansi Pembayaran Harga Lelang,, Total,
08/05/2024 11:18:45,V5TAIB,148/K-RL/2024,,Pemberian Kutipan Risalah Lelang,, Total,
08/05/2024 11:28:15,DZH8TE,149/K-RL/2024,,Pemberian Kutipan Risalah Lelang,, Total,
08/05/2024 11:31:12,Q9MQXO,114/VPPH/2024,,Validasi PPh (1 bidang),, Total,
08/05/2024 11:31:45,OZXGMW,150/K-RL/2024,,Pemberian Kutipan Risalah Lelang,, Total,
08/05/2024 12:32:55,V5TAIB,115/VPPH/2024,,Validasi PPh (1 bidang),, Total,
08/05/2024 12:40:47,DZH8TE,116/VPPH/2024,,Validasi PPh (1 bidang),, Total,
08/05/2024 12:50:04,OZXGMW,117/VPPH/2024,,Validasi PPh (1 bidang),, Total,
12/05/2024 15:35:06,BYEG3G,118/VPPH/2024,,Validasi PPh (1 bidang),, Total,
13/05/2024 10:04:46,PWAQRR,151/K-RL/2024,,Pemberian Kutipan Risalah Lelang,, Total,
13/05/2024 10:29:41,GFYHBN,152/K-RL/2024,,Pemberian Kutipan Risalah Lelang,, Total,
13/05/2024 11:46:54,ZWCIQT,153/K-RL/2024,,Pemberian Kutipan Risalah Lelang,, Total,
13/05/2024 11:50:52,GLAJE3,99/KPHL/2024,,Pemberian Kuitansi Pembayaran Harga Lelang,, Total,
13/05/2024 12:01:26,GLAJE3,154/K-RL/2024,,Pemberian Kutipan Risalah Lelang,, Total,
13/05/2024 13:24:36,OFVTCK,155/K-RL/2024,,Pemberian Kutipan Risalah Lelang,, Total,
14/05/2024 10:09:46,UJQVAY,100/KPHL/2024,,Pemberian Kuitansi Pembayaran Harga Lelang,, Total,
14/05/2024 12:19:37,A8HYDL,101/KPHL/2024,,Pemberian Kuitansi Pembayaran Harga Lelang,, Total,
14/05/2024 13:42:48,FGB986,157/K-RL/2024,,Pemberian Kutipan Risalah Lelang,, Total,
14/05/2024 13:43:38,FGB986,156/K-RL/2024,,Pemberian Kutipan Risalah Lelang,, Total,
14/05/2024 13:49:39,FGB986,158/K-RL/2024,,Pemberian Kutipan Risalah Lelang,, Total,
14/05/2024 13:54:03,FGB986,159/K-RL/2024,,Pemberian Kutipan Risalah Lelang,, Total,
14/05/2024 13:58:27,FGB986,160/K-RL/2024,,Pemberian Kutipan Risalah Lelang,, Total,
14/05/2024 14:02:32,FGB986,161/K-RL/2024,,Pemberian Kutipan Risalah Lelang,, Total,
14/05/2024 14:21:51,UWD1DU,162/K-RL/2024,,Pemberian Kutipan Risalah Lelang,, Total,
14/05/2024 14:37:26,2870,163/K-RL/2024,,Pemberian Kutipan Risalah Lelang,, Total,
14/05/2024 15:22:00,BFGJPM,102/KPHL/2024,,Pemberian Kuitansi Pembayaran Harga Lelang,, Total,
14/05/2024 15:39:19,BFGJPM,103/KPHL/2024,,Pemberian Kuitansi Pembayaran Harga Lelang,, Total,
14/05/2024 15:57:57,KMCSHK,104/KPHL/2024,,Pemberian Kuitansi Pembayaran Harga Lelang,, Total,
14/05/2024 16:52:22,VNK5SS,119/VPPH/2024,,Validasi PPh (1 bidang),, Total,
14/05/2024 18:16:35,AU2FSZ,120/VPPH/2024,,Validasi PPh (1 bidang),, Total,
15/05/2024 8:51:19,NPJWBX,164/K-RL/2024,,Pemberian Kutipan Risalah Lelang,, Total,
15/05/2024 9:30:55,O1JXBB,165/K-RL/2024,,Pemberian Kutipan Risalah Lelang,, Total,
15/05/2024 12:24:34,0QHE5G,121/VPPH/2024,,Validasi PPh (1 bidang),, Total,
15/05/2024 12:30:15,0QHE5G,166/K-RL/2024,,Pemberian Kutipan Risalah Lelang,, Total,
15/05/2024 14:27:26,APQL1B,167/K-RL/2024,,Pemberian Kutipan Risalah Lelang,, Total,
15/05/2024 15:14:20,APQL1B,122/VPPH/2024,,Validasi PPh (1 bidang),, Total,
15/05/2024 18:56:29,APQL1B,123/VPPH/2024,,Validasi PPh (1 bidang),, Total,
16/05/2024 8:27:43,SHGB,168/K-RL/2024,,Pemberian Kutipan Risalah Lelang,, Total,
16/05/2024 13:10:25,FRA6KJ,105/KPHL/2024,,Pemberian Kuitansi Pembayaran Harga Lelang,, Total,
16/05/2024 13:14:19,SPJWUS,106/KPHL/2024,,Pemberian Kuitansi Pembayaran Harga Lelang,, Total,
16/05/2024 13:20:57,O1JXBB,169/K-RL/2024,,Pemberian Kutipan Risalah Lelang,, Total,
17/05/2024 8:06:19,VNCD29,107/KPHL/2024,,Pemberian Kuitansi Pembayaran Harga Lelang,, Total,
17/05/2024 10:37:23,IEOAV7,170/K-RL/2024,,Pemberian Kutipan Risalah Lelang,, Total,
17/05/2024 10:51:37,MAPXHS,108/KPHL/2024,,Pemberian Kuitansi Pembayaran Harga Lelang,, Total,
17/05/2024 11:36:45,BUY6GF,171/K-RL/2024,,Pemberian Kutipan Risalah Lelang,, Total,
17/05/2024 11:48:42,BUY6GF,124/VPPH/2024,,Validasi PPh (1 bidang),, Total,
17/05/2024 13:31:21,KMCSHK,125/VPPH/2024,,Validasi PPh (1 bidang),, Total,
17/05/2024 13:47:55,49PWIQ,126/VPPH/2024,,Validasi PPh (1 bidang),, Total,
17/05/2024 15:09:36,40GZJN,172/K-RL/2024,,Pemberian Kutipan Risalah Lelang,, Total,
17/05/2024 16:15:01,OMBQER,173/K-RL/2024,,Pemberian Kutipan Risalah Lelang,, Total,
17/05/2024 16:25:18,OMBQER,127/VPPH/2024,,Validasi PPh (1 bidang),, Total,
18/05/2024 12:21:00,FGB986,128/VPPH/2024,,Validasi PPh (1 bidang),, Total,
18/05/2024 12:27:41,FGB986,129/VPPH/2024,,Validasi PPh (1 bidang),, Total,
18/05/2024 12:35:11,FGB986,130/VPPH/2024,,Validasi PPh (1 bidang),, Total,
18/05/2024 12:40:00,FGB986,131/VPPH/2024,,Validasi PPh (1 bidang),, Total,
18/05/2024 12:44:23,FGB986,132/VPPH/2024,,Validasi PPh (1 bidang),, Total,
20/05/2024 9:32:28,IEOAV7,174/K-RL/2024,,Pemberian Kutipan Risalah Lelang,, Total,
20/05/2024 12:14:28,AU2FSZ,175/K-RL/2024,,Pemberian Kutipan Risalah Lelang,, Total,
20/05/2024 13:13:58,H9ZRKI,109/KPHL/2024,,Pemberian Kuitansi Pembayaran Harga Lelang,, Total,
20/05/2024 14:37:10,F7TIHB,110/KPHL/2024,,Pemberian Kuitansi Pembayaran Harga Lelang,, Total,
20/05/2024 20:29:21,YFLMSK,176/K-RL/2024,,Pemberian Kutipan Risalah Lelang,, Total,
20/05/2024 21:19:12,YFLMSK,133/VPPH/2024,,Validasi PPh (1 bidang),, Total,
21/05/2024 13:22:30,KXVLOU,111/KPHL/2024,,Pemberian Kuitansi Pembayaran Harga Lelang,, Total,
21/05/2024 14:59:35,H9ZRKI,112/KPHL/2024,,Pemberian Kuitansi Pembayaran Harga Lelang,, Total,
22/05/2024 8:34:17,MF8LQ2,113/KPHL/2024,,Pemberian Kuitansi Pembayaran Harga Lelang,, Total,
22/05/2024 8:40:08,Gfar87,114/KPHL/2024,,Pemberian Kuitansi Pembayaran Harga Lelang,, Total,
22/05/2024 8:40:26,VKXV3B,115/KPHL/2024,,Pemberian Kuitansi Pembayaran Harga Lelang,, Total,
22/05/2024 8:42:24,Sk9tw3,116/KPHL/2024,,Pemberian Kuitansi Pembayaran Harga Lelang,, Total,
22/05/2024 8:55:07,PZOLH1,117/KPHL/2024,,Pemberian Kuitansi Pembayaran Harga Lelang,, Total,
22/05/2024 9:35:51,512TFW,177/K-RL/2024,,Pemberian Kutipan Risalah Lelang,, Total,
22/05/2024 9:41:09,512TFW,178/K-RL/2024,,Pemberian Kutipan Risalah Lelang,, Total,
22/05/2024 10:57:19,W4FQS0,118/KPHL/2024,,Pemberian Kuitansi Pembayaran Harga Lelang,, Total,
22/05/2024 14:44:49,6WJT01,119/KPHL/2024,,Pemberian Kuitansi Pembayaran Harga Lelang,, Total,
22/05/2024 16:13:35,6WJT01,179/K-RL/2024,,Pemberian Kutipan Risalah Lelang,, Total,
26/05/2024 20:08:34,9W7TZO,180/K-RL/2024,,Pemberian Kutipan Risalah Lelang,, Total,
27/05/2024 9:49:01,IEOAV7,181/K-RL/2024,,Pemberian Kutipan Risalah Lelang,, Total,
27/05/2024 10:10:45,IEOAV7,182/K-RL/2024,,Pemberian Kutipan Risalah Lelang,, Total,
27/05/2024 10:13:18,PWAQRR,135/VPPH/2024,,Validasi PPh (1 bidang),, Total,
27/05/2024 10:41:34,IG9QBZ,120/KPHL/2024,,Pemberian Kuitansi Pembayaran Harga Lelang,, Total,
27/05/2024 14:55:27,9W7TZO,136/VPPH/2024,,Validasi PPh (1 bidang),, Total,
27/05/2024 14:56:34,9W7TZO,134/VPPH/2024,,Validasi PPh (1 bidang),, Total,
27/05/2024 15:11:01,9W7TZ0,183/K-RL/2024,,Pemberian Kutipan Risalah Lelang,, Total,
27/05/2024 15:12:47,E5YBV1,121/KPHL/2024,,Pemberian Kuitansi Pembayaran Harga Lelang,, Total,
27/05/2024 15:28:45,IOGRYX,122/KPHL/2024,,Pemberian Kuitansi Pembayaran Harga Lelang,, Total,
28/05/2024 8:16:11,FGARQM,123/KPHL/2024,,Pemberian Kuitansi Pembayaran Harga Lelang,, Total,
28/05/2024 13:19:13,W4FQS0,185/K-RL/2024,,Pemberian Kutipan Risalah Lelang,, Total,
28/05/2024 14:23:05,WAFQS0,137/VPPH/2024,,Validasi PPh (1 bidang),, Total,
28/05/2024 19:02:57,CLOUQK,138/VPPH/2024,,Validasi PPh (1 bidang),, Total,
29/05/2024 9:25:26,CLOUQK,184/K-RL/2024,,Pemberian Kutipan Risalah Lelang,, Total,
29/05/2024 9:38:46,ROYGFE,124/KPHL/2024,,Pemberian Kuitansi Pembayaran Harga Lelang,, Total,
29/05/2024 9:44:32,CLOUQK,186/K-RL/2024,,Pemberian Kutipan Risalah Lelang,, Total,
29/05/2024 9:57:21,ROYGFE,187/K-RL/2024,,Pemberian Kutipan Risalah Lelang,, Total,
29/05/2024 12:34:29,6DSERB,188/K-RL/2024,,Pemberian Kutipan Risalah Lelang,, Total,
29/05/2024 12:45:28,6DSERB,139/VPPH/2024,,Validasi PPh (1 bidang),, Total,
29/05/2024 12:56:21,R6489J,189/K-RL/2024,,Pemberian Kutipan Risalah Lelang,, Total,
29/05/2024 13:05:53,R6489J,140/VPPH/2024,,Validasi PPh (1 bidang),, Total,
29/05/2024 13:08:27,AWB5HZ,125/KPHL/2024,,Pemberian Kuitansi Pembayaran Harga Lelang,, Total,
29/05/2024 13:33:44,I0DTKL,126/KPHL/2024,,Pemberian Kuitansi Pembayaran Harga Lelang,, Total,
29/05/2024 14:24:35,KMCSHK,190/K-RL/2024,,Pemberian Kutipan Risalah Lelang,, Total,
29/05/2024 14:37:16,K8PYV9,191/K-RL/2024,,Pemberian Kutipan Risalah Lelang,, Total,
29/05/2024 16:52:20,WPG8R2,127/KPHL/2024,,Pemberian Kuitansi Pembayaran Harga Lelang,, Total,
29/05/2024 16:55:59,4NEWVQ,128/KPHL/2024,,Pemberian Kuitansi Pembayaran Harga Lelang,, Total,
29/05/2024 16:59:03,2V8A14,129/KPHL/2024,,Pemberian Kuitansi Pembayaran Harga Lelang,, Total,
30/05/2024 6:00:32,7GWQRB,192/K-RL/2024,,Pemberian Kutipan Risalah Lelang,, Total,
30/05/2024 8:20:13,MF8LQ2,141/VPPH/2024,,Validasi PPh (1 bidang),, Total,
30/05/2024 8:28:59,VLXV3B,142/VPPH/2024,,Validasi PPh (1 bidang),, Total,
30/05/2024 8:33:12,9IWQOT,130/KPHL/2024,,Pemberian Kuitansi Pembayaran Harga Lelang,, Total,
30/05/2024 8:45:46,GFAR87,143/VPPH/2024,,Validasi PPh (1 bidang),, Total,
30/05/2024 8:54:32,SK9TW3,144/VPPH/2024,,Validasi PPh (1 bidang),, Total,
30/05/2024 11:46:15,6WBISK,131/KPHL/2024,,Pemberian Kuitansi Pembayaran Harga Lelang,, Total,
30/05/2024 11:53:47,E6Q572,132/KPHL/2024,,Pemberian Kuitansi Pembayaran Harga Lelang,, Total,
30/05/2024 11:58:52,6WBISK,193/K-RL/2024,,Pemberian Kutipan Risalah Lelang,, Total,
30/05/2024 12:00:59,E6Q572,133/KPHL/2024,,Pemberian Kuitansi Pembayaran Harga Lelang,, Total,
30/05/2024 12:22:32,8EGZ1V,134/KPHL/2024,,Pemberian Kuitansi Pembayaran Harga Lelang,, Total,
30/05/2024 12:25:51,OXGC9X,135/KPHL/2024,,Pemberian Kuitansi Pembayaran Harga Lelang,, Total,
30/05/2024 12:28:23,SLXPZ7,136/KPHL/2024,,Pemberian Kuitansi Pembayaran Harga Lelang,, Total,
30/05/2024 13:25:13,MF8LQ2,194/K-RL/2024,,Pemberian Kutipan Risalah Lelang,, Total,
30/05/2024 13:28:57,VKXV3B,195/K-RL/2024,,Pemberian Kutipan Risalah Lelang,, Total,
30/05/2024 13:32:53,GFAR87,196/K-RL/2024,,Pemberian Kutipan Risalah Lelang,, Total,
30/05/2024 13:36:31,SK9TW3,197/K-RL/2024,,Pemberian Kutipan Risalah Lelang,, Total,
30/05/2024 16:34:36,FGARQM,198/K-RL/2024,,Pemberian Kutipan Risalah Lelang,, Total,
31/05/2024 10:56:07,FNREHA,199/K-RL/2024,,Pemberian Kutipan Risalah Lelang,, Total,
31/05/2024 11:35:38,512TFW,145/VPPH/2024,,Validasi PPh (1 bidang),, Total,
31/05/2024 11:37:23,1LOGJA,137/KPHL/2024,,Pemberian Kuitansi Pembayaran Harga Lelang,, Total,
31/05/2024 14:02:40,F7TIHB,200/K-RL/2024,,Pemberian Kutipan Risalah Lelang,, Total,
01/06/2024 1:06:24,R2A4CY,138/KPHL/2024,,Pemberian Kuitansi Pembayaran Harga Lelang,, Total,
02/06/2024 5:13:53,G7LPOY,139/KPHL/2024,,Pemberian Kuitansi Pembayaran Harga Lelang,, Total,
03/06/2024 10:11:11,148021,146/VPPH/2024,,Validasi PPh (1 bidang),, Total,
03/06/2024 11:12:50,JT4ZLR,201/K-RL/2024,,Pemberian Kutipan Risalah Lelang,, Total,
03/06/2024 11:31:09,JT4ZLR,147/VPPH/2024,,Validasi PPh (1 bidang),, Total,
03/06/2024 14:19:11,GXFLDP,140/KPHL/2024,,Pemberian Kuitansi Pembayaran Harga Lelang,, Total,
04/06/2024 9:50:02,TPD8MK,202/K-RL/2024,,Pemberian Kutipan Risalah Lelang,, Total,
04/06/2024 14:27:49,1846,203/K-RL/2024,,Pemberian Kutipan Risalah Lelang,, Total,
04/06/2024 14:41:12,1846,204/K-RL/2024,,Pemberian Kutipan Risalah Lelang,, Total,
04/06/2024 15:14:57,TPD8MK,148/VPPH/2024,,Validasi PPh (1 bidang),, Total,
04/06/2024 16:28:46,LMT38O,205/K-RL/2024,,Pemberian Kutipan Risalah Lelang,, Total,
04/06/2024 19:42:01,KBYI4F,141/KPHL/2024,,Pemberian Kuitansi Pembayaran Harga Lelang,, Total,
05/06/2024 8:35:11,6NBWTG,206/K-RL/2024,,Pemberian Kutipan Risalah Lelang,, Total,
05/06/2024 10:00:44,INGJDP,142/KPHL/2024,,Pemberian Kuitansi Pembayaran Harga Lelang,, Total,
05/06/2024 10:05:47,INGJDP,207/K-RL/2024,,Pemberian Kutipan Risalah Lelang,, Total,
05/06/2024 10:18:32,HSEOXG,208/K-RL/2024,,Pemberian Kutipan Risalah Lelang,, Total,
05/06/2024 10:30:48,HSEOXG,149/VPPH/2024,,Validasi PPh (1 bidang),, Total,
05/06/2024 11:51:37,1,150/VPPH/2024,,Validasi PPh (1 bidang),, Total,
05/06/2024 12:03:29,1,209/K-RL/2024,,Pemberian Kutipan Risalah Lelang,, Total,
05/06/2024 12:07:02,PV7UNG,143/KPHL/2024,,Pemberian Kuitansi Pembayaran Harga Lelang,, Total,
05/06/2024 14:37:30,87E1JL,210/K-RL/2024,,Pemberian Kutipan Risalah Lelang,, Total,
05/06/2024 16:03:32,GC49EA,144/KPHL/2024,,Pemberian Kuitansi Pembayaran Harga Lelang,, Total,
06/06/2024 9:47:56,A6NF15,211/K-RL/2024,,Pemberian Kutipan Risalah Lelang,, Total,
06/06/2024 10:17:44,HQNOYA,212/K-RL/2024,,Pemberian Kutipan Risalah Lelang,, Total,
06/06/2024 10:30:49,QM3ZDC,213/K-RL/2024,,Pemberian Kutipan Risalah Lelang,, Total,
06/06/2024 10:38:34,7I4TSZ,214/K-RL/2024,,Pemberian Kutipan Risalah Lelang,, Total,
06/06/2024 13:19:15,H9ZRKI,215/K-RL/2024,,Pemberian Kutipan Risalah Lelang,, Total,
06/06/2024 19:36:50,HPH2JM,145/KPHL/2024,,Pemberian Kuitansi Pembayaran Harga Lelang,, Total,
06/06/2024 19:50:49,TNW08L,216/K-RL/2024,,Pemberian Kutipan Risalah Lelang,, Total,
07/06/2024 8:59:38,5MJ3BZ,217/K-RL/2024,,Pemberian Kutipan Risalah Lelang,, Total,
07/06/2024 10:50:30,TNW08L,151/VPPH/2024,,Validasi PPh (1 bidang),, Total,
07/06/2024 12:12:16,WXVLJS,218/K-RL/2024,,Pemberian Kutipan Risalah Lelang,, Total,
07/06/2024 13:23:04,TNW08L,219/K-RL/2024,,Pemberian Kutipan Risalah Lelang,, Total,
08/06/2024 12:12:39,UJQVAY,220/K-RL/2024,,Pemberian Kutipan Risalah Lelang,, Total,
09/06/2024 22:44:42,I0DTKL,221/K-RL/2024,,Pemberian Kutipan Risalah Lelang,, Total,
09/06/2024 23:01:09,I0DTKL,152/VPPH/2024,,Validasi PPh (1 bidang),, Total,
10/06/2024 9:59:57,NYHDUL,146/KPHL/2024,,Pemberian Kuitansi Pembayaran Harga Lelang,, Total,
10/06/2024 12:41:13,758596,153/VPPH/2024,,Validasi PPh (1 bidang),, Total,
10/06/2024 13:09:12,498157,154/VPPH/2024,,Validasi PPh (1 bidang),, Total,
10/06/2024 13:38:11,KBYI4F,222/K-RL/2024,,Pemberian Kutipan Risalah Lelang,, Total,
10/06/2024 13:50:31,KBYI4F,155/VPPH/2024,,Validasi PPh (1 bidang),, Total,
10/06/2024 13:55:27,G7LP0Y,223/K-RL/2024,,Pemberian Kutipan Risalah Lelang,, Total,
10/06/2024 20:01:43,TNW08L,156/VPPH/2024,,Validasi PPh (1 bidang),, Total,
11/06/2024 3:48:42,HV8VJF,224/K-RL/2024,,Pemberian Kutipan Risalah Lelang,, Total,
11/06/2024 4:12:22,HV8VJF,157/VPPH/2024,,Validasi PPh (1 bidang),, Total,
11/06/2024 9:01:00,5MJ3BZ,158/VPPH/2024,,Validasi PPh (1 bidang),, Total,
11/06/2024 9:45:52,9IWQOT,225/K-RL/2024,,Pemberian Kutipan Risalah Lelang,, Total,
11/06/2024 11:28:33,ZWCIQT,159/VPPH/2024,,Validasi PPh (1 bidang),, Total,
11/06/2024 13:57:09,G7LP0Y,226/K-RL/2024,,Pemberian Kutipan Risalah Lelang,, Total,
11/06/2024 14:40:41,UJQVAY,160/VPPH/2024,,Validasi PPh (1 bidang),, Total,
11/06/2024 15:26:53,NYHDUL,227/K-RL/2024,,Pemberian Kutipan Risalah Lelang,, Total,
12/06/2024 11:55:04,775073,161/VPPH/2024,,Validasi PPh (1 bidang),, Total,
12/06/2024 14:55:38,776718,162/VPPH/2024,,Validasi PPh (1 bidang),, Total,
13/06/2024 12:50:42,G64A8X,228/K-RL/2024,,Pemberian Kutipan Risalah Lelang,, Total,
13/06/2024 13:11:51,G64A8X,163/VPPH/2024,,Validasi PPh (1 bidang),, Total,
13/06/2024 13:50:35,WYFV47,147/KPHL/2024,,Pemberian Kuitansi Pembayaran Harga Lelang,, Total,
13/06/2024 20:49:35,PZOLH1,229/K-RL/2024,,Pemberian Kutipan Risalah Lelang,, Total,
14/06/2024 9:01:20,498157,230/K-RL/2024,,Pemberian Kutipan Risalah Lelang,, Total,
14/06/2024 9:29:10,758596,231/K-RL/2024,,Pemberian Kutipan Risalah Lelang,, Total,
19/06/2024 8:45:38,CTBK5Q,232/K-RL/2024,,Pemberian Kutipan Risalah Lelang,, Total,
19/06/2024 9:40:14,SG5J7E,233/K-RL/2024,,Pemberian Kutipan Risalah Lelang,, Total,
19/06/2024 11:54:34,GSKXOI,234/K-RL/2024,,Pemberian Kutipan Risalah Lelang,, Total,
19/06/2024 12:11:46,GSKXOI,164/VPPH/2024,,Validasi PPh (1 bidang),, Total,
19/06/2024 12:30:53,GSKXOI,235/K-RL/2024,,Pemberian Kutipan Risalah Lelang,, Total,
19/06/2024 12:36:47,LWKLEZ,236/K-RL/2024,,Pemberian Kutipan Risalah Lelang,, Total,
19/06/2024 12:43:16,GSKXOI,165/VPPH/2024,,Validasi PPh (1 bidang),, Total,
19/06/2024 12:49:33,ABCDEF,148/KPHL/2024,,Pemberian Kuitansi Pembayaran Harga Lelang,, Total,
19/06/2024 12:53:02,GSKXOI,166/VPPH/2024,,Validasi PPh (1 bidang),, Total,
19/06/2024 13:58:12,H9ZRKI,167/VPPH/2024,,Validasi PPh (1 bidang),, Total,
19/06/2024 14:32:20,AWB5HZ,237/K-RL/2024,,Pemberian Kutipan Risalah Lelang,, Total,
19/06/2024 14:50:24,35CYWT,238/K-RL/2024,,Pemberian Kutipan Risalah Lelang,, Total,
20/06/2024 6:30:34,UVEV9G,239/K-RL/2024,,Pemberian Kutipan Risalah Lelang,, Total,
20/06/2024 11:44:24,6NX0YD,149/KPHL/2024,,Pemberian Kuitansi Pembayaran Harga Lelang,, Total,
20/06/2024 16:18:17,2V8AI4,240/K-RL/2024,,Pemberian Kutipan Risalah Lelang,, Total,
21/06/2024 7:32:02,2V8AI4,168/VPPH/2024,,Validasi PPh (1 bidang),, Total,
21/06/2024 9:57:20,7kjsfo,150/KPHL/2024,,Pemberian Kuitansi Pembayaran Harga Lelang,, Total,
21/06/2024 10:15:50,L2AB9G,151/KPHL/2024,,Pemberian Kuitansi Pembayaran Harga Lelang,, Total,
21/06/2024 10:59:44,JCT0DB,152/KPHL/2024,,Pemberian Kuitansi Pembayaran Harga Lelang,, Total,
21/06/2024 14:52:19,0JRDUM,169/VPPH/2024,,Validasi PPh (1 bidang),, Total,
24/06/2024 9:13:56,0JMDUR,170/VPPH/2024,,Validasi PPh (1 bidang),, Total,
24/06/2024 9:20:08,UCUOAQ,153/KPHL/2024,,Pemberian Kuitansi Pembayaran Harga Lelang,, Total,
24/06/2024 10:50:45,85LXZN,154/KPHL/2024,,Pemberian Kuitansi Pembayaran Harga Lelang,, Total,
24/06/2024 17:15:33,I2FCQZ,241/K-RL/2024,,Pemberian Kutipan Risalah Lelang,, Total,
24/06/2024 18:33:04,G4FHMW,155/KPHL/2024,,Pemberian Kuitansi Pembayaran Harga Lelang,, Total,
24/06/2024 19:00:28,I2FCQZ,242/K-RL/2024,,Pemberian Kutipan Risalah Lelang,, Total,
24/06/2024 19:04:28,I2FCQZ,243/K-RL/2024,,Pemberian Kutipan Risalah Lelang,, Total,
25/06/2024 10:58:22,776718,244/K-RL/2024,,Pemberian Kutipan Risalah Lelang,, Total,
25/06/2024 11:12:44,775073,245/K-RL/2024,,Pemberian Kutipan Risalah Lelang,, Total,
26/06/2024 8:28:38,3NH9RX,156/KPHL/2024,,Pemberian Kuitansi Pembayaran Harga Lelang,, Total,
26/06/2024 8:32:07,SCKFD8,157/KPHL/2024,,Pemberian Kuitansi Pembayaran Harga Lelang,, Total,
26/06/2024 9:52:58,3NH9RX,246/K-RL/2024,,Pemberian Kutipan Risalah Lelang,, Total,
26/06/2024 11:41:20,LLYOFV,158/KPHL/2024,,Pemberian Kuitansi Pembayaran Harga Lelang,, Total,
26/06/2024 11:43:52,PQJUFI,159/KPHL/2024,,Pemberian Kuitansi Pembayaran Harga Lelang,, Total,
26/06/2024 11:46:38,LLYOFV,247/K-RL/2024,,Pemberian Kutipan Risalah Lelang,, Total,
26/06/2024 11:49:27,PQJUFI,248/K-RL/2024,,Pemberian Kutipan Risalah Lelang,, Total,
26/06/2024 13:55:24,WYFV47,249/K-RL/2024,,Pemberian Kutipan Risalah Lelang,, Total,
26/06/2024 14:22:34,ENYIT8,250/K-RL/2024,,Pemberian Kutipan Risalah Lelang,, Total,
26/06/2024 15:59:29,LWKLEZ,171/VPPH/2024,,Validasi PPh (1 bidang),, Total,
26/06/2024 16:15:11,WYFV47,172/VPPH/2024,,Validasi PPh (1 bidang),, Total,
26/06/2024 18:10:42,G4FHMW,251/K-RL/2024,,Pemberian Kutipan Risalah Lelang,, Total,
26/06/2024 20:07:30,R2A4CY,252/K-RL/2024,,Pemberian Kutipan Risalah Lelang,, Total,
27/06/2024 8:42:42,YB1VTR,253/K-RL/2024,,Pemberian Kutipan Risalah Lelang,, Total,
27/06/2024 9:52:35,HHOMBE,254/K-RL/2024,,Pemberian Kutipan Risalah Lelang,, Total,
27/06/2024 9:57:09,DLZ8XO,255/K-RL/2024,,Pemberian Kutipan Risalah Lelang,, Total,
27/06/2024 14:39:25,HPH2JM,256/K-RL/2024,,Pemberian Kutipan Risalah Lelang,, Total,
28/06/2024 10:47:35,GSKXOI,160/KPHL/2024,,Pemberian Kuitansi Pembayaran Harga Lelang,, Total,
28/06/2024 11:00:54,GXFLDP,257/K-RL/2024,,Pemberian Kutipan Risalah Lelang,, Total,
28/06/2024 11:14:48,GXFLDP,173/VPPH/2024,,Validasi PPh (1 bidang),, Total,
28/06/2024 14:22:23,4U57WG,258/K-RL/2024,,Pemberian Kutipan Risalah Lelang,, Total,
01/07/2024 8:51:59,0CZFDU,161/KPHL/2024,,Pemberian Kuitansi Pembayaran Harga Lelang,, Total,
01/07/2024 8:57:06,5KSDPM,162/KPHL/2024,,Pemberian Kuitansi Pembayaran Harga Lelang,, Total,
01/07/2024 8:59:12,5KSDPM,259/K-RL/2024,,Pemberian Kutipan Risalah Lelang,, Total,
01/07/2024 10:10:02,E5YBV1,260/K-RL/2024,,Pemberian Kutipan Risalah Lelang,, Total,
01/07/2024 10:19:13,E5YBV1,174/VPPH/2024,,Validasi PPh (1 bidang),, Total,
01/07/2024 10:58:25,GXFLDP,175/VPPH/2024,,Validasi PPh (1 bidang),, Total,
01/07/2024 11:14:49,OG2V7P,176/VPPH/2024,,Validasi PPh (1 bidang),, Total,
01/07/2024 11:22:52,UCUOAQ,261/K-RL/2024,,Pemberian Kutipan Risalah Lelang,, Total,
01/07/2024 14:06:29,L7YDIQ,163/KPHL/2024,,Pemberian Kuitansi Pembayaran Harga Lelang,, Total,
01/07/2024 14:29:10,RUF62W,262/K-RL/2024,,Pemberian Kutipan Risalah Lelang,, Total,
01/07/2024 15:26:53,I0DTKL,177/VPPH/2024,,Validasi PPh (1 bidang),, Total,
01/07/2024 22:50:35,S8XIYK,180/VPPH/2024,,Validasi PPh (1 bidang),, Total,
01/07/2024 23:05:38,S8XIYK,181/VPPH/2024,,Validasi PPh (1 bidang),, Total,
01/07/2024 23:17:10,S8XIYK,182/VPPH/2024,,Validasi PPh (1 bidang),, Total,
01/07/2024 23:27:16,S8XIYK,183/VPPH/2024,,Validasi PPh (1 bidang),, Total,
02/07/2024 8:31:34,FRA6KJ,263/K-RL/2024,,Pemberian Kutipan Risalah Lelang,, Total,
02/07/2024 8:59:56,SPJWUS,264/K-RL/2024,,Pemberian Kutipan Risalah Lelang,, Total,
02/07/2024 9:01:56,SFNIMP,185/VPPH/2024,,Validasi PPh (1 bidang),, Total,
02/07/2024 9:17:40,SPJWUS,186/VPPH/2024,,Validasi PPh (1 bidang),, Total,
02/07/2024 9:26:47,XZJGRF,93/K-RL/2024,,Pemberian Kutipan Risalah Lelang,394/08.03/2024 - Lot 1,01/04/2024,Selesai
02/07/2024 10:00:07,S8XIYK,265/K-RL/2024,,Pemberian Kutipan Risalah Lelang,, Total,
02/07/2024 10:22:45,UCUOAQ,179/VPPH/2024,,Validasi PPh (1 bidang),, Total,
02/07/2024 10:25:47,UCUOAQ,178/VPPH/2024,,Validasi PPh (1 bidang),, Total,
02/07/2024 10:42:15,FRA6KJ,184/VPPH/2024,,Validasi PPh (1 bidang),, Total,
02/07/2024 11:01:53,F5GMBG,266/K-RL/2024,,Pemberian Kutipan Risalah Lelang,, Total,
02/07/2024 15:33:30,9MQVND,164/KPHL/2024,,Pemberian Kuitansi Pembayaran Harga Lelang,, Total,
02/07/2024 15:41:07,187420,187/VPPH/2024,,Validasi PPh (1 bidang),, Total,
02/07/2024 15:48:33,HPH2JM,188/VPPH/2024,,Validasi PPh (1 bidang),, Total,
03/07/2024 10:28:50,PZ2MIX,189/VPPH/2024,,Validasi PPh (1 bidang),, Total,
03/07/2024 11:10:21,S8XIYK,190/VPPH/2024,,Validasi PPh (1 bidang),, Total,
03/07/2024 11:19:44,S8XIYK,191/VPPH/2024,,Validasi PPh (1 bidang),, Total,
03/07/2024 11:29:44,S8XIYK,192/VPPH/2024,,Validasi PPh (1 bidang),, Total,
03/07/2024 11:49:42,S8XIYK,193/VPPH/2024,,Validasi PPh (1 bidang),, Total,
04/07/2024 8:28:40,1HEU8P,165/KPHL/2024,,Pemberian Kuitansi Pembayaran Harga Lelang,, Total,
04/07/2024 9:36:35,XZJGRF,194/VPPH/2024,,Validasi PPh (1 bidang),, Total,
04/07/2024 11:01:35,N1EXVL,267/K-RL/2024,,Pemberian Kutipan Risalah Lelang,, Total,
04/07/2024 11:07:07,4KNGII,268/K-RL/2024,,Pemberian Kutipan Risalah Lelang,, Total,
04/07/2024 12:03:36,QDIZON,269/K-RL/2024,,Pemberian Kutipan Risalah Lelang,, Total,
04/07/2024 12:07:31,OV0PZI,166/KPHL/2024,,Pemberian Kuitansi Pembayaran Harga Lelang,, Total,
04/07/2024 12:07:46,LQATMV,270/K-RL/2024,,Pemberian Kutipan Risalah Lelang,, Total,
04/07/2024 12:10:00,OV0PZI,271/K-RL/2024,,Pemberian Kutipan Risalah Lelang,, Total,
04/07/2024 12:27:32,QDIZON,195/VPPH/2024,,Validasi PPh (1 bidang),, Total,
04/07/2024 17:55:42,9IWQOT,196/VPPH/2024,,Validasi PPh (1 bidang),, Total,
05/07/2024 6:34:26,G4FHMW,197/VPPH/2024,,Validasi PPh (1 bidang),, Total,
05/07/2024 10:24:37,GIXJVT,167/KPHL/2024,,Pemberian Kuitansi Pembayaran Harga Lelang,, Total,
05/07/2024 10:43:05,GIXJVT,272/K-RL/2024,,Pemberian Kutipan Risalah Lelang,, Total,
05/07/2024 10:47:56,OV0PZI,273/K-RL/2024,,Pemberian Kutipan Risalah Lelang,, Total,
05/07/2024 11:20:16,NPGT5M,168/KPHL/2024,,Pemberian Kuitansi Pembayaran Harga Lelang,, Total,
05/07/2024 11:30:38,NBV80C,169/KPHL/2024,,Pemberian Kuitansi Pembayaran Harga Lelang,, Total,
05/07/2024 11:34:41,87CU3R,170/KPHL/2024,,Pemberian Kuitansi Pembayaran Harga Lelang,, Total,
05/07/2024 16:55:50,J4WUXT,171/KPHL/2024,,Pemberian Kuitansi Pembayaran Harga Lelang,, Total,
08/07/2024 9:12:02,MWTL7F,172/KPHL/2024,,Pemberian Kuitansi Pembayaran Harga Lelang,, Total,
08/07/2024 9:20:34,MWTL7F,274/K-RL/2024,,Pemberian Kutipan Risalah Lelang,, Total,
08/07/2024 9:25:44,UCUOAQ,198/VPPH/2024,,Validasi PPh (1 bidang),, Total,
08/07/2024 9:37:46,U7GRMG,173/KPHL/2024,,Pemberian Kuitansi Pembayaran Harga Lelang,, Total,
08/07/2024 10:06:04,J4wuxt,275/K-RL/2024,,Pemberian Kutipan Risalah Lelang,, Total,
08/07/2024 10:09:13,E5YBV1,199/VPPH/2024,,Validasi PPh (1 bidang),, Total,
08/07/2024 11:08:45,L7YDIQ,276/K-RL/2024,,Pemberian Kutipan Risalah Lelang,, Total,
08/07/2024 11:21:42,123456,200/VPPH/2024,,Validasi PPh (1 bidang),, Total,
08/07/2024 11:28:41,L7YDIQ,201/VPPH/2024,,Validasi PPh (1 bidang),, Total,
08/07/2024 12:40:10,DU2POL,174/KPHL/2024,,Pemberian Kuitansi Pembayaran Harga Lelang,, Total,
08/07/2024 16:53:04,47QHMH,202/VPPH/2024,,Validasi PPh (1 bidang),, Total,
09/07/2024 10:29:08,KOWGQ7,277/K-RL/2024,,Pemberian Kutipan Risalah Lelang,, Total,
09/07/2024 10:38:36,KOWGQ7,203/VPPH/2024,,Validasi PPh (1 bidang),, Total,
09/07/2024 23:09:47,4U57WG,278/K-RL/2024,,Pemberian Kutipan Risalah Lelang,, Total,
10/07/2024 10:24:16,URCHSQ,279/K-RL/2024,,Pemberian Kutipan Risalah Lelang,, Total,
10/07/2024 10:50:25,KSQNAC,175/KPHL/2024,,Pemberian Kuitansi Pembayaran Harga Lelang,, Total,
10/07/2024 11:31:57,3G5N9Q,176/KPHL/2024,,Pemberian Kuitansi Pembayaran Harga Lelang,, Total,
10/07/2024 11:33:45,NPGT5M,280/K-RL/2024,,Pemberian Kutipan Risalah Lelang,, Total,
10/07/2024 11:44:06,NPGT5M,204/VPPH/2024,,Validasi PPh (1 bidang),, Total,
10/07/2024 12:43:36,EREYUH,177/KPHL/2024,,Pemberian Kuitansi Pembayaran Harga Lelang,, Total,
10/07/2024 12:50:47,ZLFYG8,178/KPHL/2024,,Pemberian Kuitansi Pembayaran Harga Lelang,, Total,
10/07/2024 16:51:42,FRWHDA,179/KPHL/2024,,Pemberian Kuitansi Pembayaran Harga Lelang,, Total,
11/07/2024 8:51:38,1HEU8P,281/K-RL/2024,,Pemberian Kutipan Risalah Lelang,, Total,
11/07/2024 13:37:55,WDSJSU,205/VPPH/2024,,Validasi PPh (1 bidang),, Total,
11/07/2024 17:55:57,ZGNS09,282/K-RL/2024,,Pemberian Kutipan Risalah Lelang,, Total,
11/07/2024 18:40:02,ZGNS09,206/VPPH/2024,,Validasi PPh (1 bidang),, Total,
11/07/2024 20:34:38,BTSAZY,283/K-RL/2024,,Pemberian Kutipan Risalah Lelang,, Total,
12/07/2024 10:14:46,1HEU8P,207/VPPH/2024,,Validasi PPh (1 bidang),, Total,
12/07/2024 10:36:51,0CZFDU,284/K-RL/2024,,Pemberian Kutipan Risalah Lelang,, Total,
12/07/2024 13:30:43,YMIX3R,285/K-RL/2024,,Pemberian Kutipan Risalah Lelang,, Total,
15/07/2024 11:10:08,XIVMUF,180/KPHL/2024,,Pemberian Kuitansi Pembayaran Harga Lelang,, Total,
15/07/2024 12:26:40,HQLRNT,181/KPHL/2024,,Pemberian Kuitansi Pembayaran Harga Lelang,, Total,
15/07/2024 12:58:45,D1WACM,286/K-RL/2024,,Pemberian Kutipan Risalah Lelang,, Total,
16/07/2024 10:04:00,U08NMP,287/K-RL/2024,,Pemberian Kutipan Risalah Lelang,, Total,
16/07/2024 14:36:55,6LKJCT,182/KPHL/2024,,Pemberian Kuitansi Pembayaran Harga Lelang,, Total,
17/07/2024 5:21:27,6LKJCT,183/KPHL/2024,,Pemberian Kuitansi Pembayaran Harga Lelang,, Total,
17/07/2024 5:24:48,6LKJCT,288/K-RL/2024,,Pemberian Kutipan Risalah Lelang,, Total,
17/07/2024 7:48:15,DPMZTK,184/KPHL/2024,,Pemberian Kuitansi Pembayaran Harga Lelang,, Total,
17/07/2024 12:25:35,G58WD0,185/KPHL/2024,,Pemberian Kuitansi Pembayaran Harga Lelang,, Total,
17/07/2024 15:30:38,D1WACM,208/VPPH/2024,,Validasi PPh (1 bidang),, Total,
17/07/2024 15:35:58,DU2POL,289/K-RL/2024,,Pemberian Kutipan Risalah Lelang,, Total,
18/07/2024 9:55:13,87CU3R,290/K-RL/2024,,Pemberian Kutipan Risalah Lelang,, Total,
18/07/2024 9:59:22,NBV80C,291/K-RL/2024,,Pemberian Kutipan Risalah Lelang,, Total,
18/07/2024 10:07:48,87CU3R,209/VPPH/2024,,Validasi PPh (1 bidang),, Total,
18/07/2024 10:16:13,NBV8OC,210/VPPH/2024,,Validasi PPh (1 bidang),, Total,
18/07/2024 10:29:43,U3BPZL,186/KPHL/2024,,Pemberian Kuitansi Pembayaran Harga Lelang,, Total,
18/07/2024 10:32:54,U3BPZL,292/K-RL/2024,,Pemberian Kutipan Risalah Lelang,, Total,
18/07/2024 15:27:57,HOA4WJ,187/KPHL/2024,,Pemberian Kuitansi Pembayaran Harga Lelang,, Total,
18/07/2024 15:54:15,HOA4WJ,293/K-RL/2024,,Pemberian Kutipan Risalah Lelang,, Total,
18/07/2024 16:23:16,8GZSHG,188/KPHL/2024,,Pemberian Kuitansi Pembayaran Harga Lelang,, Total,
19/07/2024 6:40:05,MSQUEW,294/K-RL/2024,,Pemberian Kutipan Risalah Lelang,, Total,
19/07/2024 6:42:23,MSQUEW,189/KPHL/2024,,Pemberian Kuitansi Pembayaran Harga Lelang,, Total,
19/07/2024 11:36:10,4U57WG,295/K-RL/2024,,Pemberian Kutipan Risalah Lelang,, Total,
19/07/2024 15:21:11,YGMJ2B,296/K-RL/2024,,Pemberian Kutipan Risalah Lelang,, Total,
19/07/2024 15:30:08,IIXZ4N,190/KPHL/2024,,Pemberian Kuitansi Pembayaran Harga Lelang,, Total,
19/07/2024 15:33:42,YGNJ2B,211/VPPH/2024,,Validasi PPh (1 bidang),, Total,
22/07/2024 9:52:08,XIVMUF,297/K-RL/2024,,Pemberian Kutipan Risalah Lelang,, Total,
22/07/2024 10:08:14,XCOUVF,298/K-RL/2024,,Pemberian Kutipan Risalah Lelang,, Total,
22/07/2024 13:14:45,NZBDCL,191/KPHL/2024,,Pemberian Kuitansi Pembayaran Harga Lelang,, Total,
22/07/2024 15:47:08,IOGRYX,299/K-RL/2024,,Pemberian Kutipan Risalah Lelang,, Total,
22/07/2024 16:10:04,IOGRYX,212/VPPH/2024,,Validasi PPh (1 bidang),, Total,
23/07/2024 7:48:15,DLDPQG,300/K-RL/2024,,Pemberian Kutipan Risalah Lelang,, Total,
23/07/2024 7:52:57,322018,213/VPPH/2024,,Validasi PPh (1 bidang),, Total,
23/07/2024 9:02:33,7FFNT8,301/K-RL/2024,,Pemberian Kutipan Risalah Lelang,, Total,
23/07/2024 9:30:31,IIXZ4N,302/K-RL/2024,,Pemberian Kutipan Risalah Lelang,, Total,
23/07/2024 9:53:03,YHZAQL,303/K-RL/2024,,Pemberian Kutipan Risalah Lelang,, Total,
23/07/2024 9:54:35,YHZAQL,304/K-RL/2024,,Pemberian Kutipan Risalah Lelang,, Total,
23/07/2024 10:06:38,IIXZ4N,214/VPPH/2024,,Validasi PPh (1 bidang),, Total,
23/07/2024 12:57:40,-,215/VPPH/2024,,Validasi PPh (1 bidang),, Total,
23/07/2024 14:02:05,Q5XEBT,192/KPHL/2024,,Pemberian Kuitansi Pembayaran Harga Lelang,, Total,
23/07/2024 19:28:09,5TQXL3,305/K-RL/2024,,Pemberian Kutipan Risalah Lelang,, Total,
23/07/2024 19:33:45,5TQXL3,193/KPHL/2024,,Pemberian Kuitansi Pembayaran Harga Lelang,, Total,
24/07/2024 9:32:35,DHQX8M,216/VPPH/2024,,Validasi PPh (1 bidang),, Total,
24/07/2024 10:09:41,YHZAQL,217/VPPH/2024,,Validasi PPh (1 bidang),, Total,
24/07/2024 10:16:23,BTSAZY,218/VPPH/2024,,Validasi PPh (1 bidang),, Total,
24/07/2024 10:16:43,YHZAQL,219/VPPH/2024,,Validasi PPh (1 bidang),, Total,
24/07/2024 10:22:56,YHZAQL,220/VPPH/2024,,Validasi PPh (1 bidang),, Total,
24/07/2024 14:36:32,IEVLOX,194/KPHL/2024,,Pemberian Kuitansi Pembayaran Harga Lelang,, Total,
25/07/2024 8:17:22,299818,221/VPPH/2024,,Validasi PPh (1 bidang),, Total,
25/07/2024 8:50:37,CMQV3H,195/KPHL/2024,,Pemberian Kuitansi Pembayaran Harga Lelang,, Total,
25/07/2024 10:29:35,QYMBBH,196/KPHL/2024,,Pemberian Kuitansi Pembayaran Harga Lelang,, Total,
25/07/2024 17:06:14,AEB1LS,222/VPPH/2024,,Validasi PPh (1 bidang),, Total,
25/07/2024 17:09:40,AEB1LS,306/K-RL/2024,,Pemberian Kutipan Risalah Lelang,, Total,
26/07/2024 9:02:11,FRWHDA,307/K-RL/2024,,Pemberian Kutipan Risalah Lelang,, Total,
26/07/2024 9:51:20,8YCDSJ,197/KPHL/2024,,Pemberian Kuitansi Pembayaran Harga Lelang,, Total,
26/07/2024 11:07:14,XIVMUF,223/VPPH/2024,,Validasi PPh (1 bidang),, Total,
26/07/2024 15:32:25,JARKF4,308/K-RL/2024,,Pemberian Kutipan Risalah Lelang,, Total,
26/07/2024 15:41:31,JARKF4,224/VPPH/2024,,Validasi PPh (1 bidang),, Total,
26/07/2024 19:50:34,6AU8KQ,198/KPHL/2024,,Pemberian Kuitansi Pembayaran Harga Lelang,, Total,
27/07/2024 10:25:41,8OYUW3,309/K-RL/2024,,Pemberian Kutipan Risalah Lelang,, Total,
27/07/2024 10:26:05,FRWHDA,225/VPPH/2024,,Validasi PPh (1 bidang),, Total,
27/07/2024 16:23:54,TW2CES,199/KPHL/2024,,Pemberian Kuitansi Pembayaran Harga Lelang,, Total,
29/07/2024 8:45:41,Q09TPK,200/KPHL/2024,,Pemberian Kuitansi Pembayaran Harga Lelang,, Total,
29/07/2024 11:55:42,XMKGVN,310/K-RL/2024,,Pemberian Kutipan Risalah Lelang,, Total,
29/07/2024 12:05:49,XMKGVN,226/VPPH/2024,,Validasi PPh (1 bidang),, Total,
29/07/2024 14:24:42,8OYUW3,311/K-RL/2024,,Pemberian Kutipan Risalah Lelang,, Total,
29/07/2024 15:14:12,SCZS4D,201/KPHL/2024,,Pemberian Kuitansi Pembayaran Harga Lelang,, Total,
29/07/2024 21:19:09,PS2TE1,202/KPHL/2024,,Pemberian Kuitansi Pembayaran Harga Lelang,, Total,
29/07/2024 22:51:38,1BLYZU,203/KPHL/2024,,Pemberian Kuitansi Pembayaran Harga Lelang,, Total,
29/07/2024 23:12:09,1BLYZU,312/K-RL/2024,,Pemberian Kutipan Risalah Lelang,, Total,
30/07/2024 10:09:52,3G5N9Q,313/K-RL/2024,,Pemberian Kutipan Risalah Lelang,, Total,
30/07/2024 10:44:57,ICR2VC,204/KPHL/2024,,Pemberian Kuitansi Pembayaran Harga Lelang,, Total,
30/07/2024 11:27:31,XXIL2I,314/K-RL/2024,,Pemberian Kutipan Risalah Lelang,, Total,
30/07/2024 11:44:07,XXIL2I,227/VPPH/2024,,Validasi PPh (1 bidang),, Total,
30/07/2024 12:10:36,DU2POL,315/K-RL/2024,,Pemberian Kutipan Risalah Lelang,, Total,
30/07/2024 12:39:54,DU2POL,228/VPPH/2024,,Validasi PPh (1 bidang),, Total,
30/07/2024 13:50:31,G58WDO,316/K-RL/2024,,Pemberian Kutipan Risalah Lelang,, Total,
30/07/2024 15:05:11,5QJKZI,205/KPHL/2024,,Pemberian Kuitansi Pembayaran Harga Lelang,, Total,
31/07/2024 7:17:47,EPZl7P,206/KPHL/2024,,Pemberian Kuitansi Pembayaran Harga Lelang,, Total,
31/07/2024 7:26:42,Q9MOZF,207/KPHL/2024,,Pemberian Kuitansi Pembayaran Harga Lelang,, Total,
31/07/2024 8:13:16,EPZl7,317/K-RL/2024,,Pemberian Kutipan Risalah Lelang,, Total,
31/07/2024 8:33:27,1LIOKD,208/KPHL/2024,,Pemberian Kuitansi Pembayaran Harga Lelang,, Total,
31/07/2024 8:36:27,1LIOKD,318/K-RL/2024,,Pemberian Kutipan Risalah Lelang,, Total,
31/07/2024 10:55:11,GC49EA,320/K-RL/2024,,Pemberian Kutipan Risalah Lelang,, Total,
31/07/2024 10:57:40,GC49EA,321/K-RL/2024,,Pemberian Kutipan Risalah Lelang,, Total,
31/07/2024 11:00:01,GC49EA,322/K-RL/2024,,Pemberian Kutipan Risalah Lelang,, Total,
31/07/2024 11:01:53,GC49EA,319/K-RL/2024,,Pemberian Kutipan Risalah Lelang,, Total,
31/07/2024 13:18:30,AVZWOC,323/K-RL/2024,,Pemberian Kutipan Risalah Lelang,, Total,
31/07/2024 13:25:36,HQLRNT,324/K-RL/2024,,Pemberian Kutipan Risalah Lelang,, Total,
31/07/2024 14:10:32,V04VJT,209/KPHL/2024,,Pemberian Kuitansi Pembayaran Harga Lelang,, Total,
31/07/2024 14:16:58,EWTATG,325/K-RL/2024,,Pemberian Kutipan Risalah Lelang,, Total,
31/07/2024 14:18:32,LPX314,210/KPHL/2024,,Pemberian Kuitansi Pembayaran Harga Lelang,, Total,
31/07/2024 15:14:01,MTRFX1,211/KPHL/2024,,Pemberian Kuitansi Pembayaran Harga Lelang,, Total,
31/07/2024 20:29:41,HDBPTU,326/K-RL/2024,,Pemberian Kutipan Risalah Lelang,, Total,
01/08/2024 0:04:54,9K8JLI,212/KPHL/2024,,Pemberian Kuitansi Pembayaran Harga Lelang,, Total,
01/08/2024 7:27:18,8YCDSJ,327/K-RL/2024,,Pemberian Kutipan Risalah Lelang,, Total,
01/08/2024 10:25:00,LPX314,328/K-RL/2024,,Pemberian Kutipan Risalah Lelang,, Total,
01/08/2024 12:03:01,FKFPCZ,329/K-RL/2024,,Pemberian Kutipan Risalah Lelang,, Total,
01/08/2024 14:14:01,3ZLQEZ,330/K-RL/2024,,Pemberian Kutipan Risalah Lelang,, Total,
01/08/2024 14:26:17,3ZLQEZ,229/VPPH/2024,,Validasi PPh (1 bidang),, Total,
01/08/2024 14:43:36,WE9JO4,213/KPHL/2024,,Pemberian Kuitansi Pembayaran Harga Lelang,, Total,
01/08/2024 15:04:43,O0A3VG,214/KPHL/2024,,Pemberian Kuitansi Pembayaran Harga Lelang,, Total,
01/08/2024 15:07:31,8IABH4,215/KPHL/2024,,Pemberian Kuitansi Pembayaran Harga Lelang,, Total,
01/08/2024 15:10:47,O0A3VG,331/K-RL/2024,,Pemberian Kutipan Risalah Lelang,, Total,
01/08/2024 15:12:59,8IABH4,332/K-RL/2024,,Pemberian Kutipan Risalah Lelang,, Total,
01/08/2024 17:01:38,SRK3Z9,230/VPPH/2024,,Validasi PPh (1 bidang),, Total,
01/08/2024 17:49:50,8YCDSJ,231/VPPH/2024,,Validasi PPh (1 bidang),, Total,
01/08/2024 18:06:13,CV6RZR,216/KPHL/2024,,Pemberian Kuitansi Pembayaran Harga Lelang,, Total,
01/08/2024 18:23:38,ED1D78,217/KPHL/2024,,Pemberian Kuitansi Pembayaran Harga Lelang,, Total,
01/08/2024 18:25:16,6AU8KQ,218/KPHL/2024,,Pemberian Kuitansi Pembayaran Harga Lelang,, Total,
01/08/2024 18:31:54,6AU8KQ,Dalam Proses,,Pemberian Kutipan Risalah Lelang,, Total,
01/08/2024 18:35:49,ED1D78,334/K-RL/2024,,Pemberian Kutipan Risalah Lelang,, Total,
01/08/2024 21:31:10,V04VJT,232/VPPH/2024,,Validasi PPh (1 bidang),, Total,
02/08/2024 9:10:18,Ncu3y8,335/K-RL/2024,,Pemberian Kutipan Risalah Lelang,, Total,
02/08/2024 9:14:25,VQVG12,336/K-RL/2024,,Pemberian Kutipan Risalah Lelang,, Total,
02/08/2024 9:14:47,SCKFD8,337/K-RL/2024,,Pemberian Kutipan Risalah Lelang,, Total,
02/08/2024 9:36:10,YAJ08P,338/K-RL/2024,,Pemberian Kutipan Risalah Lelang,, Total,
02/08/2024 10:16:05,QODLFW,339/K-RL/2024,,Pemberian Kutipan Risalah Lelang,, Total,
02/08/2024 10:31:23,NLGEAV,219/KPHL/2024,,Pemberian Kuitansi Pembayaran Harga Lelang,, Total,
02/08/2024 10:40:46,WU6BGY,340/K-RL/2024,,Pemberian Kutipan Risalah Lelang,, Total,
02/08/2024 10:43:50,LU4DRK,220/KPHL/2024,,Pemberian Kuitansi Pembayaran Harga Lelang,, Total,
02/08/2024 10:49:26,D5O8CB,221/KPHL/2024,,Pemberian Kuitansi Pembayaran Harga Lelang,, Total,
02/08/2024 11:33:47,S4klfp,222/KPHL/2024,,Pemberian Kuitansi Pembayaran Harga Lelang,, Total,
02/08/2024 15:31:23,BSRUB6,341/K-RL/2024,,Pemberian Kutipan Risalah Lelang,, Total,
02/08/2024 15:40:45,HMI2CL,342/K-RL/2024,,Pemberian Kutipan Risalah Lelang,, Total,
02/08/2024 16:06:31,G58WDO,233/VPPH/2024,,Validasi PPh (1 bidang),, Total,
02/08/2024 17:45:07,WJLRRZ,223/KPHL/2024,,Pemberian Kuitansi Pembayaran Harga Lelang,, Total,
02/08/2024 18:51:10,ZYNZJV,224/KPHL/2024,,Pemberian Kuitansi Pembayaran Harga Lelang,, Total,
02/08/2024 23:37:34,6AU*KQ,234/VPPH/2024,,Validasi PPh (1 bidang),, Total,
05/08/2024 8:50:57,WJLRRZ,343/K-RL/2024,,Pemberian Kutipan Risalah Lelang,, Total,
05/08/2024 9:50:37,TLIXA5,344/K-RL/2024,,Pemberian Kutipan Risalah Lelang,, Total,
05/08/2024 12:07:31,R9XZHQ,345/K-RL/2024,,Pemberian Kutipan Risalah Lelang,, Total,
05/08/2024 12:51:54,KRYKCY,346/K-RL/2024,,Pemberian Kutipan Risalah Lelang,, Total,
05/08/2024 13:01:52,0RFROE,225/KPHL/2024,,Pemberian Kuitansi Pembayaran Harga Lelang,, Total,
05/08/2024 13:34:58,8OYUW3,347/K-RL/2024,,Pemberian Kutipan Risalah Lelang,, Total,
05/08/2024 13:51:10,VKW6H7,226/KPHL/2024,,Pemberian Kuitansi Pembayaran Harga Lelang,, Total,
05/08/2024 14:00:39,NZBDCL,348/K-RL/2024,,Pemberian Kutipan Risalah Lelang,, Total,
05/08/2024 14:03:50,QODLFW,235/VPPH/2024,,Validasi PPh (1 bidang),, Total,
05/08/2024 14:09:36,NZBDCL,236/VPPH/2024,,Validasi PPh (1 bidang),, Total,
05/08/2024 15:38:46,21FSCR,227/KPHL/2024,,Pemberian Kuitansi Pembayaran Harga Lelang,, Total,
05/08/2024 20:10:05,DFPUTD,349/K-RL/2024,,Pemberian Kutipan Risalah Lelang,, Total,
05/08/2024 20:22:53,DFPUTD,237/VPPH/2024,,Validasi PPh (1 bidang),, Total,
05/08/2024 21:13:17,FPBNEI,350/K-RL/2024,,Pemberian Kutipan Risalah Lelang,, Total,
06/08/2024 9:04:22,4VNXCE,228/KPHL/2024,,Pemberian Kuitansi Pembayaran Harga Lelang,, Total,
06/08/2024 14:16:05,GVNI52,351/K-RL/2024,,Pemberian Kutipan Risalah Lelang,, Total,
06/08/2024 14:21:57,1WQ7KZ,352/K-RL/2024,,Pemberian Kutipan Risalah Lelang,, Total,
06/08/2024 16:46:10,CV6RZR,353/K-RL/2024,,Pemberian Kutipan Risalah Lelang,, Total,
06/08/2024 16:59:30,CV6RZR,238/VPPH/2024,,Validasi PPh (1 bidang),, Total,
07/08/2024 6:28:48,AVZWOC,354/K-RL/2024,,Pemberian Kutipan Risalah Lelang,, Total,
07/08/2024 6:35:22,AVZWOC,355/K-RL/2024,,Pemberian Kutipan Risalah Lelang,, Total,
07/08/2024 6:47:50,AVZWOC,356/K-RL/2024,,Pemberian Kutipan Risalah Lelang,, Total,
07/08/2024 6:56:58,AVZWOC,357/K-RL/2024,,Pemberian Kutipan Risalah Lelang,, Total,
07/08/2024 12:23:46,Q5XEBT,358/K-RL/2024,,Pemberian Kutipan Risalah Lelang,, Total,
07/08/2024 17:28:43,KSQNAC,239/VPPH/2024,,Validasi PPh (1 bidang),, Total,
07/08/2024 17:40:29,EREYUH,240/VPPH/2024,,Validasi PPh (1 bidang),, Total,
07/08/2024 17:48:55,ZLFYG8,241/VPPH/2024,,Validasi PPh (1 bidang),, Total,
07/08/2024 17:55:26,ZLFYG8,242/VPPH/2024,,Validasi PPh (1 bidang),, Total,
07/08/2024 18:02:21,ZLFYG8,243/VPPH/2024,,Validasi PPh (1 bidang),, Total,
07/08/2024 22:40:30,CR7WDF,229/KPHL/2024,,Pemberian Kuitansi Pembayaran Harga Lelang,, Total,
08/08/2024 10:32:33,JKFCGW,230/KPHL/2024,,Pemberian Kuitansi Pembayaran Harga Lelang,, Total,
08/08/2024 11:55:27,TM834H,231/KPHL/2024,,Pemberian Kuitansi Pembayaran Harga Lelang,, Total,
08/08/2024 12:34:19,3CTOMM,244/VPPH/2024,,Validasi PPh (1 bidang),, Total,
08/08/2024 13:11:38,Q5XEBT,245/VPPH/2024,,Validasi PPh (1 bidang),, Total,
08/08/2024 13:22:23,Q5XEBT,246/VPPH/2024,,Validasi PPh (1 bidang),, Total,
08/08/2024 13:48:57,4VNXCE,247/VPPH/2024,,Validasi PPh (1 bidang),, Total,
08/08/2024 14:45:11,CD45N3,359/K-RL/2024,,Pemberian Kutipan Risalah Lelang,, Total,
08/08/2024 14:53:59,SCZS4D,360/K-RL/2024,,Pemberian Kutipan Risalah Lelang,, Total,
08/08/2024 15:51:03,5QJKZI,361/K-RL/2024,,Pemberian Kutipan Risalah Lelang,, Total,
08/08/2024 16:49:05,VCCHRG,232/KPHL/2024,,Pemberian Kuitansi Pembayaran Harga Lelang,, Total,
08/08/2024 18:13:45,ZYNZJV,362/K-RL/2024,,Pemberian Kutipan Risalah Lelang,, Total,
08/08/2024 18:41:46,ZYNZJV,248/VPPH/2024,,Validasi PPh (1 bidang),, Total,
09/08/2024 9:08:53,IEVL0X,249/VPPH/2024,,Validasi PPh (1 bidang),, Total,
09/08/2024 9:18:44,IEVL0X,363/K-RL/2024,,Pemberian Kutipan Risalah Lelang,, Total,
09/08/2024 9:59:51,X4ybzi,233/KPHL/2024,,Pemberian Kuitansi Pembayaran Harga Lelang,, Total,
09/08/2024 10:21:46,UEZ70J,364/K-RL/2024,,Pemberian Kutipan Risalah Lelang,, Total,
09/08/2024 10:36:58,UEZ70J,250/VPPH/2024,,Validasi PPh (1 bidang),, Total,
09/08/2024 10:59:19,Q09TPK,234/KPHL/2024,,Pemberian Kuitansi Pembayaran Harga Lelang,, Total,
09/08/2024 11:10:28,Q09TPK,365/K-RL/2024,,Pemberian Kutipan Risalah Lelang,, Total,
09/08/2024 11:24:14,Q09TPK,251/VPPH/2024,,Validasi PPh (1 bidang),, Total,
09/08/2024 11:43:09,IEVL0X,366/K-RL/2024,,Pemberian Kutipan Risalah Lelang,, Total,
09/08/2024 13:34:53,V04VJT,367/K-RL/2024,,Pemberian Kutipan Risalah Lelang,, Total,
09/08/2024 19:12:45,KDEAYD,235/KPHL/2024,,Pemberian Kuitansi Pembayaran Harga Lelang,, Total,
09/08/2024 19:16:12,2KQGRS,236/KPHL/2024,,Pemberian Kuitansi Pembayaran Harga Lelang,, Total,
09/08/2024 19:19:20,HDQTBC,237/KPHL/2024,,Pemberian Kuitansi Pembayaran Harga Lelang,, Total,
09/08/2024 19:22:27,47KQOX,238/KPHL/2024,,Pemberian Kuitansi Pembayaran Harga Lelang,, Total,
09/08/2024 19:25:30,OQQXUK,239/KPHL/2024,,Pemberian Kuitansi Pembayaran Harga Lelang,, Total,
09/08/2024 21:43:05,MTRFX1,252/VPPH/2024,,Validasi PPh (1 bidang),, Total,
11/08/2024 16:41:53,NI7B0B,240/KPHL/2024,,Pemberian Kuitansi Pembayaran Harga Lelang,, Total,
12/08/2024 6:15:21,GPDM5X,241/KPHL/2024,,Pemberian Kuitansi Pembayaran Harga Lelang,, Total,
12/08/2024 8:20:21,Q5XEBT,253/VPPH/2024,,Validasi PPh (1 bidang),, Total,
12/08/2024 8:30:13,Q5XEBT,254/VPPH/2024,,Validasi PPh (1 bidang),, Total,
12/08/2024 9:04:42,8SLUKT,368/K-RL/2024,,Pemberian Kutipan Risalah Lelang,, Total,
12/08/2024 9:06:07,9W8OLH,242/KPHL/2024,,Pemberian Kuitansi Pembayaran Harga Lelang,, Total,
12/08/2024 9:12:17,ONLMNH,369/K-RL/2024,,Pemberian Kutipan Risalah Lelang,, Total,
12/08/2024 9:17:16,9W8OLH,370/K-RL/2024,,Pemberian Kutipan Risalah Lelang,, Total,
12/08/2024 9:25:22,ONLMNH,243/KPHL/2024,,Pemberian Kuitansi Pembayaran Harga Lelang,, Total,
12/08/2024 9:50:50,Acedsm,371/K-RL/2024,,Pemberian Kutipan Risalah Lelang,, Total,
12/08/2024 10:00:25,4VNXCE,372/K-RL/2024,,Pemberian Kutipan Risalah Lelang,, Total,
12/08/2024 10:08:28,URRZE5,244/KPHL/2024,,Pemberian Kuitansi Pembayaran Harga Lelang,, Total,
12/08/2024 11:01:19,HNQKSO,245/KPHL/2024,,Pemberian Kuitansi Pembayaran Harga Lelang,, Total,
12/08/2024 11:02:03,0XPDKU,373/K-RL/2024,,Pemberian Kutipan Risalah Lelang,, Total,
12/08/2024 11:05:52,DJQ0BP,374/K-RL/2024,,Pemberian Kutipan Risalah Lelang,, Total,
12/08/2024 11:06:31,0XPDKU,246/KPHL/2024,,Pemberian Kuitansi Pembayaran Harga Lelang,, Total,
12/08/2024 11:07:21,2GW4FE,247/KPHL/2024,,Pemberian Kuitansi Pembayaran Harga Lelang,, Total,
12/08/2024 11:08:38,LWKSBX,248/KPHL/2024,,Pemberian Kuitansi Pembayaran Harga Lelang,, Total,
12/08/2024 11:10:25,YNXMLG,249/KPHL/2024,,Pemberian Kuitansi Pembayaran Harga Lelang,, Total,
12/08/2024 11:26:25,SG7TD8,250/KPHL/2024,,Pemberian Kuitansi Pembayaran Harga Lelang,, Total,
12/08/2024 11:43:53,Y13M4C,251/KPHL/2024,,Pemberian Kuitansi Pembayaran Harga Lelang,, Total,
12/08/2024 14:17:42,Z0C9KR,252/KPHL/2024,,Pemberian Kuitansi Pembayaran Harga Lelang,, Total,
12/08/2024 14:22:32,Z0C9KR,375/K-RL/2024,,Pemberian Kutipan Risalah Lelang,, Total,
12/08/2024 14:30:25,Q9MOZF,255/VPPH/2024,,Validasi PPh (1 bidang),, Total,
12/08/2024 14:53:26,NLGEAV,376/K-RL/2024,,Pemberian Kutipan Risalah Lelang,, Total,
12/08/2024 15:53:02,NLGEAV,256/VPPH/2024,,Validasi PPh (1 bidang),, Total,
12/08/2024 16:08:19,0RFROE,257/VPPH/2024,,Validasi PPh (1 bidang),, Total,
12/08/2024 17:01:03,JKFCGW,377/K-RL/2024,,Pemberian Kutipan Risalah Lelang,, Total,
12/08/2024 17:04:28,JKFCGW,378/K-RL/2024,,Pemberian Kutipan Risalah Lelang,, Total,
13/08/2024 6:04:40,OPC3JM,253/KPHL/2024,,Pemberian Kuitansi Pembayaran Harga Lelang,, Total,
13/08/2024 6:07:42,IOUOIE,254/KPHL/2024,,Pemberian Kuitansi Pembayaran Harga Lelang,, Total,
13/08/2024 6:12:20,LGTQTI,255/KPHL/2024,,Pemberian Kuitansi Pembayaran Harga Lelang,, Total,
13/08/2024 9:23:38,H97UYQ,379/K-RL/2024,,Pemberian Kutipan Risalah Lelang,, Total,
13/08/2024 9:31:13,DELSNL,380/K-RL/2024,,Pemberian Kutipan Risalah Lelang,, Total,
13/08/2024 9:34:12,Y0THRZ,381/K-RL/2024,,Pemberian Kutipan Risalah Lelang,, Total,
13/08/2024 11:48:12,0NW4UP,256/KPHL/2024,,Pemberian Kuitansi Pembayaran Harga Lelang,, Total,
13/08/2024 12:09:32,G7PQUZ,257/KPHL/2024,,Pemberian Kuitansi Pembayaran Harga Lelang,, Total,
13/08/2024 12:14:19,EQWO7N,258/KPHL/2024,,Pemberian Kuitansi Pembayaran Harga Lelang,, Total,
13/08/2024 12:14:48,O8SVCD,258/VPPH/2024,,Validasi PPh (1 bidang),, Total,
13/08/2024 12:18:55,1E7ZFK,259/KPHL/2024,,Pemberian Kuitansi Pembayaran Harga Lelang,, Total,
13/08/2024 12:56:18,5ZIPJX,382/K-RL/2024,,Pemberian Kutipan Risalah Lelang,, Total,
13/08/2024 13:37:20,VAABYN,260/KPHL/2024,,Pemberian Kuitansi Pembayaran Harga Lelang,, Total,
13/08/2024 13:48:44,EMBJ6X,383/K-RL/2024,,Pemberian Kutipan Risalah Lelang,, Total,
13/08/2024 13:53:49,G7PQUZ,261/KPHL/2024,,Pemberian Kuitansi Pembayaran Harga Lelang,, Total,
13/08/2024 13:57:08,EMBJ6X,384/K-RL/2024,,Pemberian Kutipan Risalah Lelang,, Total,
13/08/2024 14:02:39,EQWO7N,262/KPHL/2024,,Pemberian Kuitansi Pembayaran Harga Lelang,, Total,
13/08/2024 14:09:42,21FSCR,385/K-RL/2024,,Pemberian Kutipan Risalah Lelang,, Total,
13/08/2024 14:11:37,1E7ZFK,263/KPHL/2024,,Pemberian Kuitansi Pembayaran Harga Lelang,, Total,
13/08/2024 14:12:49,JYQ8KH,264/KPHL/2024,,Pemberian Kuitansi Pembayaran Harga Lelang,, Total,
13/08/2024 14:18:46,21FSCR,259/VPPH/2024,,Validasi PPh (1 bidang),, Total,
13/08/2024 14:23:29,JYQ8KH,386/K-RL/2024,,Pemberian Kutipan Risalah Lelang,, Total,
13/08/2024 14:28:48,21FSCR,260/VPPH/2024,,Validasi PPh (1 bidang),, Total,
13/08/2024 17:03:59,EREYUH,387/K-RL/2024,,Pemberian Kutipan Risalah Lelang,, Total,
13/08/2024 17:55:59,AVZWOC,261/VPPH/2024,,Validasi PPh (1 bidang),, Total,
13/08/2024 19:44:54,QYMBBH,388/K-RL/2024,,Pemberian Kutipan Risalah Lelang,, Total,
13/08/2024 20:50:03,QYMBBH,262/VPPH/2024,,Validasi PPh (1 bidang),, Total,
13/08/2024 23:32:44,Mo7xri,265/KPHL/2024,,Pemberian Kuitansi Pembayaran Harga Lelang,, Total,
13/08/2024 23:40:19,L3j986,266/KPHL/2024,,Pemberian Kuitansi Pembayaran Harga Lelang,, Total,
13/08/2024 23:47:07,6b9zdd,267/KPHL/2024,,Pemberian Kuitansi Pembayaran Harga Lelang,, Total,
13/08/2024 23:51:35,Pnugmc,268/KPHL/2024,,Pemberian Kuitansi Pembayaran Harga Lelang,, Total,
13/08/2024 23:56:42,Vmd9Oj,269/KPHL/2024,,Pemberian Kuitansi Pembayaran Harga Lelang,, Total,
14/08/2024 0:01:37,0qjzn2,270/KPHL/2024,,Pemberian Kuitansi Pembayaran Harga Lelang,, Total,
14/08/2024 0:05:57,Yhav5z,271/KPHL/2024,,Pemberian Kuitansi Pembayaran Harga Lelang,, Total,
14/08/2024 8:17:43,7WSZID,272/KPHL/2024,,Pemberian Kuitansi Pembayaran Harga Lelang,, Total,
14/08/2024 8:42:24,BRNY0V,389/K-RL/2024,,Pemberian Kutipan Risalah Lelang,, Total,
14/08/2024 11:09:42,Q9OUND,273/KPHL/2024,,Pemberian Kuitansi Pembayaran Harga Lelang,, Total,
14/08/2024 12:25:27,Q5XEBT,390/K-RL/2024,,Pemberian Kutipan Risalah Lelang,, Total,
14/08/2024 15:04:44,ICR2VC,391/K-RL/2024,,Pemberian Kutipan Risalah Lelang,, Total,
14/08/2024 15:07:05,A8HYDL,392/K-RL/2024,,Pemberian Kutipan Risalah Lelang,, Total,
14/08/2024 15:24:37,ICR2VC,263/VPPH/2024,,Validasi PPh (1 bidang),, Total,
14/08/2024 16:09:39,A8HY,264/VPPH/2024,,Validasi PPh (1 bidang),, Total,
14/08/2024 20:40:15,N4HXZ5,274/KPHL/2024,,Pemberian Kuitansi Pembayaran Harga Lelang,, Total,
15/08/2024 0:09:29,XDVKGJ,393/K-RL/2024,,Pemberian Kutipan Risalah Lelang,, Total,
15/08/2024 0:48:11,XDVKGJ,265/VPPH/2024,,Validasi PPh (1 bidang),, Total,
15/08/2024 0:58:52,5ESVYC,394/K-RL/2024,,Pemberian Kutipan Risalah Lelang,, Total,
15/08/2024 1:07:47,5ESVYC,266/VPPH/2024,,Validasi PPh (1 bidang),, Total,
15/08/2024 9:28:31,21FSCR,395/K-RL/2024,,Pemberian Kutipan Risalah Lelang,, Total,
15/08/2024 9:39:04,21FSCR,267/VPPH/2024,,Validasi PPh (1 bidang),, Total,
15/08/2024 9:47:17,YDT02G,275/KPHL/2024,,Pemberian Kuitansi Pembayaran Harga Lelang,, Total,
15/08/2024 9:59:17,21FSCR,268/VPPH/2024,,Validasi PPh (1 bidang),, Total,
15/08/2024 10:19:12,N4HXZ5,396/K-RL/2024,,Pemberian Kutipan Risalah Lelang,, Total,
15/08/2024 10:32:23,4ZGNAL,269/VPPH/2024,,Validasi PPh (1 bidang),, Total,
15/08/2024 10:35:14,YDT02G,397/K-RL/2024,,Pemberian Kutipan Risalah Lelang,, Total,
15/08/2024 11:28:52,URCHSQ,270/VPPH/2024,,Validasi PPh (1 bidang),, Total,
15/08/2024 19:23:16,Szxbu3,276/KPHL/2024,,Pemberian Kuitansi Pembayaran Harga Lelang,, Total,
15/08/2024 19:29:22,Szxbu3,398/K-RL/2024,,Pemberian Kutipan Risalah Lelang,, Total,
15/08/2024 19:37:14,Hxnmie,277/KPHL/2024,,Pemberian Kuitansi Pembayaran Harga Lelang,, Total,
15/08/2024 19:42:26,Hxnmie,399/K-RL/2024,,Pemberian Kutipan Risalah Lelang,, Total,
16/08/2024 5:22:11,LWKSBX,400/K-RL/2024,,Pemberian Kutipan Risalah Lelang,, Total,
16/08/2024 5:25:14,HNQKSO,401/K-RL/2024,,Pemberian Kutipan Risalah Lelang,, Total,
16/08/2024 5:28:13,YNXMLG,402/K-RL/2024,,Pemberian Kutipan Risalah Lelang,, Total,
16/08/2024 8:58:03,RANF7T,403/K-RL/2024,,Pemberian Kutipan Risalah Lelang,, Total,
16/08/2024 9:32:38,RANF7T,271/VPPH/2024,,Validasi PPh (1 bidang),, Total,
16/08/2024 9:44:53,VjygtO,278/KPHL/2024,,Pemberian Kuitansi Pembayaran Harga Lelang,, Total,
16/08/2024 9:48:30,VjygtO,404/K-RL/2024,,Pemberian Kutipan Risalah Lelang,, Total,
16/08/2024 10:03:33,Bhh7yo,279/KPHL/2024,,Pemberian Kuitansi Pembayaran Harga Lelang,, Total,
16/08/2024 10:06:50,Bhh7yo,405/K-RL/2024,,Pemberian Kutipan Risalah Lelang,, Total,
16/08/2024 10:09:46,OJWE9O,280/KPHL/2024,,Pemberian Kuitansi Pembayaran Harga Lelang,, Total,
16/08/2024 14:38:53,CD45N3,272/VPPH/2024,,Validasi PPh (1 bidang),, Total,
16/08/2024 14:44:28,CD45N3,406/K-RL/2024,,Pemberian Kutipan Risalah Lelang,, Total,
16/08/2024 16:22:08,WTP0LF,407/K-RL/2024,,Pemberian Kutipan Risalah Lelang,, Total,
16/08/2024 16:24:33,UMVIHS,408/K-RL/2024,,Pemberian Kutipan Risalah Lelang,, Total,
16/08/2024 16:28:07,SIU0MW,409/K-RL/2024,,Pemberian Kutipan Risalah Lelang,, Total,
16/08/2024 17:14:01,85LXZN,273/VPPH/2024,,Validasi PPh (1 bidang),, Total,
16/08/2024 17:17:06,85LXZN,410/K-RL/2024,,Pemberian Kutipan Risalah Lelang,, Total,
16/08/2024 23:29:22,Pi51hr,281/KPHL/2024,,Pemberian Kuitansi Pembayaran Harga Lelang,, Total,
16/08/2024 23:34:03,Pi51hr,411/K-RL/2024,,Pemberian Kutipan Risalah Lelang,, Total,
19/08/2024 7:47:36,MTRFX1,412/K-RL/2024,,Pemberian Kutipan Risalah Lelang,, Total,
19/08/2024 8:56:07,JKFCGW,274/VPPH/2024,,Validasi PPh (1 bidang),, Total,
19/08/2024 9:33:08,RWHA7U,413/K-RL/2024,,Pemberian Kutipan Risalah Lelang,, Total,
19/08/2024 9:33:54,B8VYOW,414/K-RL/2024,,Pemberian Kutipan Risalah Lelang,, Total,
19/08/2024 9:44:51,B8VYOW,275/VPPH/2024,,Validasi PPh (1 bidang),, Total,
19/08/2024 11:45:03,IHHLD9,415/K-RL/2024,,Pemberian Kutipan Risalah Lelang,, Total,
19/08/2024 11:53:39,9K8JLI,416/K-RL/2024,,Pemberian Kutipan Risalah Lelang,, Total,
19/08/2024 15:29:33,SCZS4D,276/VPPH/2024,,Validasi PPh (1 bidang),, Total,
19/08/2024 17:19:01,4ZGNAL,417/K-RL/2024,,Pemberian Kutipan Risalah Lelang,, Total,
19/08/2024 17:22:02,425782,418/K-RL/2024,,Pemberian Kutipan Risalah Lelang,, Total,
19/08/2024 17:58:03,OPWTGA,277/VPPH/2024,,Validasi PPh (1 bidang),, Total,
19/08/2024 18:18:06,Q09TPK,419/K-RL/2024,,Pemberian Kutipan Risalah Lelang,, Total,
20/08/2024 7:45:23,KSQNAC,420/K-RL/2024,,Pemberian Kutipan Risalah Lelang,, Total,
20/08/2024 9:21:31,ASRG6A,282/KPHL/2024,,Pemberian Kuitansi Pembayaran Harga Lelang,, Total,
20/08/2024 11:23:30,2GW4FE,421/K-RL/2024,,Pemberian Kutipan Risalah Lelang,, Total,
20/08/2024 13:28:02,HQLRNT,278/VPPH/2024,,Validasi PPh (1 bidang),, Total,
20/08/2024 22:26:05,E3MDXS,279/VPPH/2024,,Validasi PPh (1 bidang),, Total,
20/08/2024 23:17:06,0RFROE,422/K-RL/2024,,Pemberian Kutipan Risalah Lelang,, Total,
21/08/2024 9:16:49,GHHKGT,283/KPHL/2024,,Pemberian Kuitansi Pembayaran Harga Lelang,, Total,
21/08/2024 9:20:46,ZIDVWN,423/K-RL/2024,,Pemberian Kutipan Risalah Lelang,, Total,
21/08/2024 12:06:51,85LXZN,424/K-RL/2024,,Pemberian Kutipan Risalah Lelang,, Total,
21/08/2024 13:14:52,GLK1T0,284/KPHL/2024,,Pemberian Kuitansi Pembayaran Harga Lelang,, Total,
21/08/2024 14:17:18,MAKXPX,285/KPHL/2024,,Pemberian Kuitansi Pembayaran Harga Lelang,, Total,
21/08/2024 14:27:27,IME6AT,425/K-RL/2024,,Pemberian Kutipan Risalah Lelang,, Total,
21/08/2024 14:48:11,7UI2IF,286/KPHL/2024,,Pemberian Kuitansi Pembayaran Harga Lelang,, Total,
21/08/2024 14:51:30,CD45N3,426/K-RL/2024,,Pemberian Kutipan Risalah Lelang,, Total,
21/08/2024 14:57:30,CD45N3,427/K-RL/2024,,Pemberian Kutipan Risalah Lelang,, Total,
21/08/2024 16:14:57,CE45N3,428/K-RL/2024,,Pemberian Kutipan Risalah Lelang,, Total,
21/08/2024 19:13:56,8BWPMV,287/KPHL/2024,,Pemberian Kuitansi Pembayaran Harga Lelang,, Total,
22/08/2024 8:53:38,6QTGS5,429/K-RL/2024,,Pemberian Kutipan Risalah Lelang,, Total,
22/08/2024 10:31:33,OPWTGA,430/K-RL/2024,,Pemberian Kutipan Risalah Lelang,, Total,
22/08/2024 11:16:42,LZY52V,431/K-RL/2024,,Pemberian Kutipan Risalah Lelang,, Total,
22/08/2024 11:19:35,060421,280/VPPH/2024,,Validasi PPh (1 bidang),, Total,
22/08/2024 11:26:55,N25YQI,288/KPHL/2024,,Pemberian Kuitansi Pembayaran Harga Lelang,, Total,
22/08/2024 11:37:28,572019,281/VPPH/2024,,Validasi PPh (1 bidang),, Total,
22/08/2024 14:30:54,KO8J7Y,289/KPHL/2024,,Pemberian Kuitansi Pembayaran Harga Lelang,, Total,
22/08/2024 15:33:29,Q09TPK,282/VPPH/2024,,Validasi PPh (1 bidang),, Total,
23/08/2024 8:55:29,SYQM3C,290/KPHL/2024,,Pemberian Kuitansi Pembayaran Harga Lelang,, Total,
23/08/2024 9:25:18,0MO4RX,432/K-RL/2024,,Pemberian Kutipan Risalah Lelang,, Total,
23/08/2024 10:31:12,4LKDQP,291/KPHL/2024,,Pemberian Kuitansi Pembayaran Harga Lelang,, Total,
23/08/2024 10:53:37,SYQM3C,433/K-RL/2024,,Pemberian Kutipan Risalah Lelang,, Total,
23/08/2024 11:04:54,GHHKGT,292/KPHL/2024,,Pemberian Kuitansi Pembayaran Harga Lelang,, Total,
23/08/2024 12:36:28,KO8J7T,293/KPHL/2024,,Pemberian Kuitansi Pembayaran Harga Lelang,, Total,
23/08/2024 15:24:19,XMSB1Q,434/K-RL/2024,,Pemberian Kutipan Risalah Lelang,, Total,
23/08/2024 15:32:15,537759,435/K-RL/2024,,Pemberian Kutipan Risalah Lelang,, Total,
23/08/2024 15:51:43,XSBU8B,294/KPHL/2024,,Pemberian Kuitansi Pembayaran Harga Lelang,, Total,
25/08/2024 17:40:22,M8E15R,295/KPHL/2024,,Pemberian Kuitansi Pembayaran Harga Lelang,, Total,
25/08/2024 17:43:59,M8E15R,436/K-RL/2024,,Pemberian Kutipan Risalah Lelang,, Total,
26/08/2024 8:37:44,6WKP92,296/KPHL/2024,,Pemberian Kuitansi Pembayaran Harga Lelang,, Total,
26/08/2024 8:40:33,MVX,297/KPHL/2024,,Pemberian Kuitansi Pembayaran Harga Lelang,, Total,
26/08/2024 8:49:27,IHHLD9,283/VPPH/2024,,Validasi PPh (1 bidang),, Total,
26/08/2024 9:29:45,SKQ78L,437/K-RL/2024,,Pemberian Kutipan Risalah Lelang,, Total,
26/08/2024 9:52:26,Q9OUND,438/K-RL/2024,,Pemberian Kutipan Risalah Lelang,, Total,
26/08/2024 10:24:15,6WKP92,439/K-RL/2024,,Pemberian Kutipan Risalah Lelang,, Total,
26/08/2024 11:21:24,OPWTGA,440/K-RL/2024,,Pemberian Kutipan Risalah Lelang,, Total,
26/08/2024 12:11:30,X7ZTFM,298/KPHL/2024,,Pemberian Kuitansi Pembayaran Harga Lelang,, Total,
26/08/2024 13:00:55,X7ZTFM,441/K-RL/2024,,Pemberian Kutipan Risalah Lelang,, Total,
26/08/2024 13:03:17,SCZS4D,284/VPPH/2024,,Validasi PPh (1 bidang),, Total,
26/08/2024 13:54:18,XECMQR,299/KPHL/2024,,Pemberian Kuitansi Pembayaran Harga Lelang,, Total,
26/08/2024 14:01:40,0WULD2,442/K-RL/2024,,Pemberian Kutipan Risalah Lelang,, Total,
26/08/2024 14:10:03,XECMQR,285/VPPH/2024,,Validasi PPh (1 bidang),, Total,
26/08/2024 14:15:09,O3FQSN,300/KPHL/2024,,Pemberian Kuitansi Pembayaran Harga Lelang,, Total,
26/08/2024 14:19:05,IPIXBM,301/KPHL/2024,,Pemberian Kuitansi Pembayaran Harga Lelang,, Total,
26/08/2024 14:27:06,Z4V05L,302/KPHL/2024,,Pemberian Kuitansi Pembayaran Harga Lelang,, Total,
26/08/2024 14:30:30,YLMT9O,303/KPHL/2024,,Pemberian Kuitansi Pembayaran Harga Lelang,, Total,
26/08/2024 14:32:40,TR2J0K,304/KPHL/2024,,Pemberian Kuitansi Pembayaran Harga Lelang,, Total,
26/08/2024 14:44:42,ECFROP,443/K-RL/2024,,Pemberian Kutipan Risalah Lelang,, Total,
26/08/2024 14:53:01,06NXYQ,444/K-RL/2024,,Pemberian Kutipan Risalah Lelang,, Total,
26/08/2024 14:57:38,C2MPII,445/K-RL/2024,,Pemberian Kutipan Risalah Lelang,, Total,
26/08/2024 15:00:29,K4LWCZ,446/K-RL/2024,,Pemberian Kutipan Risalah Lelang,, Total,
26/08/2024 15:02:52,PMOXJB,447/K-RL/2024,,Pemberian Kutipan Risalah Lelang,, Total,
26/08/2024 15:09:53,ECFROP,448/K-RL/2024,,Pemberian Kutipan Risalah Lelang,, Total,
26/08/2024 15:14:54,HIMTUO,305/KPHL/2024,,Pemberian Kuitansi Pembayaran Harga Lelang,, Total,
26/08/2024 15:43:51,VQ0CNW,306/KPHL/2024,,Pemberian Kuitansi Pembayaran Harga Lelang,, Total,
26/08/2024 15:46:17,AWVNMB,307/KPHL/2024,,Pemberian Kuitansi Pembayaran Harga Lelang,, Total,
26/08/2024 15:48:28,MZVXRX,308/KPHL/2024,,Pemberian Kuitansi Pembayaran Harga Lelang,, Total,
26/08/2024 15:50:33,XYUR7W,309/KPHL/2024,,Pemberian Kuitansi Pembayaran Harga Lelang,, Total,
26/08/2024 19:32:51,P1PWN3,310/KPHL/2024,,Pemberian Kuitansi Pembayaran Harga Lelang,, Total,
26/08/2024 19:42:42,TBDGXI,311/KPHL/2024,,Pemberian Kuitansi Pembayaran Harga Lelang,, Total,
26/08/2024 19:58:32,RXOVKZ,312/KPHL/2024,,Pemberian Kuitansi Pembayaran Harga Lelang,, Total,
26/08/2024 20:07:51,GJC0HF,313/KPHL/2024,,Pemberian Kuitansi Pembayaran Harga Lelang,, Total,
26/08/2024 20:14:31,JFHANX,314/KPHL/2024,,Pemberian Kuitansi Pembayaran Harga Lelang,, Total,
27/08/2024 6:17:44,0CZFDU,286/VPPH/2024,,Validasi PPh (1 bidang),, Total,
27/08/2024 7:38:53,CWMHOW,315/KPHL/2024,,Pemberian Kuitansi Pembayaran Harga Lelang,, Total,
27/08/2024 7:44:04,FOKKWD,316/KPHL/2024,,Pemberian Kuitansi Pembayaran Harga Lelang,, Total,
27/08/2024 7:47:27,CRVAAG,317/KPHL/2024,,Pemberian Kuitansi Pembayaran Harga Lelang,, Total,
27/08/2024 7:50:56,FDDFQX,318/KPHL/2024,,Pemberian Kuitansi Pembayaran Harga Lelang,, Total,
27/08/2024 7:53:51,NG3PWK,319/KPHL/2024,,Pemberian Kuitansi Pembayaran Harga Lelang,, Total,
27/08/2024 7:58:57,ZAMCYG,320/KPHL/2024,,Pemberian Kuitansi Pembayaran Harga Lelang,, Total,
27/08/2024 8:02:48,5WCU6W,321/KPHL/2024,,Pemberian Kuitansi Pembayaran Harga Lelang,, Total,
27/08/2024 8:08:56,YSPKKD,322/KPHL/2024,,Pemberian Kuitansi Pembayaran Harga Lelang,, Total,
27/08/2024 8:29:16,YIAWSC,323/KPHL/2024,,Pemberian Kuitansi Pembayaran Harga Lelang,, Total,
27/08/2024 8:39:27,ZIDVWN,287/VPPH/2024,,Validasi PPh (1 bidang),, Total,
27/08/2024 9:17:14,VKW6H7,449/K-RL/2024,,Pemberian Kutipan Risalah Lelang,, Total,
27/08/2024 9:31:20,VKW6H7,288/VPPH/2024,,Validasi PPh (1 bidang),, Total,
27/08/2024 11:05:27,4ZGNAL,289/VPPH/2024,,Validasi PPh (1 bidang),, Total,
27/08/2024 11:16:39,4ZGNAL,290/VPPH/2024,,Validasi PPh (1 bidang),, Total,
27/08/2024 11:35:24,Q9MOZF,450/K-RL/2024,,Pemberian Kutipan Risalah Lelang,, Total,
27/08/2024 11:53:02,139422,291/VPPH/2024,,Validasi PPh (1 bidang),, Total,
27/08/2024 13:10:12,PS2TE1,451/K-RL/2024,,Pemberian Kutipan Risalah Lelang,, Total,
27/08/2024 13:15:32,MZVXRX,452/K-RL/2024,,Pemberian Kutipan Risalah Lelang,, Total,
27/08/2024 13:18:04,XYUR7W,453/K-RL/2024,,Pemberian Kutipan Risalah Lelang,, Total,
27/08/2024 13:23:50,XECMQR,454/K-RL/2024,,Pemberian Kutipan Risalah Lelang,, Total,
27/08/2024 13:28:40,AWVNMB,455/K-RL/2024,,Pemberian Kutipan Risalah Lelang,, Total,
27/08/2024 13:31:44,VQ0CNW,456/K-RL/2024,,Pemberian Kutipan Risalah Lelang,, Total,
27/08/2024 13:32:13,7ACSSC,324/KPHL/2024,,Pemberian Kuitansi Pembayaran Harga Lelang,, Total,
27/08/2024 13:38:31,XQMUM0,325/KPHL/2024,,Pemberian Kuitansi Pembayaran Harga Lelang,, Total,
27/08/2024 14:06:10,NGMADO,326/KPHL/2024,,Pemberian Kuitansi Pembayaran Harga Lelang,, Total,
27/08/2024 16:00:55,FZWCT0,457/K-RL/2024,,Pemberian Kutipan Risalah Lelang,, Total,
27/08/2024 17:07:46,EDYVT4,327/KPHL/2024,,Pemberian Kuitansi Pembayaran Harga Lelang,, Total,
27/08/2024 17:13:09,RNVGPS,328/KPHL/2024,,Pemberian Kuitansi Pembayaran Harga Lelang,, Total,
27/08/2024 17:20:05,GHWFJT,329/KPHL/2024,,Pemberian Kuitansi Pembayaran Harga Lelang,, Total,
27/08/2024 17:24:47,34NY6Z,330/KPHL/2024,,Pemberian Kuitansi Pembayaran Harga Lelang,, Total,
27/08/2024 17:29:12,RFXUCB,331/KPHL/2024,,Pemberian Kuitansi Pembayaran Harga Lelang,, Total,
27/08/2024 17:34:17,HWY3ML,332/KPHL/2024,,Pemberian Kuitansi Pembayaran Harga Lelang,, Total,
27/08/2024 17:42:49,UYRCOB,333/KPHL/2024,,Pemberian Kuitansi Pembayaran Harga Lelang,, Total,
27/08/2024 17:48:47,CJA2XN,334/KPHL/2024,,Pemberian Kuitansi Pembayaran Harga Lelang,, Total,
27/08/2024 17:53:47,REAHB5,335/KPHL/2024,,Pemberian Kuitansi Pembayaran Harga Lelang,, Total,
27/08/2024 17:59:30,OGEN8J,336/KPHL/2024,,Pemberian Kuitansi Pembayaran Harga Lelang,, Total,
27/08/2024 18:54:29,ABUYW1,337/KPHL/2024,,Pemberian Kuitansi Pembayaran Harga Lelang,, Total,
27/08/2024 19:00:07,CIUOVP,338/KPHL/2024,,Pemberian Kuitansi Pembayaran Harga Lelang,, Total,
27/08/2024 19:05:39,2MWB3A,339/KPHL/2024,,Pemberian Kuitansi Pembayaran Harga Lelang,, Total,
27/08/2024 19:11:25,4VOUD0,340/KPHL/2024,,Pemberian Kuitansi Pembayaran Harga Lelang,, Total,
27/08/2024 19:16:48,VYPVCA,341/KPHL/2024,,Pemberian Kuitansi Pembayaran Harga Lelang,, Total,
27/08/2024 19:21:38,HAUFDR,342/KPHL/2024,,Pemberian Kuitansi Pembayaran Harga Lelang,, Total,
27/08/2024 19:26:48,BY43SI,343/KPHL/2024,,Pemberian Kuitansi Pembayaran Harga Lelang,, Total,
27/08/2024 20:28:28,5DULQR,292/VPPH/2024,,Validasi PPh (1 bidang),, Total,
28/08/2024 7:43:05,GPDM5X,458/K-RL/2024,,Pemberian Kutipan Risalah Lelang,, Total,
28/08/2024 8:13:12,FZWCT0,344/KPHL/2024,,Pemberian Kuitansi Pembayaran Harga Lelang,, Total,
28/08/2024 11:15:50,5QJKZI,459/K-RL/2024,,Pemberian Kutipan Risalah Lelang,, Total,
28/08/2024 13:42:45,HIMTUO,293/VPPH/2024,,Validasi PPh (1 bidang),, Total,
28/08/2024 14:04:20,UERVEU,460/K-RL/2024,,Pemberian Kutipan Risalah Lelang,, Total,
28/08/2024 16:31:58,SCZS4D,294/VPPH/2024,,Validasi PPh (1 bidang),, Total,
28/08/2024 16:33:06,6QTGS5,295/VPPH/2024,,Validasi PPh (1 bidang),, Total,
28/08/2024 20:24:04,P1FWNF,345/KPHL/2024,,Pemberian Kuitansi Pembayaran Harga Lelang,, Total,
28/08/2024 22:09:58,YIAWSC,461/K-RL/2024,,Pemberian Kutipan Risalah Lelang,, Total,
29/08/2024 7:10:18,16DFLF,346/KPHL/2024,,Pemberian Kuitansi Pembayaran Harga Lelang,, Total,
29/08/2024 10:22:51,QKOG1F,347/KPHL/2024,,Pemberian Kuitansi Pembayaran Harga Lelang,, Total,
29/08/2024 10:29:07,O3FQSN,462/K-RL/2024,,Pemberian Kutipan Risalah Lelang,, Total,
29/08/2024 10:32:10,G9BAXU,348/KPHL/2024,,Pemberian Kuitansi Pembayaran Harga Lelang,, Total,
29/08/2024 10:32:28,IPIXBM,463/K-RL/2024,,Pemberian Kutipan Risalah Lelang,, Total,
29/08/2024 10:34:46,Z4V05L,464/K-RL/2024,,Pemberian Kutipan Risalah Lelang,, Total,
29/08/2024 10:37:13,YLMT9O,465/K-RL/2024,,Pemberian Kutipan Risalah Lelang,, Total,
29/08/2024 11:04:15,EKWRGH,296/VPPH/2024,,Validasi PPh (1 bidang),, Total,
29/08/2024 13:32:22,KO8J7T,466/K-RL/2024,,Pemberian Kutipan Risalah Lelang,, Total,
29/08/2024 23:30:48,LQDMMV,349/KPHL/2024,,Pemberian Kuitansi Pembayaran Harga Lelang,, Total,
30/08/2024 8:14:03,3FX4V7,350/KPHL/2024,,Pemberian Kuitansi Pembayaran Harga Lelang,, Total,
30/08/2024 10:29:46,3FX4V7,351/KPHL/2024,,Pemberian Kuitansi Pembayaran Harga Lelang,, Total,
30/08/2024 11:22:40,0MO4RX,352/KPHL/2024,,Pemberian Kuitansi Pembayaran Harga Lelang,, Total,
30/08/2024 11:41:43,EKWRGH,467/K-RL/2024,,Pemberian Kutipan Risalah Lelang,, Total,
30/08/2024 13:08:46,NGMAD0,353/KPHL/2024,,Pemberian Kuitansi Pembayaran Harga Lelang,, Total,
30/08/2024 15:22:51,URRZE5,297/VPPH/2024,,Validasi PPh (1 bidang),, Total,
31/08/2024 13:07:58,UNP7JS,468/K-RL/2024,,Pemberian Kutipan Risalah Lelang,, Total,
31/08/2024 15:32:31,16DFLF,469/K-RL/2024,,Pemberian Kutipan Risalah Lelang,, Total,
02/09/2024 11:01:50,ZLFYG8,470/K-RL/2024,,Pemberian Kutipan Risalah Lelang,, Total,
02/09/2024 11:04:37,ZLFYG8,471/K-RL/2024,,Pemberian Kutipan Risalah Lelang,, Total,
02/09/2024 11:07:05,ZLFYG8,472/K-RL/2024,,Pemberian Kutipan Risalah Lelang,, Total,
02/09/2024 11:10:33,ZLFYG8,473/K-RL/2024,,Pemberian Kutipan Risalah Lelang,, Total,
02/09/2024 11:32:49,TR2J0K,354/KPHL/2024,,Pemberian Kuitansi Pembayaran Harga Lelang,, Total,
02/09/2024 12:16:33,N25YQI,474/K-RL/2024,,Pemberian Kutipan Risalah Lelang,, Total,
02/09/2024 12:21:00,8BWPMV,475/K-RL/2024,,Pemberian Kutipan Risalah Lelang,, Total,
02/09/2024 12:26:41,3RH82X,355/KPHL/2024,,Pemberian Kuitansi Pembayaran Harga Lelang,, Total,
02/09/2024 12:48:12,N25YQI,298/VPPH/2024,,Validasi PPh (1 bidang),, Total,
02/09/2024 12:58:25,8BWPMV,299/VPPH/2024,,Validasi PPh (1 bidang),, Total,
02/09/2024 13:43:18,A21XLX,356/KPHL/2024,,Pemberian Kuitansi Pembayaran Harga Lelang,, Total,
02/09/2024 18:10:40,89JPNX,476/K-RL/2024,,Pemberian Kutipan Risalah Lelang,, Total,
02/09/2024 20:45:08,9JZZWK,477/K-RL/2024,,Pemberian Kutipan Risalah Lelang,, Total,
03/09/2024 9:17:58,Fxb9vy,357/KPHL/2024,,Pemberian Kuitansi Pembayaran Harga Lelang,, Total,
03/09/2024 10:03:29,NNLWLH,358/KPHL/2024,,Pemberian Kuitansi Pembayaran Harga Lelang,, Total,
03/09/2024 11:16:27,Q1XOSI,359/KPHL/2024,,Pemberian Kuitansi Pembayaran Harga Lelang,, Total,
03/09/2024 11:29:10,HIMTUO,478/K-RL/2024,,Pemberian Kutipan Risalah Lelang,, Total,
03/09/2024 11:34:57,Q3U2AE,360/KPHL/2024,,Pemberian Kuitansi Pembayaran Harga Lelang,, Total,
03/09/2024 11:42:02,3SBZN6,361/KPHL/2024,,Pemberian Kuitansi Pembayaran Harga Lelang,, Total,
03/09/2024 12:07:03,3SBZN6,479/K-RL/2024,,Pemberian Kutipan Risalah Lelang,, Total,
03/09/2024 12:12:04,KO8J7T,300/VPPH/2024,,Validasi PPh (1 bidang),, Total,
03/09/2024 13:56:13,BN1EFP,362/KPHL/2024,,Pemberian Kuitansi Pembayaran Harga Lelang,, Total,
03/09/2024 16:48:18,5QJKZI,301/VPPH/2024,,Validasi PPh (1 bidang),, Total,
03/09/2024 17:15:20,JDD01M,480/K-RL/2024,,Pemberian Kutipan Risalah Lelang,, Total,
03/09/2024 18:03:25,T4UJDX,363/KPHL/2024,,Pemberian Kuitansi Pembayaran Harga Lelang,, Total,
04/09/2024 9:55:19,A8HYDL,302/VPPH/2024,,Validasi PPh (1 bidang),, Total,
04/09/2024 10:00:21,W0J5XK,364/KPHL/2024,,Pemberian Kuitansi Pembayaran Harga Lelang,, Total,
04/09/2024 11:15:40,MMJZKX,365/KPHL/2024,,Pemberian Kuitansi Pembayaran Harga Lelang,, Total,
04/09/2024 11:23:18,WU6BGY,481/K-RL/2024,,Pemberian Kutipan Risalah Lelang,, Total,
04/09/2024 11:52:45,MMJZKX,482/K-RL/2024,,Pemberian Kutipan Risalah Lelang,, Total,
04/09/2024 13:25:53,XU7RND,366/KPHL/2024,,Pemberian Kuitansi Pembayaran Harga Lelang,, Total,
04/09/2024 14:08:59,XU7RND,367/KPHL/2024,,Pemberian Kuitansi Pembayaran Harga Lelang,, Total,
04/09/2024 14:14:10,87E1JL,303/VPPH/2024,,Validasi PPh (1 bidang),, Total,
04/09/2024 15:05:11,JUIDYK,368/KPHL/2024,,Pemberian Kuitansi Pembayaran Harga Lelang,, Total,
04/09/2024 15:10:01,TMR4JU,369/KPHL/2024,,Pemberian Kuitansi Pembayaran Harga Lelang,, Total,
04/09/2024 16:08:40,LQDMMV,483/K-RL/2024,,Pemberian Kutipan Risalah Lelang,, Total,
04/09/2024 16:45:05,LQDMMV,304/VPPH/2024,,Validasi PPh (1 bidang),, Total,
04/09/2024 17:04:37,P1PWN3,484/K-RL/2024,,Pemberian Kutipan Risalah Lelang,, Total,
04/09/2024 17:08:11,87E1JL,305/VPPH/2024,,Validasi PPh (1 bidang),, Total,
04/09/2024 17:10:05,HWY3ML,485/K-RL/2024,,Pemberian Kutipan Risalah Lelang,, Total,
04/09/2024 17:15:42,RNVGPS,486/K-RL/2024,,Pemberian Kutipan Risalah Lelang,, Total,
04/09/2024 17:20:08,GHWFJT,487/K-RL/2024,,Pemberian Kutipan Risalah Lelang,, Total,
05/09/2024 8:47:20,4LKDQP,488/K-RL/2024,,Pemberian Kutipan Risalah Lelang,, Total,
05/09/2024 9:24:47,4LKDQP,306/VPPH/2024,,Validasi PPh (1 bidang),, Total,
05/09/2024 9:47:56,Q9OUND,489/K-RL/2024,,Pemberian Kutipan Risalah Lelang,, Total,
05/09/2024 10:30:24,89JPNX,307/VPPH/2024,,Validasi PPh (1 bidang),, Total,
05/09/2024 11:02:59,1783,490/K-RL/2024,,Pemberian Kutipan Risalah Lelang,, Total,
05/09/2024 11:05:22,T4UJDX,491/K-RL/2024,,Pemberian Kutipan Risalah Lelang,, Total,
05/09/2024 11:13:18,1783,308/VPPH/2024,,Validasi PPh (1 bidang),, Total,
05/09/2024 13:08:05,YPALCB,492/K-RL/2024,,Pemberian Kutipan Risalah Lelang,, Total,
05/09/2024 15:12:45,TR2J0K,493/K-RL/2024,,Pemberian Kutipan Risalah Lelang,, Total,
05/09/2024 15:28:47,9UZ7SN,370/KPHL/2024,,Pemberian Kuitansi Pembayaran Harga Lelang,, Total,
05/09/2024 15:34:42,M1OOT6,371/KPHL/2024,,Pemberian Kuitansi Pembayaran Harga Lelang,, Total,
05/09/2024 15:35:43,PMJDHT,494/K-RL/2024,,Pemberian Kutipan Risalah Lelang,, Total,
05/09/2024 15:40:18,IFPEVW,372/KPHL/2024,,Pemberian Kuitansi Pembayaran Harga Lelang,, Total,
05/09/2024 15:46:47,LDL6OS,373/KPHL/2024,,Pemberian Kuitansi Pembayaran Harga Lelang,, Total,
05/09/2024 15:53:23,VFKWQX,375/KPHL/2024,,Pemberian Kuitansi Pembayaran Harga Lelang,, Total,
05/09/2024 15:55:56,HMQX1I,374/KPHL/2024,,Pemberian Kuitansi Pembayaran Harga Lelang,, Total,
05/09/2024 16:48:16,NVMEPL,376/KPHL/2024,,Pemberian Kuitansi Pembayaran Harga Lelang,, Total,
05/09/2024 16:52:07,NVMEPL,495/K-RL/2024,,Pemberian Kutipan Risalah Lelang,, Total,
05/09/2024 19:23:41,WG2QRG,377/KPHL/2024,,Pemberian Kuitansi Pembayaran Harga Lelang,, Total,
06/09/2024 0:21:37,3RH82X,309/VPPH/2024,,Validasi PPh (1 bidang),, Total,
06/09/2024 8:19:15,S9EC6W,378/KPHL/2024,,Pemberian Kuitansi Pembayaran Harga Lelang,, Total,
06/09/2024 8:26:19,Y0AB5F,379/KPHL/2024,,Pemberian Kuitansi Pembayaran Harga Lelang,, Total,
06/09/2024 8:41:18,MCBA4H,380/KPHL/2024,,Pemberian Kuitansi Pembayaran Harga Lelang,, Total,
06/09/2024 8:43:36,FUQN5K,381/KPHL/2024,,Pemberian Kuitansi Pembayaran Harga Lelang,, Total,
06/09/2024 8:57:38,DPMZTK,496/K-RL/2024,,Pemberian Kutipan Risalah Lelang,, Total,
06/09/2024 9:32:24,3CTRP6,382/KPHL/2024,,Pemberian Kuitansi Pembayaran Harga Lelang,, Total,
06/09/2024 10:34:01,SQHB17,383/KPHL/2024,,Pemberian Kuitansi Pembayaran Harga Lelang,, Total,
06/09/2024 10:44:01,P1FWNF,497/K-RL/2024,,Pemberian Kutipan Risalah Lelang,, Total,
06/09/2024 10:45:41,WJJK8S,384/KPHL/2024,,Pemberian Kuitansi Pembayaran Harga Lelang,, Total,
06/09/2024 11:01:09,0TRH2U,385/KPHL/2024,,Pemberian Kuitansi Pembayaran Harga Lelang,, Total,
06/09/2024 11:06:12,MU8GWN,386/KPHL/2024,,Pemberian Kuitansi Pembayaran Harga Lelang,, Total,
06/09/2024 11:09:51,P1FWNF,310/VPPH/2024,,Validasi PPh (1 bidang),, Total,
06/09/2024 11:11:23,T25ZAP,387/KPHL/2024,,Pemberian Kuitansi Pembayaran Harga Lelang,, Total,
06/09/2024 11:15:50,LVKMEH,388/KPHL/2024,,Pemberian Kuitansi Pembayaran Harga Lelang,, Total,
06/09/2024 11:19:59,FSEUBE,389/KPHL/2024,,Pemberian Kuitansi Pembayaran Harga Lelang,, Total,
06/09/2024 12:13:27,5DULQR,498/K-RL/2024,,Pemberian Kutipan Risalah Lelang,, Total,
06/09/2024 12:45:56,TMR4JU,390/KPHL/2024,,Pemberian Kuitansi Pembayaran Harga Lelang,, Total,
06/09/2024 13:15:38,8XTHNF,391/KPHL/2024,,Pemberian Kuitansi Pembayaran Harga Lelang,, Total,
06/09/2024 13:17:20,9UXSKG,392/KPHL/2024,,Pemberian Kuitansi Pembayaran Harga Lelang,, Total,
06/09/2024 13:21:45,9UXSKG,499/K-RL/2024,,Pemberian Kutipan Risalah Lelang,, Total,
06/09/2024 14:34:09,Kwoeal,500/K-RL/2024,,Pemberian Kutipan Risalah Lelang,, Total,
06/09/2024 15:00:54,JIV5T8,501/K-RL/2024,,Pemberian Kutipan Risalah Lelang,, Total,
06/09/2024 15:59:20,VCCHRG,502/K-RL/2024,,Pemberian Kutipan Risalah Lelang,, Total,
06/09/2024 16:17:24,VCCHRG,311/VPPH/2024,,Validasi PPh (1 bidang),, Total,
07/09/2024 5:14:30,7WN1TC,393/KPHL/2024,,Pemberian Kuitansi Pembayaran Harga Lelang,, Total,
07/09/2024 5:17:24,QKASEP,394/KPHL/2024,,Pemberian Kuitansi Pembayaran Harga Lelang,, Total,
07/09/2024 5:20:15,GP658B,395/KPHL/2024,,Pemberian Kuitansi Pembayaran Harga Lelang,, Total,
08/09/2024 13:35:05,2JNGER,396/KPHL/2024,,Pemberian Kuitansi Pembayaran Harga Lelang,, Total,
08/09/2024 21:15:43,I0UXJ9,397/KPHL/2024,,Pemberian Kuitansi Pembayaran Harga Lelang,, Total,
08/09/2024 21:17:51,I0UXJ9,503/K-RL/2024,,Pemberian Kutipan Risalah Lelang,, Total,
09/09/2024 9:11:02,GLK1T0,504/K-RL/2024,,Pemberian Kutipan Risalah Lelang,, Total,
09/09/2024 9:36:02,GDWI2Y,398/KPHL/2024,,Pemberian Kuitansi Pembayaran Harga Lelang,, Total,
09/09/2024 10:08:11,CFQJ3F,399/KPHL/2024,,Pemberian Kuitansi Pembayaran Harga Lelang,, Total,
09/09/2024 11:14:47,ICP178,505/K-RL/2024,,Pemberian Kutipan Risalah Lelang,, Total,
09/09/2024 11:20:44,NACJNO,400/KPHL/2024,,Pemberian Kuitansi Pembayaran Harga Lelang,, Total,
09/09/2024 11:28:16,227422,506/K-RL/2024,,Pemberian Kutipan Risalah Lelang,, Total,
09/09/2024 11:59:06,P8HDK4,401/KPHL/2024,,Pemberian Kuitansi Pembayaran Harga Lelang,, Total,
09/09/2024 12:46:56,BIPAGY,402/KPHL/2024,,Pemberian Kuitansi Pembayaran Harga Lelang,, Total,
09/09/2024 12:51:54,BIPAGY,507/K-RL/2024,,Pemberian Kutipan Risalah Lelang,, Total,
09/09/2024 13:06:32,3QH4YL,403/KPHL/2024,,Pemberian Kuitansi Pembayaran Harga Lelang,, Total,
09/09/2024 16:01:59,PMJDHT,312/VPPH/2024,,Validasi PPh (1 bidang),, Total,
09/09/2024 16:28:41,UGT6EQ,508/K-RL/2024,,Pemberian Kutipan Risalah Lelang,, Total,
09/09/2024 21:20:33,0PHCSK,404/KPHL/2024,,Pemberian Kuitansi Pembayaran Harga Lelang,, Total,
10/09/2024 9:29:07,8XTHNF,509/K-RL/2024,,Pemberian Kutipan Risalah Lelang,, Total,
10/09/2024 11:07:13,3CTRP6,510/K-RL/2024,,Pemberian Kutipan Risalah Lelang,, Total,
10/09/2024 11:38:37,3FX4V7,511/K-RL/2024,,Pemberian Kutipan Risalah Lelang,, Total,
10/09/2024 12:23:08,BRU7MS,405/KPHL/2024,,Pemberian Kuitansi Pembayaran Harga Lelang,, Total,
10/09/2024 12:41:12,BRU7MS,512/K-RL/2024,,Pemberian Kutipan Risalah Lelang,, Total,
10/09/2024 12:48:04,KX2DGN,513/K-RL/2024,,Pemberian Kutipan Risalah Lelang,, Total,
10/09/2024 12:49:24,GRMVYG,514/K-RL/2024,,Pemberian Kutipan Risalah Lelang,, Total,
10/09/2024 12:57:40,MHTORV,406/KPHL/2024,,Pemberian Kuitansi Pembayaran Harga Lelang,, Total,
10/09/2024 14:32:34,DPMZTK,313/VPPH/2024,,Validasi PPh (1 bidang),, Total,
10/09/2024 14:33:49,DPMZTK,314/VPPH/2024,,Validasi PPh (1 bidang),, Total,
10/09/2024 16:27:21,XQRE5S,407/KPHL/2024,,Pemberian Kuitansi Pembayaran Harga Lelang,, Total,
11/09/2024 9:03:27,LNV1X2,515/K-RL/2024,,Pemberian Kutipan Risalah Lelang,, Total,
11/09/2024 10:39:10,3RH82X,516/K-RL/2024,,Pemberian Kutipan Risalah Lelang,, Total,
11/09/2024 10:43:02,NNLWLH,315/VPPH/2024,,Validasi PPh (1 bidang),, Total,
11/09/2024 20:31:19,GHHKGT,517/K-RL/2024,,Pemberian Kutipan Risalah Lelang,, Total,
13/09/2024 7:44:01,BIPAGY,408/KPHL/2024,,Pemberian Kuitansi Pembayaran Harga Lelang,, Total,
13/09/2024 9:25:01,JRDD0J,518/K-RL/2024,,Pemberian Kutipan Risalah Lelang,, Total,
13/09/2024 10:52:19,IF8LHN,519/K-RL/2024,,Pemberian Kutipan Risalah Lelang,, Total,
13/09/2024 11:03:56,N8FMHY,520/K-RL/2024,,Pemberian Kutipan Risalah Lelang,, Total,
13/09/2024 15:40:42,HVQMAE,409/KPHL/2024,,Pemberian Kuitansi Pembayaran Harga Lelang,, Total,
13/09/2024 15:45:55,ACMBVY,410/KPHL/2024,,Pemberian Kuitansi Pembayaran Harga Lelang,, Total,
13/09/2024 16:48:13,TMR5JU,521/K-RL/2024,,Pemberian Kutipan Risalah Lelang,, Total,
13/09/2024 21:13:05,TMR4JU,316/VPPH/2024,,Validasi PPh (1 bidang),, Total,
13/09/2024 21:25:27,TMR4JU,317/VPPH/2024,,Validasi PPh (1 bidang),, Total,
17/09/2024 7:11:51,GDW12Y,522/K-RL/2024,,Pemberian Kutipan Risalah Lelang,, Total,
17/09/2024 8:22:30,3FX4V7,523/K-RL/2024,,Pemberian Kutipan Risalah Lelang,, Total,
17/09/2024 8:38:20,LQDMMV,524/K-RL/2024,,Pemberian Kutipan Risalah Lelang,, Total,
17/09/2024 9:35:36,MHTORV,525/K-RL/2024,,Pemberian Kutipan Risalah Lelang,, Total,
17/09/2024 9:44:38,ZYO6PS,411/KPHL/2024,,Pemberian Kuitansi Pembayaran Harga Lelang,, Total,
17/09/2024 9:45:49,MHTORV,318/VPPH/2024,,Validasi PPh (1 bidang),, Total,
17/09/2024 12:01:37,GNBCPB,412/KPHL/2024,,Pemberian Kuitansi Pembayaran Harga Lelang,, Total,
17/09/2024 12:43:21,GDWI2Y,319/VPPH/2024,,Validasi PPh (1 bidang),, Total,
17/09/2024 20:20:12,F5RWMZ,526/K-RL/2024,,Pemberian Kutipan Risalah Lelang,, Total,
18/09/2024 5:07:14,G5WQIY,527/K-RL/2024,,Pemberian Kutipan Risalah Lelang,, Total,
18/09/2024 9:59:08,7CJCFV,413/KPHL/2024,,Pemberian Kuitansi Pembayaran Harga Lelang,, Total,
18/09/2024 11:15:01,UZFIE4,414/KPHL/2024,,Pemberian Kuitansi Pembayaran Harga Lelang,, Total,
18/09/2024 11:32:09,3QH4YL,528/K-RL/2024,,Pemberian Kutipan Risalah Lelang,, Total,
18/09/2024 11:51:42,3QH4YL,320/VPPH/2024,,Validasi PPh (1 bidang),, Total,
18/09/2024 12:01:54,3QH4YL,321/VPPH/2024,,Validasi PPh (1 bidang),, Total,
18/09/2024 13:33:08,OMF5BU,415/KPHL/2024,,Pemberian Kuitansi Pembayaran Harga Lelang,, Total,
18/09/2024 14:30:12,SYYFI3,529/K-RL/2024,,Pemberian Kutipan Risalah Lelang,, Total,
18/09/2024 15:02:24,O6G1PQ,416/KPHL/2024,,Pemberian Kuitansi Pembayaran Harga Lelang,, Total,
18/09/2024 15:20:13,KZRUYJ,417/KPHL/2024,,Pemberian Kuitansi Pembayaran Harga Lelang,, Total,
18/09/2024 15:38:41,TMR4JU,530/K-RL/2024,,Pemberian Kutipan Risalah Lelang,, Total,
18/09/2024 16:46:51,XQRE5S,531/K-RL/2024,,Pemberian Kutipan Risalah Lelang,, Total,
18/09/2024 18:02:41,TMR4JU,322/VPPH/2024,,Validasi PPh (1 bidang),, Total,
18/09/2024 18:29:03,TMR4JU,323/VPPH/2024,,Validasi PPh (1 bidang),, Total,
19/09/2024 8:45:02,ZJGOHR,418/KPHL/2024,,Pemberian Kuitansi Pembayaran Harga Lelang,, Total,
19/09/2024 10:16:08,EBOKY9,532/K-RL/2024,,Pemberian Kutipan Risalah Lelang,, Total,
19/09/2024 14:18:34,ophcsk,533/K-RL/2024,,Pemberian Kutipan Risalah Lelang,, Total,
19/09/2024 15:12:37,TM834H,534/K-RL/2024,,Pemberian Kutipan Risalah Lelang,, Total,
19/09/2024 15:29:28,TM834H,324/VPPH/2024,,Validasi PPh (1 bidang),, Total,
19/09/2024 15:43:11,D2XKVV,535/K-RL/2024,,Pemberian Kutipan Risalah Lelang,, Total,
19/09/2024 21:43:48,YRFRLQ,419/KPHL/2024,,Pemberian Kuitansi Pembayaran Harga Lelang,, Total,
20/09/2024 10:12:26,1NTUGS,325/VPPH/2024,,Validasi PPh (1 bidang),, Total,
20/09/2024 10:23:38,1NTUGS,536/K-RL/2024,,Pemberian Kutipan Risalah Lelang,, Total,
20/09/2024 15:00:24,QYMMQL,420/KPHL/2024,,Pemberian Kuitansi Pembayaran Harga Lelang,, Total,
20/09/2024 17:34:21,HZCCM6,421/KPHL/2024,,Pemberian Kuitansi Pembayaran Harga Lelang,, Total,
20/09/2024 17:43:46,AKVW9Q,422/KPHL/2024,,Pemberian Kuitansi Pembayaran Harga Lelang,, Total,
20/09/2024 19:21:05,O0WTPV,423/KPHL/2024,,Pemberian Kuitansi Pembayaran Harga Lelang,, Total,
23/09/2024 10:34:15,XQRE5S,326/VPPH/2024,,Validasi PPh (1 bidang),, Total,
23/09/2024 12:08:58,NNLWLH,327/VPPH/2024,,Validasi PPh (1 bidang),, Total,
23/09/2024 13:36:20,6MEEHS,537/K-RL/2024,,Pemberian Kutipan Risalah Lelang,, Total,
23/09/2024 13:47:05,6MEEHS,328/VPPH/2024,,Validasi PPh (1 bidang),, Total,
23/09/2024 15:55:54,Q9OUND,329/VPPH/2024,,Validasi PPh (1 bidang),, Total,
23/09/2024 22:03:44,ZXDGCC,538/K-RL/2024,,Pemberian Kutipan Risalah Lelang,, Total,
24/09/2024 8:28:56,TAGMEW,539/K-RL/2024,,Pemberian Kutipan Risalah Lelang,, Total,
24/09/2024 9:42:48,JRDD0J,330/VPPH/2024,,Validasi PPh (1 bidang),, Total,
24/09/2024 10:23:32,D2XKVV,331/VPPH/2024,,Validasi PPh (1 bidang),, Total,
24/09/2024 10:26:10,3CTRP6,540/K-RL/2024,,Pemberian Kutipan Risalah Lelang,, Total,
24/09/2024 10:35:02,3CTRP6,332/VPPH/2024,,Validasi PPh (1 bidang),, Total,
24/09/2024 11:25:31,JHU5XN,541/K-RL/2024,,Pemberian Kutipan Risalah Lelang,, Total,
24/09/2024 11:42:29,P1AB9E,424/KPHL/2024,,Pemberian Kuitansi Pembayaran Harga Lelang,, Total,
24/09/2024 17:29:36,604214,542/K-RL/2024,,Pemberian Kutipan Risalah Lelang,, Total,
25/09/2024 10:06:25,EFPD1M,543/K-RL/2024,,Pemberian Kutipan Risalah Lelang,, Total,
25/09/2024 20:56:38,TAGMEW,333/VPPH/2024,,Validasi PPh (1 bidang),, Total,
26/09/2024 7:08:19,QYMMQL,544/K-RL/2024,,Pemberian Kutipan Risalah Lelang,, Total,
26/09/2024 7:51:11,ASRG6A,545/K-RL/2024,,Pemberian Kutipan Risalah Lelang,, Total,
26/09/2024 8:02:49,7WSZID,546/K-RL/2024,,Pemberian Kutipan Risalah Lelang,, Total,
26/09/2024 9:29:09,GCC04W,425/KPHL/2024,,Pemberian Kuitansi Pembayaran Harga Lelang,, Total,
26/09/2024 10:04:42,CESLED,426/KPHL/2024,,Pemberian Kuitansi Pembayaran Harga Lelang,, Total,
26/09/2024 12:04:52,EBOKY9,334/VPPH/2024,,Validasi PPh (1 bidang),, Total,
26/09/2024 12:30:08,NGMADO,427/KPHL/2024,,Pemberian Kuitansi Pembayaran Harga Lelang,, Total,
26/09/2024 13:09:52,NGMAD0,428/KPHL/2024,,Pemberian Kuitansi Pembayaran Harga Lelang,, Total,
26/09/2024 13:58:19,ORNZ12,335/VPPH/2024,,Validasi PPh (1 bidang),, Total,
26/09/2024 14:01:38,NGMAD0,547/K-RL/2024,,Pemberian Kutipan Risalah Lelang,, Total,
26/09/2024 14:03:27,PV7UNG,548/K-RL/2024,,Pemberian Kutipan Risalah Lelang,, Total,
26/09/2024 14:33:11,6MEEHS,549/K-RL/2024,,Pemberian Kutipan Risalah Lelang,, Total,
26/09/2024 15:03:19,NGMAD0,550/K-RL/2024,,Pemberian Kutipan Risalah Lelang,, Total,
26/09/2024 15:17:01,XU7RND,551/K-RL/2024,,Pemberian Kutipan Risalah Lelang,, Total,
26/09/2024 15:26:29,MPVRK3,429/KPHL/2024,,Pemberian Kuitansi Pembayaran Harga Lelang,, Total,
26/09/2024 15:41:27,XU7RND,337/VPPH/2024,,Validasi PPh (1 bidang),, Total,
26/09/2024 16:19:33,PV7UNG,338/VPPH/2024,,Validasi PPh (1 bidang),, Total,
26/09/2024 16:20:16,PV7UNG,336/VPPH/2024,,Validasi PPh (1 bidang),, Total,
26/09/2024 17:07:20,JUIDYK,339/VPPH/2024,,Validasi PPh (1 bidang),, Total,
26/09/2024 17:10:39,JUIDYK,552/K-RL/2024,,Pemberian Kutipan Risalah Lelang,, Total,
27/09/2024 10:04:13,KZRUYJ,340/VPPH/2024,,Validasi PPh (1 bidang),, Total,
27/09/2024 10:53:28,SQHB17,553/K-RL/2024,,Pemberian Kutipan Risalah Lelang,, Total,
27/09/2024 11:23:54,SQHB17,341/VPPH/2024,,Validasi PPh (1 bidang),, Total,
27/09/2024 14:42:13,GZPXNO,554/K-RL/2024,,Pemberian Kutipan Risalah Lelang,, Total,
27/09/2024 14:53:38,GZPXNO,342/VPPH/2024,,Validasi PPh (1 bidang),, Total,
28/09/2024 13:37:02,UZFIE4,343/VPPH/2024,,Validasi PPh (1 bidang),, Total,
28/09/2024 14:10:32,HM1UW8,555/K-RL/2024,,Pemberian Kutipan Risalah Lelang,, Total,
30/09/2024 12:34:43,NBMPLE,556/K-RL/2024,,Pemberian Kutipan Risalah Lelang,, Total,
30/09/2024 16:05:02,QYMMQL,344/VPPH/2024,,Validasi PPh (1 bidang),, Total,
01/10/2024 10:08:15,CFLSW2,557/K-RL/2024,,Pemberian Kutipan Risalah Lelang,, Total,
01/10/2024 10:13:09,SOFLK4,558/K-RL/2024,,Pemberian Kutipan Risalah Lelang,, Total,
01/10/2024 12:05:11,9DKHSY,559/K-RL/2024,,Pemberian Kutipan Risalah Lelang,, Total,
01/10/2024 12:21:05,9DKHSY,345/VPPH/2024,,Validasi PPh (1 bidang),, Total,
01/10/2024 12:23:47,ZLBW9U,430/KPHL/2024,,Pemberian Kuitansi Pembayaran Harga Lelang,, Total,
01/10/2024 12:53:58,SLWYW0,431/KPHL/2024,,Pemberian Kuitansi Pembayaran Harga Lelang,, Total,
01/10/2024 13:18:49,MV052S,432/KPHL/2024,,Pemberian Kuitansi Pembayaran Harga Lelang,, Total,
01/10/2024 13:24:02,XSQGCW,560/K-RL/2024,,Pemberian Kutipan Risalah Lelang,, Total,
01/10/2024 13:35:15,GNBCPB,561/K-RL/2024,,Pemberian Kutipan Risalah Lelang,, Total,
01/10/2024 13:58:47,GNBCPB,346/VPPH/2024,,Validasi PPh (1 bidang),, Total,
01/10/2024 18:21:48,URRZE5,562/K-RL/2024,,Pemberian Kutipan Risalah Lelang,, Total,
01/10/2024 18:28:37,URRZE5,563/K-RL/2024,,Pemberian Kutipan Risalah Lelang,, Total,
02/10/2024 9:33:19,P1AB9E,564/K-RL/2024,,Pemberian Kutipan Risalah Lelang,, Total,
02/10/2024 10:05:57,CESLED,565/K-RL/2024,,Pemberian Kutipan Risalah Lelang,, Total,
02/10/2024 10:14:29,CESLED,347/VPPH/2024,,Validasi PPh (1 bidang),, Total,
02/10/2024 11:02:32,2CVTN1,433/KPHL/2024,,Pemberian Kuitansi Pembayaran Harga Lelang,, Total,
02/10/2024 11:07:48,LEK6CW,434/KPHL/2024,,Pemberian Kuitansi Pembayaran Harga Lelang,, Total,
02/10/2024 14:33:06,2JNGER,566/K-RL/2024,,Pemberian Kutipan Risalah Lelang,, Total,
02/10/2024 14:41:00,2JNGER,567/K-RL/2024,,Pemberian Kutipan Risalah Lelang,, Total,
02/10/2024 14:53:56,2JNGER,348/VPPH/2024,,Validasi PPh (1 bidang),, Total,
02/10/2024 15:31:42,2J96RO,435/KPHL/2024,,Pemberian Kuitansi Pembayaran Harga Lelang,, Total,
03/10/2024 6:50:09,OTTSUF,436/KPHL/2024,,Pemberian Kuitansi Pembayaran Harga Lelang,, Total,
03/10/2024 9:26:44,G5WQIY,568/K-RL/2024,,Pemberian Kutipan Risalah Lelang,, Total,
03/10/2024 10:06:34,R0PKJL,349/VPPH/2024,,Validasi PPh (1 bidang),, Total,
03/10/2024 10:39:35,G5WQIY,350/VPPH/2024,,Validasi PPh (1 bidang),, Total,
03/10/2024 12:05:29,2WMG,437/KPHL/2024,,Pemberian Kuitansi Pembayaran Harga Lelang,, Total,
03/10/2024 13:06:46,MMJZKX,569/K-RL/2024,,Pemberian Kutipan Risalah Lelang,, Total,
03/10/2024 16:40:53,TM8HDA,438/KPHL/2024,,Pemberian Kuitansi Pembayaran Harga Lelang,, Total,
04/10/2024 9:55:21,FCY0ZH,439/KPHL/2024,,Pemberian Kuitansi Pembayaran Harga Lelang,, Total,
04/10/2024 11:24:28,UZFIE4,570/K-RL/2024,,Pemberian Kutipan Risalah Lelang,, Total,
04/10/2024 13:30:10,NNLWLH,571/K-RL/2024,,Pemberian Kutipan Risalah Lelang,, Total,
04/10/2024 14:16:17,KXVLOU,572/K-RL/2024,,Pemberian Kutipan Risalah Lelang,, Total,
04/10/2024 14:17:12,TM8HDA,573/K-RL/2024,,Pemberian Kutipan Risalah Lelang,, Total,
04/10/2024 16:08:56,TM8HDA,574/K-RL/2024,,Pemberian Kutipan Risalah Lelang,, Total,
04/10/2024 19:22:15,P1AB9E,575/K-RL/2024,,Pemberian Kutipan Risalah Lelang,, Total,
07/10/2024 8:39:40,JJXLDY,440/KPHL/2024,,Pemberian Kuitansi Pembayaran Harga Lelang,, Total,
07/10/2024 8:43:20,E53KAW,441/KPHL/2024,,Pemberian Kuitansi Pembayaran Harga Lelang,, Total,
07/10/2024 8:44:20,MYJCO2,576/K-RL/2024,,Pemberian Kutipan Risalah Lelang,, Total,
07/10/2024 8:46:37,TCVDIN,577/K-RL/2024,,Pemberian Kutipan Risalah Lelang,, Total,
07/10/2024 8:53:01,JJXLDY,578/K-RL/2024,,Pemberian Kutipan Risalah Lelang,, Total,
07/10/2024 8:57:17,E53KAW,579/K-RL/2024,,Pemberian Kutipan Risalah Lelang,, Total,
07/10/2024 10:50:10,2Q6VZY,442/KPHL/2024,,Pemberian Kuitansi Pembayaran Harga Lelang,, Total,
07/10/2024 11:47:59,TM8HDA,580/K-RL/2024,,Pemberian Kutipan Risalah Lelang,, Total,
08/10/2024 20:19:24,IHKZ5W,581/K-RL/2024,,Pemberian Kutipan Risalah Lelang,, Total,
09/10/2024 8:54:24,HU0RRD,443/KPHL/2024,,Pemberian Kuitansi Pembayaran Harga Lelang,, Total,
09/10/2024 9:01:38,GCC04W,351/VPPH/2024,,Validasi PPh (1 bidang),, Total,
09/10/2024 9:58:32,GCC04W,582/K-RL/2024,,Pemberian Kutipan Risalah Lelang,, Total,
09/10/2024 16:29:42,0PHCSK,352/VPPH/2024,,Validasi PPh (1 bidang),, Total,
10/10/2024 8:40:29,KZRUYJ,583/K-RL/2024,,Pemberian Kutipan Risalah Lelang,, Total,
10/10/2024 9:58:30,C27WZ3,444/KPHL/2024,,Pemberian Kuitansi Pembayaran Harga Lelang,, Total,
10/10/2024 10:41:43,C27WZ3,584/K-RL/2024,,Pemberian Kutipan Risalah Lelang,, Total,
10/10/2024 10:59:01,X7VVCE,445/KPHL/2024,,Pemberian Kuitansi Pembayaran Harga Lelang,, Total,
10/10/2024 11:03:12,JOCDPL,585/K-RL/2024,,Pemberian Kutipan Risalah Lelang,, Total,
10/10/2024 11:29:35,JOCDPL,586/K-RL/2024,,Pemberian Kutipan Risalah Lelang,, Total,
10/10/2024 11:34:00,VELNCS,446/KPHL/2024,,Pemberian Kuitansi Pembayaran Harga Lelang,, Total,
10/10/2024 11:39:03,VELNCS,447/KPHL/2024,,Pemberian Kuitansi Pembayaran Harga Lelang,, Total,
10/10/2024 12:11:51,8JEJVH,448/KPHL/2024,,Pemberian Kuitansi Pembayaran Harga Lelang,, Total,
10/10/2024 12:12:25,IG9QBZ,587/K-RL/2024,,Pemberian Kutipan Risalah Lelang,, Total,
10/10/2024 13:49:41,XKLKR9,588/K-RL/2024,,Pemberian Kutipan Risalah Lelang,, Total,
10/10/2024 14:05:30,OGVX5L,589/K-RL/2024,,Pemberian Kutipan Risalah Lelang,, Total,
10/10/2024 14:29:58,TR2J0K,353/VPPH/2024,,Validasi PPh (1 bidang),, Total,
10/10/2024 15:26:51,FRDTQO,590/K-RL/2024,,Pemberian Kutipan Risalah Lelang,, Total,
11/10/2024 16:46:19,TM8HDA,354/VPPH/2024,,Validasi PPh (1 bidang),, Total,
11/10/2024 22:04:09,JB6XRY,449/KPHL/2024,,Pemberian Kuitansi Pembayaran Harga Lelang,, Total,
14/10/2024 8:34:10,R5KJMW,591/K-RL/2024,,Pemberian Kutipan Risalah Lelang,, Total,
14/10/2024 8:57:59,R5KJMW,355/VPPH/2024,,Validasi PPh (1 bidang),, Total,
14/10/2024 9:09:22,W0J5XK,592/K-RL/2024,,Pemberian Kutipan Risalah Lelang,, Total,
14/10/2024 9:57:03,FRI47B,450/KPHL/2024,,Pemberian Kuitansi Pembayaran Harga Lelang,, Total,
14/10/2024 10:15:59,8JEJVH,593/K-RL/2024,,Pemberian Kutipan Risalah Lelang,, Total,
14/10/2024 11:27:22,P1AB9E,356/VPPH/2024,,Validasi PPh (1 bidang),, Total,
14/10/2024 13:19:34,JB6XRY,451/KPHL/2024,,Pemberian Kuitansi Pembayaran Harga Lelang,, Total,
14/10/2024 13:53:48,U6KHHz,594/K-RL/2024,,Pemberian Kutipan Risalah Lelang,, Total,
14/10/2024 22:32:58,040308,452/KPHL/2024,,Pemberian Kuitansi Pembayaran Harga Lelang,, Total,
15/10/2024 10:39:28,IE1lFI,453/KPHL/2024,,Pemberian Kuitansi Pembayaran Harga Lelang,, Total,
15/10/2024 11:15:15,USCO4D,454/KPHL/2024,,Pemberian Kuitansi Pembayaran Harga Lelang,, Total,
15/10/2024 11:56:22,FAF9SI,595/K-RL/2024,,Pemberian Kutipan Risalah Lelang,, Total,
15/10/2024 12:07:10,FAF9SI,357/VPPH/2024,,Validasi PPh (1 bidang),, Total,
15/10/2024 12:22:13,O1Z0ER,455/KPHL/2024,,Pemberian Kuitansi Pembayaran Harga Lelang,, Total,
15/10/2024 12:27:53,O1Z0ER,596/K-RL/2024,,Pemberian Kutipan Risalah Lelang,, Total,
15/10/2024 17:59:57,CFQJ3F,597/K-RL/2024,,Pemberian Kutipan Risalah Lelang,, Total,
15/10/2024 18:15:22,CFQJ3F,358/VPPH/2024,,Validasi PPh (1 bidang),, Total,
15/10/2024 18:27:10,CFQJ3F,359/VPPH/2024,,Validasi PPh (1 bidang),, Total,
15/10/2024 18:37:03,CFQJ3F,360/VPPH/2024,,Validasi PPh (1 bidang),, Total,
16/10/2024 8:42:02,WTH4OW,456/KPHL/2024,,Pemberian Kuitansi Pembayaran Harga Lelang,, Total,
16/10/2024 8:56:49,AWCB5Q,598/K-RL/2024,,Pemberian Kutipan Risalah Lelang,, Total,
16/10/2024 9:07:23,OTTSUF,599/K-RL/2024,,Pemberian Kutipan Risalah Lelang,, Total,
16/10/2024 9:11:25,HM1UW8,600/K-RL/2024,,Pemberian Kutipan Risalah Lelang,, Total,
,VBTXOZ,457/KPHL/2024,,Pemberian Kuitansi Pembayaran Harga Lelang,, Total,
16/10/2024 10:40:34,SIU0MW,361/VPPH/2024,,Validasi PPh (1 bidang),, Total,
16/10/2024 10:45:03,IO4YGC,601/K-RL/2024,,Pemberian Kutipan Risalah Lelang,, Total,
16/10/2024 11:37:44,VBTXOZ,602/K-RL/2024,,Pemberian Kutipan Risalah Lelang,, Total,
16/10/2024 12:45:36,2J96RO,603/K-RL/2024,,Pemberian Kutipan Risalah Lelang,, Total,
16/10/2024 12:53:56,2J96RO,362/VPPH/2024,,Validasi PPh (1 bidang),, Total,
16/10/2024 14:52:32,ACMBVY,604/K-RL/2024,,Pemberian Kutipan Risalah Lelang,, Total,
16/10/2024 14:58:40,HVQMAE,605/K-RL/2024,,Pemberian Kutipan Risalah Lelang,, Total,
16/10/2024 19:31:02,OJWE8O,606/K-RL/2024,,Pemberian Kutipan Risalah Lelang,, Total,
16/10/2024 20:02:56,OJWE9O,363/VPPH/2024,,Validasi PPh (1 bidang),, Total,
17/10/2024 6:41:16,SKTLV,458/KPHL/2024,,Pemberian Kuitansi Pembayaran Harga Lelang,, Total,
17/10/2024 6:49:50,PQW67O,459/KPHL/2024,,Pemberian Kuitansi Pembayaran Harga Lelang,, Total,
17/10/2024 8:36:11,YRUINX,460/KPHL/2024,,Pemberian Kuitansi Pembayaran Harga Lelang,, Total,
17/10/2024 8:40:05,YRU1NX,607/K-RL/2024,,Pemberian Kutipan Risalah Lelang,, Total,
17/10/2024 9:05:11,PMJDHT,364/VPPH/2024,,Validasi PPh (1 bidang),, Total,
17/10/2024 9:11:00,UVTOXJ,608/K-RL/2024,,Pemberian Kutipan Risalah Lelang,, Total,
17/10/2024 9:27:00,OGVX5L,609/K-RL/2024,,Pemberian Kutipan Risalah Lelang,, Total,
17/10/2024 10:30:26,8JEJVH,610/K-RL/2024,,Pemberian Kutipan Risalah Lelang,, Total,
17/10/2024 10:50:18,W0J5XK,365/VPPH/2024,,Validasi PPh (1 bidang),, Total,
17/10/2024 11:59:59,276008,461/KPHL/2024,,Pemberian Kuitansi Pembayaran Harga Lelang,, Total,
17/10/2024 14:27:38,YRUINX,611/K-RL/2024,,Pemberian Kutipan Risalah Lelang,, Total,
17/10/2024 14:28:58,P1EOHS,462/KPHL/2024,,Pemberian Kuitansi Pembayaran Harga Lelang,, Total,
17/10/2024 14:33:46,YRUINX,463/KPHL/2024,,Pemberian Kuitansi Pembayaran Harga Lelang,, Total,
17/10/2024 15:11:15,ZLBW9U,612/K-RL/2024,,Pemberian Kutipan Risalah Lelang,, Total,
17/10/2024 16:20:34,N6QMUZ,464/KPHL/2024,,Pemberian Kuitansi Pembayaran Harga Lelang,, Total,
17/10/2024 16:31:28,OCGC3S,465/KPHL/2024,,Pemberian Kuitansi Pembayaran Harga Lelang,, Total,
17/10/2024 16:36:51,IOZFVU,466/KPHL/2024,,Pemberian Kuitansi Pembayaran Harga Lelang,, Total,
18/10/2024 9:13:09,ABPACG,467/KPHL/2024,,Pemberian Kuitansi Pembayaran Harga Lelang,, Total,
18/10/2024 9:49:51,DYO4HF,468/KPHL/2024,,Pemberian Kuitansi Pembayaran Harga Lelang,, Total,
18/10/2024 13:55:48,1IDGPT,613/K-RL/2024,,Pemberian Kutipan Risalah Lelang,, Total,
19/10/2024 6:04:27,OJWE9O,366/VPPH/2024,,Validasi PPh (1 bidang),, Total,
19/10/2024 6:15:09,OJWE9O,367/VPPH/2024,,Validasi PPh (1 bidang),, Total,
19/10/2024 6:20:35,OJWE9O,368/VPPH/2024,,Validasi PPh (1 bidang),, Total,
19/10/2024 6:26:25,OJWE9O,369/VPPH/2024,,Validasi PPh (1 bidang),, Total,
19/10/2024 6:31:39,OJWE9O,370/VPPH/2024,,Validasi PPh (1 bidang),, Total,
19/10/2024 6:35:56,OJWE9O,371/VPPH/2024,,Validasi PPh (1 bidang),, Total,
19/10/2024 6:41:29,OJWE9O,372/VPPH/2024,,Validasi PPh (1 bidang),, Total,
19/10/2024 6:46:33,OJWE9O,373/VPPH/2024,,Validasi PPh (1 bidang),, Total,
19/10/2024 9:01:05,87KXV2,469/KPHL/2024,,Pemberian Kuitansi Pembayaran Harga Lelang,, Total,
21/10/2024 8:08:03,LAM2QY,470/KPHL/2024,,Pemberian Kuitansi Pembayaran Harga Lelang,, Total,
21/10/2024 9:50:02,AXQ31F,471/KPHL/2024,,Pemberian Kuitansi Pembayaran Harga Lelang,, Total,
21/10/2024 10:09:49,M5AJJ4,614/K-RL/2024,,Pemberian Kutipan Risalah Lelang,, Total,
21/10/2024 10:35:51,L5A0TH,472/KPHL/2024,,Pemberian Kuitansi Pembayaran Harga Lelang,, Total,
21/10/2024 10:38:53,M5AJJ4,374/VPPH/2024,,Validasi PPh (1 bidang),, Total,
21/10/2024 11:20:50,UVTOXJ,375/VPPH/2024,,Validasi PPh (1 bidang),, Total,
21/10/2024 11:26:19,NL6NBH,615/K-RL/2024,,Pemberian Kutipan Risalah Lelang,, Total,
21/10/2024 11:32:35,ENORFS,616/K-RL/2024,,Pemberian Kutipan Risalah Lelang,, Total,
21/10/2024 11:36:28,UVTOXJ,376/VPPH/2024,,Validasi PPh (1 bidang),, Total,
21/10/2024 12:05:31,ENORFS,377/VPPH/2024,,Validasi PPh (1 bidang),, Total,
21/10/2024 12:29:21,3FX4V7,378/VPPH/2024,,Validasi PPh (1 bidang),, Total,
21/10/2024 12:38:56,3FX4V7,379/VPPH/2024,,Validasi PPh (1 bidang),, Total,
21/10/2024 16:24:05,ICR2VC,380/VPPH/2024,,Validasi PPh (1 bidang),, Total,
21/10/2024 21:30:05,MV052S,381/VPPH/2024,,Validasi PPh (1 bidang),, Total,
21/10/2024 22:41:41,O0WTPV,382/VPPH/2024,,Validasi PPh (1 bidang),, Total,
22/10/2024 4:43:34,O0WTPV,617/K-RL/2024,,Pemberian Kutipan Risalah Lelang,, Total,
22/10/2024 9:01:54,LAM2QY,473/KPHL/2024,,Pemberian Kuitansi Pembayaran Harga Lelang,, Total,
22/10/2024 9:04:13,X7VVCE,618/K-RL/2024,,Pemberian Kutipan Risalah Lelang,, Total,
22/10/2024 9:08:20,HVQMAE,383/VPPH/2024,,Validasi PPh (1 bidang),, Total,
22/10/2024 9:15:22,ACMBVY,384/VPPH/2024,,Validasi PPh (1 bidang),, Total,
22/10/2024 9:22:18,LAM2QY,474/KPHL/2024,,Pemberian Kuitansi Pembayaran Harga Lelang,, Total,
22/10/2024 9:38:08,XVVCE,385/VPPH/2024,,Validasi PPh (1 bidang),, Total,
22/10/2024 10:00:29,N6QMUZ,475/KPHL/2024,,Pemberian Kuitansi Pembayaran Harga Lelang,, Total,
22/10/2024 10:07:19,PB2NSX,476/KPHL/2024,,Pemberian Kuitansi Pembayaran Harga Lelang,, Total,
22/10/2024 11:47:59,ZLBW9U,619/K-RL/2024,,Pemberian Kutipan Risalah Lelang,, Total,
22/10/2024 12:38:39,LHYOXE,477/KPHL/2024,,Pemberian Kuitansi Pembayaran Harga Lelang,, Total,
22/10/2024 13:23:57,8EZUUX,478/KPHL/2024,,Pemberian Kuitansi Pembayaran Harga Lelang,, Total,
22/10/2024 14:16:13,EATC3M,620/K-RL/2024,,Pemberian Kutipan Risalah Lelang,, Total,
23/10/2024 6:41:55,OBK7J6,479/KPHL/2024,,Pemberian Kuitansi Pembayaran Harga Lelang,, Total,
23/10/2024 6:44:45,XWCIUU,480/KPHL/2024,,Pemberian Kuitansi Pembayaran Harga Lelang,, Total,
23/10/2024 6:48:03,JCA3KC,481/KPHL/2024,,Pemberian Kuitansi Pembayaran Harga Lelang,, Total,
23/10/2024 6:49:40,KY1ZOS,482/KPHL/2024,,Pemberian Kuitansi Pembayaran Harga Lelang,, Total,
23/10/2024 6:51:34,FSDGO6,483/KPHL/2024,,Pemberian Kuitansi Pembayaran Harga Lelang,, Total,
23/10/2024 6:53:27,WM45KO,484/KPHL/2024,,Pemberian Kuitansi Pembayaran Harga Lelang,, Total,
23/10/2024 6:58:44,VQ0CNW,621/K-RL/2024,,Pemberian Kutipan Risalah Lelang,, Total,
23/10/2024 7:00:12,VQ0CNW,622/K-RL/2024,,Pemberian Kutipan Risalah Lelang,, Total,
23/10/2024 7:01:47,AWVNMB,623/K-RL/2024,,Pemberian Kutipan Risalah Lelang,, Total,
23/10/2024 7:03:49,XYUR7W,624/K-RL/2024,,Pemberian Kutipan Risalah Lelang,, Total,
23/10/2024 7:05:45,MZVXRX,625/K-RL/2024,,Pemberian Kutipan Risalah Lelang,, Total,
23/10/2024 8:21:31,MPVRK3,626/K-RL/2024,,Pemberian Kutipan Risalah Lelang,, Total,
23/10/2024 8:34:05,YFGR7G,485/KPHL/2024,,Pemberian Kuitansi Pembayaran Harga Lelang,, Total,
23/10/2024 8:35:08,ZGJYTF,627/K-RL/2024,,Pemberian Kutipan Risalah Lelang,, Total,
23/10/2024 9:24:35,KLZY25,486/KPHL/2024,,Pemberian Kuitansi Pembayaran Harga Lelang,, Total,
23/10/2024 10:10:25,ZGJYTF,386/VPPH/2024,,Validasi PPh (1 bidang),, Total,
23/10/2024 13:53:39,WJG4QM,487/KPHL/2024,,Pemberian Kuitansi Pembayaran Harga Lelang,, Total,
23/10/2024 13:59:10,ZWFQXT,488/KPHL/2024,,Pemberian Kuitansi Pembayaran Harga Lelang,, Total,
23/10/2024 14:10:18,WJG4QM,628/K-RL/2024,,Pemberian Kutipan Risalah Lelang,, Total,
23/10/2024 14:15:24,ZWFQXT,629/K-RL/2024,,Pemberian Kutipan Risalah Lelang,, Total,
23/10/2024 15:13:53,LAM2QY,387/VPPH/2024,,Validasi PPh (1 bidang),, Total,
24/10/2024 7:09:57,C5V7T3,489/KPHL/2024,,Pemberian Kuitansi Pembayaran Harga Lelang,, Total,
24/10/2024 12:52:26,4CJWE2,490/KPHL/2024,,Pemberian Kuitansi Pembayaran Harga Lelang,, Total,
24/10/2024 14:14:16,LAM2QY,630/K-RL/2024,,Pemberian Kutipan Risalah Lelang,, Total,
24/10/2024 17:50:31,4Y8KPC,631/K-RL/2024,,Pemberian Kutipan Risalah Lelang,, Total,
25/10/2024 8:44:02,LHYOXE,632/K-RL/2024,,Pemberian Kutipan Risalah Lelang,, Total,
25/10/2024 9:35:44,4Y8KPC,388/VPPH/2024,,Validasi PPh (1 bidang),, Total,
25/10/2024 9:55:00,ZGJYTF,389/VPPH/2024,,Validasi PPh (1 bidang),, Total,
25/10/2024 10:01:23,ZGJYTF,390/VPPH/2024,,Validasi PPh (1 bidang),, Total,
25/10/2024 11:03:59,N9YNV1,391/VPPH/2024,,Validasi PPh (1 bidang),, Total,
25/10/2024 11:25:05,9K8JLI,392/VPPH/2024,,Validasi PPh (1 bidang),, Total,
25/10/2024 14:21:46,1BMLDQ,491/KPHL/2024,,Pemberian Kuitansi Pembayaran Harga Lelang,, Total,
25/10/2024 14:40:35,GSIHXO,492/KPHL/2024,,Pemberian Kuitansi Pembayaran Harga Lelang,, Total,
25/10/2024 14:59:34,NOMNUG,393/VPPH/2024,,Validasi PPh (1 bidang),, Total,
25/10/2024 17:08:26,OGVX5L,394/VPPH/2024,,Validasi PPh (1 bidang),, Total,
25/10/2024 17:20:59,N6QMUZ,395/VPPH/2024,,Validasi PPh (1 bidang),, Total,
28/10/2024 11:29:05,1IDGPT,633/K-RL/2024,,Pemberian Kutipan Risalah Lelang,, Total,
28/10/2024 11:31:24,XCN8T2,634/K-RL/2024,,Pemberian Kutipan Risalah Lelang,, Total,
28/10/2024 11:41:00,XCN8T2,396/VPPH/2024,,Validasi PPh (1 bidang),, Total,
28/10/2024 11:43:18,1IDGPT,635/K-RL/2024,,Pemberian Kutipan Risalah Lelang,, Total,
28/10/2024 14:52:53,LD2119,493/KPHL/2024,,Pemberian Kuitansi Pembayaran Harga Lelang,, Total,
28/10/2024 15:06:28,LD2119,494/KPHL/2024,,Pemberian Kuitansi Pembayaran Harga Lelang,, Total,
28/10/2024 16:14:29,9MQVND,636/K-RL/2024,,Pemberian Kutipan Risalah Lelang,, Total,
28/10/2024 16:36:00,LD2119,397/VPPH/2024,,Validasi PPh (1 bidang),, Total,
28/10/2024 19:09:58,WE9JO4,637/K-RL/2024,,Pemberian Kutipan Risalah Lelang,, Total,
29/10/2024 8:21:33,1SFZHQ,495/KPHL/2024,,Pemberian Kuitansi Pembayaran Harga Lelang,, Total,
29/10/2024 10:20:31,EATC3M,398/VPPH/2024,,Validasi PPh (1 bidang),, Total,
29/10/2024 13:55:46,FRI47B,638/K-RL/2024,,Pemberian Kutipan Risalah Lelang,, Total,
29/10/2024 14:04:08,LEK6CW,639/K-RL/2024,,Pemberian Kutipan Risalah Lelang,, Total,
29/10/2024 14:08:24,2CVTN1,640/K-RL/2024,,Pemberian Kutipan Risalah Lelang,, Total,
30/10/2024 10:15:08,109921,399/VPPH/2024,,Validasi PPh (1 bidang),, Total,
30/10/2024 10:18:05,N6QMUZ,641/K-RL/2024,,Pemberian Kutipan Risalah Lelang,, Total,
30/10/2024 15:19:32,IHKZ5W,400/VPPH/2024,,Validasi PPh (1 bidang),, Total,
30/10/2024 15:30:01,9MQVND,401/VPPH/2024,,Validasi PPh (1 bidang),, Total,
30/10/2024 16:31:24,7XGVYL,642/K-RL/2024,,Pemberian Kutipan Risalah Lelang,, Total,
30/10/2024 16:35:58,VELNCS,643/K-RL/2024,,Pemberian Kutipan Risalah Lelang,, Total,
30/10/2024 22:21:28,WE9JO4,402/VPPH/2024,,Validasi PPh (1 bidang),, Total,
31/10/2024 8:33:42,1BTRGC,644/K-RL/2024,,Pemberian Kutipan Risalah Lelang,, Total,
31/10/2024 9:14:32,1BTRGC,403/VPPH/2024,,Validasi PPh (1 bidang),, Total,
31/10/2024 9:35:01,1BTRGC,404/VPPH/2024,,Validasi PPh (1 bidang),, Total,
31/10/2024 9:41:08,NZBDCL,405/VPPH/2024,,Validasi PPh (1 bidang),, Total,
31/10/2024 9:51:24,1BTRGC,406/VPPH/2024,,Validasi PPh (1 bidang),, Total,
31/10/2024 9:57:01,1SFZHQ,645/K-RL/2024,,Pemberian Kutipan Risalah Lelang,, Total,
31/10/2024 10:00:39,1BTRGC,407/VPPH/2024,,Validasi PPh (1 bidang),, Total,
31/10/2024 10:07:56,1BTRGC,408/VPPH/2024,,Validasi PPh (1 bidang),, Total,
31/10/2024 10:14:54,1BTRGC,409/VPPH/2024,,Validasi PPh (1 bidang),, Total,
31/10/2024 10:24:19,1BTRGC,410/VPPH/2024,,Validasi PPh (1 bidang),, Total,
31/10/2024 10:35:41,1BTRGC,411/VPPH/2024,,Validasi PPh (1 bidang),, Total,
31/10/2024 10:51:03,1BTRGC,412/VPPH/2024,,Validasi PPh (1 bidang),, Total,
31/10/2024 10:56:46,1BTRGC,413/VPPH/2024,,Validasi PPh (1 bidang),, Total,
31/10/2024 11:02:47,1BTRGC,414/VPPH/2024,,Validasi PPh (1 bidang),, Total,
31/10/2024 11:09:32,1BTRGC,415/VPPH/2024,,Validasi PPh (1 bidang),, Total,
31/10/2024 11:18:31,1BTRGC,416/VPPH/2024,,Validasi PPh (1 bidang),, Total,
31/10/2024 11:43:59,1BTRGC,417/VPPH/2024,,Validasi PPh (1 bidang),, Total,
31/10/2024 11:49:18,1BTRGC,418/VPPH/2024,,Validasi PPh (1 bidang),, Total,
31/10/2024 11:53:41,1SFZHQ,646/K-RL/2024,,Pemberian Kutipan Risalah Lelang,, Total,
31/10/2024 11:59:45,1BTRGC,419/VPPH/2024,,Validasi PPh (1 bidang),, Total,
31/10/2024 12:03:35,ZLBW9U,420/VPPH/2024,,Validasi PPh (1 bidang),, Total,
31/10/2024 13:27:13,1BTRGC,421/VPPH/2024,,Validasi PPh (1 bidang),, Total,
31/10/2024 13:33:13,1BTRGC,422/VPPH/2024,,Validasi PPh (1 bidang),, Total,
31/10/2024 13:41:12,1BTRGC,423/VPPH/2024,,Validasi PPh (1 bidang),, Total,
31/10/2024 13:49:32,1BTRGC,424/VPPH/2024,,Validasi PPh (1 bidang),, Total,
31/10/2024 13:55:49,1BTRGC,425/VPPH/2024,,Validasi PPh (1 bidang),, Total,
31/10/2024 14:02:31,1BTRGC,426/VPPH/2024,,Validasi PPh (1 bidang),, Total,
31/10/2024 14:09:09,1BTRGC,427/VPPH/2024,,Validasi PPh (1 bidang),, Total,
31/10/2024 14:14:51,1BTRGC,428/VPPH/2024,,Validasi PPh (1 bidang),, Total,
31/10/2024 14:32:55,1BTRGC,429/VPPH/2024,,Validasi PPh (1 bidang),, Total,
31/10/2024 14:48:07,1BTRGC,430/VPPH/2024,,Validasi PPh (1 bidang),, Total,
31/10/2024 14:52:34,1BTRGC,431/VPPH/2024,,Validasi PPh (1 bidang),, Total,
31/10/2024 14:57:24,1BTRGC,432/VPPH/2024,,Validasi PPh (1 bidang),, Total,
31/10/2024 15:19:49,144822,647/K-RL/2024,,Pemberian Kutipan Risalah Lelang,, Total,
31/10/2024 15:36:08,GPQ4TD,496/KPHL/2024,,Pemberian Kuitansi Pembayaran Harga Lelang,, Total,
31/10/2024 15:58:41,VRELYG,433/VPPH/2024,,Validasi PPh (1 bidang),, Total,
31/10/2024 16:04:14,VRELYG,434/VPPH/2024,,Validasi PPh (1 bidang),, Total,
31/10/2024 16:34:23,CRALPN,648/K-RL/2024,,Pemberian Kutipan Risalah Lelang,, Total,
31/10/2024 18:37:46,RGOGZ4,497/KPHL/2024,,Pemberian Kuitansi Pembayaran Harga Lelang,, Total,
01/11/2024 9:48:00,HLQB4N,649/K-RL/2024,,Pemberian Kutipan Risalah Lelang,, Total,
01/11/2024 9:59:12,JOCDPL,435/VPPH/2024,,Validasi PPh (1 bidang),, Total,
01/11/2024 13:00:12,CRALPN,436/VPPH/2024,,Validasi PPh (1 bidang),, Total,
01/11/2024 13:36:39,T2GGSE,498/KPHL/2024,,Pemberian Kuitansi Pembayaran Harga Lelang,, Total,
01/11/2024 13:38:33,T2GGSE,650/K-RL/2024,,Pemberian Kutipan Risalah Lelang,, Total,
01/11/2024 14:52:29,TNCMLO,651/K-RL/2024,,Pemberian Kutipan Risalah Lelang,, Total,
01/11/2024 17:12:00,TNCMLO,437/VPPH/2024,,Validasi PPh (1 bidang),, Total,
01/11/2024 20:03:50,1SFZHQ,438/VPPH/2024,,Validasi PPh (1 bidang),, Total,
01/11/2024 20:49:55,1SFZHQ,652/K-RL/2024,,Pemberian Kutipan Risalah Lelang,, Total,
03/11/2024 20:45:58,BYU5XR,499/KPHL/2024,,Pemberian Kuitansi Pembayaran Harga Lelang,, Total,
04/11/2024 8:26:18,1617.A,653/K-RL/2024,,Pemberian Kutipan Risalah Lelang,, Total,
04/11/2024 8:54:39,L5A0TH,654/K-RL/2024,,Pemberian Kutipan Risalah Lelang,, Total,
04/11/2024 9:23:19,Lot 1,500/KPHL/2024,,Pemberian Kuitansi Pembayaran Harga Lelang,, Total,
04/11/2024 9:25:40,Lot 4,501/KPHL/2024,,Pemberian Kuitansi Pembayaran Harga Lelang,, Total,
04/11/2024 9:27:31,14,502/KPHL/2024,,Pemberian Kuitansi Pembayaran Harga Lelang,, Total,
04/11/2024 9:30:04,15,503/KPHL/2024,,Pemberian Kuitansi Pembayaran Harga Lelang,, Total,
04/11/2024 9:35:13,16,504/KPHL/2024,,Pemberian Kuitansi Pembayaran Harga Lelang,, Total,
04/11/2024 10:46:41,4CJWE2,655/K-RL/2024,,Pemberian Kutipan Risalah Lelang,, Total,
04/11/2024 11:26:38,1BTRGC,439/VPPH/2024,,Validasi PPh (1 bidang),, Total,
04/11/2024 11:30:31,87KXV2,656/K-RL/2024,,Pemberian Kutipan Risalah Lelang,, Total,
04/11/2024 14:28:39,87KXV2,440/VPPH/2024,,Validasi PPh (1 bidang),, Total,
04/11/2024 14:29:19,NCRGM9,505/KPHL/2024,,Pemberian Kuitansi Pembayaran Harga Lelang,, Total,
04/11/2024 19:12:57,WSBHPA,506/KPHL/2024,,Pemberian Kuitansi Pembayaran Harga Lelang,, Total,
04/11/2024 21:00:11,MV052S,441/VPPH/2024,,Validasi PPh (1 bidang),, Total,
04/11/2024 21:22:25,MV052S,442/VPPH/2024,,Validasi PPh (1 bidang),, Total,
04/11/2024 22:03:30,FCY0ZH,657/K-RL/2024,,Pemberian Kutipan Risalah Lelang,, Total,
05/11/2024 8:54:56,K9BU2P,507/KPHL/2024,,Pemberian Kuitansi Pembayaran Harga Lelang,, Total,
05/11/2024 8:58:13,K9BU2P,658/K-RL/2024,,Pemberian Kutipan Risalah Lelang,, Total,
05/11/2024 9:49:15,ZYO6PS,659/K-RL/2024,,Pemberian Kutipan Risalah Lelang,, Total,
05/11/2024 10:00:02,PB2NSX,660/K-RL/2024,,Pemberian Kutipan Risalah Lelang,, Total,
05/11/2024 10:40:14,HDORDV,661/K-RL/2024,,Pemberian Kutipan Risalah Lelang,, Total,
05/11/2024 10:46:35,HDORDV,443/VPPH/2024,,Validasi PPh (1 bidang),, Total,
05/11/2024 11:20:21,2Q6VZY,662/K-RL/2024,,Pemberian Kutipan Risalah Lelang,, Total,
05/11/2024 15:06:32,6FMSNB,508/KPHL/2024,,Pemberian Kuitansi Pembayaran Harga Lelang,, Total,
05/11/2024 18:57:34,PQW67O,663/K-RL/2024,,Pemberian Kutipan Risalah Lelang,, Total,
05/11/2024 19:01:54,SKTOLV,664/K-RL/2024,,Pemberian Kutipan Risalah Lelang,, Total,
06/11/2024 8:21:13,P72SNV,509/KPHL/2024,,Pemberian Kuitansi Pembayaran Harga Lelang,, Total,
06/11/2024 8:59:24,U2SODV,510/KPHL/2024,,Pemberian Kuitansi Pembayaran Harga Lelang,, Total,
06/11/2024 9:28:05,GEDOL5,511/KPHL/2024,,Pemberian Kuitansi Pembayaran Harga Lelang,, Total,
06/11/2024 9:37:25,2CVTN1,444/VPPH/2024,,Validasi PPh (1 bidang),, Total,
06/11/2024 9:50:01,LEK6CW,445/VPPH/2024,,Validasi PPh (1 bidang),, Total,
06/11/2024 10:54:51,Q3U2AE,665/K-RL/2024,,Pemberian Kutipan Risalah Lelang,, Total,
06/11/2024 11:43:45,AHSLZJ,512/KPHL/2024,,Pemberian Kuitansi Pembayaran Harga Lelang,, Total,
06/11/2024 11:46:52,AHSLZJ,666/K-RL/2024,,Pemberian Kutipan Risalah Lelang,, Total,
06/11/2024 17:08:41,3E8UWD,513/KPHL/2024,,Pemberian Kuitansi Pembayaran Harga Lelang,, Total,
06/11/2024 20:20:15,5XJQ9G,446/VPPH/2024,,Validasi PPh (1 bidang),, Total,
06/11/2024 20:37:25,5XJQ9G,447/VPPH/2024,,Validasi PPh (1 bidang),, Total,
07/11/2024 7:39:15,NIRJKL,514/KPHL/2024,,Pemberian Kuitansi Pembayaran Harga Lelang,, Total,
07/11/2024 7:44:06,L4LNOJ,515/KPHL/2024,,Pemberian Kuitansi Pembayaran Harga Lelang,, Total,
07/11/2024 7:48:16,NIRJKL,667/K-RL/2024,,Pemberian Kutipan Risalah Lelang,, Total,
07/11/2024 7:52:40,L4LNOJ,668/K-RL/2024,,Pemberian Kutipan Risalah Lelang,, Total,
07/11/2024 9:15:46,HLQB4N,669/K-RL/2024,,Pemberian Kutipan Risalah Lelang,, Total,
07/11/2024 11:40:49,Q3U2AE,448/VPPH/2024,,Validasi PPh (1 bidang),, Total,
07/11/2024 12:05:31,G4EOLD,516/KPHL/2024,,Pemberian Kuitansi Pembayaran Harga Lelang,, Total,
07/11/2024 12:45:52,PQW67O,449/VPPH/2024,,Validasi PPh (1 bidang),, Total,
07/11/2024 12:53:09,SKTOLV,450/VPPH/2024,,Validasi PPh (1 bidang),, Total,
07/11/2024 13:35:37,L5A0TH,451/VPPH/2024,,Validasi PPh (1 bidang),, Total,
07/11/2024 14:11:38,QDLWUX,670/K-RL/2024,,Pemberian Kutipan Risalah Lelang,, Total,
07/11/2024 14:59:02,674183,452/VPPH/2024,,Validasi PPh (1 bidang),, Total,
08/11/2024 8:32:51,NCRGM9,671/K-RL/2024,,Pemberian Kutipan Risalah Lelang,, Total,
08/11/2024 9:08:05,JEHxIM,517/KPHL/2024,,Pemberian Kuitansi Pembayaran Harga Lelang,, Total,
08/11/2024 9:35:08,-,672/K-RL/2024,,Pemberian Kutipan Risalah Lelang,, Total,
08/11/2024 9:42:59,PQPICY,518/KPHL/2024,,Pemberian Kuitansi Pembayaran Harga Lelang,, Total,
08/11/2024 10:43:52,674183,673/K-RL/2024,,Pemberian Kutipan Risalah Lelang,, Total,
08/11/2024 14:07:26,RC1WBD,674/K-RL/2024,,Pemberian Kutipan Risalah Lelang,, Total,
08/11/2024 14:18:24,RC1WBD,453/VPPH/2024,,Validasi PPh (1 bidang),, Total,
08/11/2024 14:21:18,RC1WBD,454/VPPH/2024,,Validasi PPh (1 bidang),, Total,
10/11/2024 22:11:48,RH3CDE,519/KPHL/2024,,Pemberian Kuitansi Pembayaran Harga Lelang,, Total,
11/11/2024 9:39:08,BJQSNH,520/KPHL/2024,,Pemberian Kuitansi Pembayaran Harga Lelang,, Total,
11/11/2024 13:21:09,O84IWF,521/KPHL/2024,,Pemberian Kuitansi Pembayaran Harga Lelang,, Total,
11/11/2024 14:15:11,C2EEYK,522/KPHL/2024,,Pemberian Kuitansi Pembayaran Harga Lelang,, Total,
11/11/2024 16:44:30,O84IWF,675/K-RL/2024,,Pemberian Kutipan Risalah Lelang,, Total,
11/11/2024 19:21:20,SFBGJO,523/KPHL/2024,,Pemberian Kuitansi Pembayaran Harga Lelang,, Total,
12/11/2024 8:52:22,PB2NSX,455/VPPH/2024,,Validasi PPh (1 bidang),, Total,
12/11/2024 9:35:36,XALEQ4,676/K-RL/2024,,Pemberian Kutipan Risalah Lelang,, Total,
12/11/2024 9:39:25,Lot 1,677/K-RL/2024,,Pemberian Kutipan Risalah Lelang,, Total,
12/11/2024 9:42:23,Lot 4,678/K-RL/2024,,Pemberian Kutipan Risalah Lelang,, Total,
12/11/2024 9:45:00,Lot 14,679/K-RL/2024,,Pemberian Kutipan Risalah Lelang,, Total,
12/11/2024 9:47:21,4CJWE2,456/VPPH/2024,,Validasi PPh (1 bidang),, Total,
12/11/2024 9:47:23,Lot 15,680/K-RL/2024,,Pemberian Kutipan Risalah Lelang,, Total,
12/11/2024 9:49:29,Lor 16,681/K-RL/2024,,Pemberian Kutipan Risalah Lelang,, Total,
12/11/2024 10:01:21,XALEQ4,457/VPPH/2024,,Validasi PPh (1 bidang),, Total,
12/11/2024 10:49:41,1355,682/K-RL/2024,,Pemberian Kutipan Risalah Lelang,, Total,
12/11/2024 14:23:02,PS2TE1,458/VPPH/2024,,Validasi PPh (1 bidang),, Total,
12/11/2024 18:14:42,C5V7T3,683/K-RL/2024,,Pemberian Kutipan Risalah Lelang,, Total,
12/11/2024 18:33:06,C5V7T3,459/VPPH/2024,,Validasi PPh (1 bidang),, Total,
13/11/2024 10:43:28,OQD4PR,524/KPHL/2024,,Pemberian Kuitansi Pembayaran Harga Lelang,, Total,
13/11/2024 11:32:38,JEHXIM,684/K-RL/2024,,Pemberian Kutipan Risalah Lelang,, Total,
13/11/2024 12:11:46,5YHKYM,525/KPHL/2024,,Pemberian Kuitansi Pembayaran Harga Lelang,, Total,
13/11/2024 12:55:07,UDTXWK,526/KPHL/2024,,Pemberian Kuitansi Pembayaran Harga Lelang,, Total,
13/11/2024 23:41:28,QDLWUX,685/K-RL/2024,,Pemberian Kutipan Risalah Lelang,, Total,
13/11/2024 23:51:46,0HXUWE,686/K-RL/2024,,Pemberian Kutipan Risalah Lelang,, Total,
14/11/2024 8:59:17,3XZI1I,527/KPHL/2024,,Pemberian Kuitansi Pembayaran Harga Lelang,, Total,
14/11/2024 9:35:44,TX2REG,528/KPHL/2024,,Pemberian Kuitansi Pembayaran Harga Lelang,, Total,
14/11/2024 9:58:33,YMBECB,529/KPHL/2024,,Pemberian Kuitansi Pembayaran Harga Lelang,, Total,
14/11/2024 10:55:06,BGLWRC,530/KPHL/2024,,Pemberian Kuitansi Pembayaran Harga Lelang,, Total,
14/11/2024 11:03:01,KLZY25,687/K-RL/2024,,Pemberian Kutipan Risalah Lelang,, Total,
14/11/2024 14:55:30,YVPW3K,531/KPHL/2024,,Pemberian Kuitansi Pembayaran Harga Lelang,, Total,
14/11/2024 15:03:08,GAKB2U,532/KPHL/2024,,Pemberian Kuitansi Pembayaran Harga Lelang,, Total,
15/11/2024 9:00:12,URKDJE,533/KPHL/2024,,Pemberian Kuitansi Pembayaran Harga Lelang,, Total,
15/11/2024 11:55:45,JEHXIM,460/VPPH/2024,,Validasi PPh (1 bidang),, Total,
15/11/2024 13:52:16,YA7BHP,461/VPPH/2024,,Validasi PPh (1 bidang),, Total,
15/11/2024 14:04:04,LOW2WX,534/KPHL/2024,,Pemberian Kuitansi Pembayaran Harga Lelang,, Total,
15/11/2024 14:04:26,CRAGWB,535/KPHL/2024,,Pemberian Kuitansi Pembayaran Harga Lelang,, Total,
15/11/2024 14:53:46,RH3CDE,688/K-RL/2024,,Pemberian Kutipan Risalah Lelang,, Total,
15/11/2024 15:41:28,RH3CDE,462/VPPH/2024,,Validasi PPh (1 bidang),, Total,
15/11/2024 15:47:36,RH3CDE,463/VPPH/2024,,Validasi PPh (1 bidang),, Total,
17/11/2024 0:11:59,5YHKYM,464/VPPH/2024,,Validasi PPh (1 bidang),, Total,
17/11/2024 19:20:49,FK3YRN,689/K-RL/2024,,Pemberian Kutipan Risalah Lelang,, Total,
17/11/2024 19:24:07,3POGAX,690/K-RL/2024,,Pemberian Kutipan Risalah Lelang,, Total,
17/11/2024 19:28:19,3POGAX,691/K-RL/2024,,Pemberian Kutipan Risalah Lelang,, Total,
18/11/2024 6:26:21,LOT001,692/K-RL/2024,,Pemberian Kutipan Risalah Lelang,, Total,
18/11/2024 8:41:22,UNHAI7,536/KPHL/2024,,Pemberian Kuitansi Pembayaran Harga Lelang,, Total,
18/11/2024 8:58:28,YVPW3K,537/KPHL/2024,,Pemberian Kuitansi Pembayaran Harga Lelang,, Total,
18/11/2024 11:25:46,Tpkzac,538/KPHL/2024,,Pemberian Kuitansi Pembayaran Harga Lelang,, Total,
18/11/2024 11:33:05,UDTXWK,693/K-RL/2024,,Pemberian Kutipan Risalah Lelang,, Total,
18/11/2024 12:01:16,UNHAI7,694/K-RL/2024,,Pemberian Kutipan Risalah Lelang,, Total,
18/11/2024 15:06:52,1617,465/VPPH/2024,,Validasi PPh (1 bidang),, Total,
18/11/2024 16:02:59,ZYO6PS,466/VPPH/2024,,Validasi PPh (1 bidang),, Total,
18/11/2024 16:26:27,8JDEMN,695/K-RL/2024,,Pemberian Kutipan Risalah Lelang,, Total,
18/11/2024 20:17:21,TNS84L,539/KPHL/2024,,Pemberian Kuitansi Pembayaran Harga Lelang,, Total,
19/11/2024 7:11:49,IFVBMZ,540/KPHL/2024,,Pemberian Kuitansi Pembayaran Harga Lelang,, Total,
19/11/2024 8:09:32,OPBKIQ,541/KPHL/2024,,Pemberian Kuitansi Pembayaran Harga Lelang,, Total,
19/11/2024 9:30:12,JD0USX,542/KPHL/2024,,Pemberian Kuitansi Pembayaran Harga Lelang,, Total,
19/11/2024 10:36:54,BUEWEI,543/KPHL/2024,,Pemberian Kuitansi Pembayaran Harga Lelang,, Total,
19/11/2024 11:04:08,USCO4D,696/K-RL/2024,,Pemberian Kutipan Risalah Lelang,, Total,
19/11/2024 11:11:34,USCO4D,467/VPPH/2024,,Validasi PPh (1 bidang),, Total,
19/11/2024 11:19:02,BUEWEI,697/K-RL/2024,,Pemberian Kutipan Risalah Lelang,, Total,
19/11/2024 11:27:53,YA7BHP,698/K-RL/2024,,Pemberian Kutipan Risalah Lelang,, Total,
19/11/2024 11:51:48,VP4UKN,699/K-RL/2024,,Pemberian Kutipan Risalah Lelang,, Total,
19/11/2024 12:38:14,NQ1P2S,544/KPHL/2024,,Pemberian Kuitansi Pembayaran Harga Lelang,, Total,
19/11/2024 13:13:47,P72SNV,700/K-RL/2024,,Pemberian Kutipan Risalah Lelang,, Total,
19/11/2024 14:23:25,BBISRI,545/KPHL/2024,,Pemberian Kuitansi Pembayaran Harga Lelang,, Total,
19/11/2024 14:58:08,RTEDI3,546/KPHL/2024,,Pemberian Kuitansi Pembayaran Harga Lelang,, Total,
19/11/2024 15:44:06,0FXYC2,547/KPHL/2024,,Pemberian Kuitansi Pembayaran Harga Lelang,, Total,
20/11/2024 8:18:49,DXEUVC,548/KPHL/2024,,Pemberian Kuitansi Pembayaran Harga Lelang,, Total,
20/11/2024 9:05:02,JGH6K3,549/KPHL/2024,,Pemberian Kuitansi Pembayaran Harga Lelang,, Total,
20/11/2024 10:18:01,M3EXYA,550/KPHL/2024,,Pemberian Kuitansi Pembayaran Harga Lelang,, Total,
20/11/2024 11:09:59,RLCYOZ,551/KPHL/2024,,Pemberian Kuitansi Pembayaran Harga Lelang,, Total,
20/11/2024 11:12:09,RIAOQB,552/KPHL/2024,,Pemberian Kuitansi Pembayaran Harga Lelang,, Total,
20/11/2024 11:25:19,HLQB4N,468/VPPH/2024,,Validasi PPh (1 bidang),, Total,
20/11/2024 11:32:12,CFSZ1C,553/KPHL/2024,,Pemberian Kuitansi Pembayaran Harga Lelang,, Total,
20/11/2024 12:57:37,I8R396,554/KPHL/2024,,Pemberian Kuitansi Pembayaran Harga Lelang,, Total,
21/11/2024 8:58:55,M3EXYA,555/KPHL/2024,,Pemberian Kuitansi Pembayaran Harga Lelang,, Total,
21/11/2024 9:38:22,5YHKYM,701/K-RL/2024,,Pemberian Kutipan Risalah Lelang,, Total,
21/11/2024 11:18:01,RIAOQB,702/K-RL/2024,,Pemberian Kutipan Risalah Lelang,, Total,
21/11/2024 11:50:33,DWYVZS,556/KPHL/2024,,Pemberian Kuitansi Pembayaran Harga Lelang,, Total,
21/11/2024 11:53:57,QDAMLJ,557/KPHL/2024,,Pemberian Kuitansi Pembayaran Harga Lelang,, Total,
21/11/2024 11:57:42,CLHT1G,558/KPHL/2024,,Pemberian Kuitansi Pembayaran Harga Lelang,, Total,
21/11/2024 13:04:27,OPBKIQ,703/K-RL/2024,,Pemberian Kutipan Risalah Lelang,, Total,
21/11/2024 13:43:57,RLCYOZ,704/K-RL/2024,,Pemberian Kutipan Risalah Lelang,, Total,
21/11/2024 14:42:49,JB6XRY,705/K-RL/2024,,Pemberian Kutipan Risalah Lelang,, Total,
22/11/2024 10:38:21,YHDGUI,706/K-RL/2024,,Pemberian Kutipan Risalah Lelang,, Total,
22/11/2024 10:40:43,T5ZMZG,559/KPHL/2024,,Pemberian Kuitansi Pembayaran Harga Lelang,, Total,
22/11/2024 10:49:52,YHDGUI,469/VPPH/2024,,Validasi PPh (1 bidang),, Total,
22/11/2024 11:26:36,UNHAI7,470/VPPH/2024,,Validasi PPh (1 bidang),, Total,
22/11/2024 12:49:25,FK3YRN,560/KPHL/2024,,Pemberian Kuitansi Pembayaran Harga Lelang,, Total,
22/11/2024 14:41:47,0NW4UP,707/K-RL/2024,,Pemberian Kutipan Risalah Lelang,, Total,
22/11/2024 14:53:14,UDTXWK,471/VPPH/2024,,Validasi PPh (1 bidang),, Total,
22/11/2024 15:30:44,R5B4DG,561/KPHL/2024,,Pemberian Kuitansi Pembayaran Harga Lelang,, Total,
22/11/2024 15:33:37,QVEIZS,562/KPHL/2024,,Pemberian Kuitansi Pembayaran Harga Lelang,, Total,
22/11/2024 18:46:41,WPYEAL,708/K-RL/2024,,Pemberian Kutipan Risalah Lelang,, Total,
22/11/2024 19:20:15,WPYEAL,472/VPPH/2024,,Validasi PPh (1 bidang),, Total,
23/11/2024 8:52:33,YVPW3K,709/K-RL/2024,,Pemberian Kutipan Risalah Lelang,, Total,
23/11/2024 9:06:48,YVPW3K,473/VPPH/2024,,Validasi PPh (1 bidang),, Total,
24/11/2024 15:02:59,WPYEAL,710/K-RL/2024,,Pemberian Kutipan Risalah Lelang,, Total,
25/11/2024 9:08:03,GAKB2U,711/K-RL/2024,,Pemberian Kutipan Risalah Lelang,, Total,
25/11/2024 9:09:36,TX2REG,712/K-RL/2024,,Pemberian Kutipan Risalah Lelang,, Total,
25/11/2024 9:37:19,GAKB2U,474/VPPH/2024,,Validasi PPh (1 bidang),, Total,
25/11/2024 10:49:41,AKVW9Q,713/K-RL/2024,,Pemberian Kutipan Risalah Lelang,, Total,
25/11/2024 11:18:34,BN1EFP,714/K-RL/2024,,Pemberian Kutipan Risalah Lelang,, Total,
25/11/2024 11:27:52,HZCCM6,715/K-RL/2024,,Pemberian Kutipan Risalah Lelang,, Total,
25/11/2024 11:37:54,MAKXPX,716/K-RL/2024,,Pemberian Kutipan Risalah Lelang,, Total,
25/11/2024 13:13:01,G7LP0Y,475/VPPH/2024,,Validasi PPh (1 bidang),, Total,
25/11/2024 14:12:03,Tpkzac,717/K-RL/2024,,Pemberian Kutipan Risalah Lelang,, Total,
25/11/2024 15:36:16,6FMSNB,718/K-RL/2024,,Pemberian Kutipan Risalah Lelang,, Total,
25/11/2024 15:38:10,FSDGO6,719/K-RL/2024,,Pemberian Kutipan Risalah Lelang,, Total,
25/11/2024 15:39:28,JCA3KC,720/K-RL/2024,,Pemberian Kutipan Risalah Lelang,, Total,
25/11/2024 15:40:43,KY1ZOS,721/K-RL/2024,,Pemberian Kutipan Risalah Lelang,, Total,
25/11/2024 15:41:52,OBK7J6,722/K-RL/2024,,Pemberian Kutipan Risalah Lelang,, Total,
25/11/2024 15:43:05,WM45KO,723/K-RL/2024,,Pemberian Kutipan Risalah Lelang,, Total,
25/11/2024 15:44:13,XWCIUU,724/K-RL/2024,,Pemberian Kutipan Risalah Lelang,, Total,
25/11/2024 16:39:13,51Y7BO,563/KPHL/2024,,Pemberian Kuitansi Pembayaran Harga Lelang,, Total,
25/11/2024 17:40:35,EQFZGL,564/KPHL/2024,,Pemberian Kuitansi Pembayaran Harga Lelang,, Total,
26/11/2024 6:59:06,G4E0LD,725/K-RL/2024,,Pemberian Kutipan Risalah Lelang,, Total,
26/11/2024 8:43:26,U2SODV,726/K-RL/2024,,Pemberian Kutipan Risalah Lelang,, Total,
26/11/2024 8:52:57,U2SODV,476/VPPH/2024,,Validasi PPh (1 bidang),, Total,
26/11/2024 10:28:26,BJQSNH,727/K-RL/2024,,Pemberian Kutipan Risalah Lelang,, Total,
26/11/2024 10:54:13,T5ZMZG,728/K-RL/2024,,Pemberian Kutipan Risalah Lelang,, Total,
26/11/2024 11:11:24,T5ZMZG,477/VPPH/2024,,Validasi PPh (1 bidang),, Total,
26/11/2024 13:06:51,YMBECB,729/K-RL/2024,,Pemberian Kutipan Risalah Lelang,, Total,
26/11/2024 13:16:21,ZQEKNS,565/KPHL/2024,,Pemberian Kuitansi Pembayaran Harga Lelang,, Total,
26/11/2024 15:55:47,RUF62W,478/VPPH/2024,,Validasi PPh (1 bidang),, Total,
27/11/2024 8:12:09,JW1TEN,566/KPHL/2024,,Pemberian Kuitansi Pembayaran Harga Lelang,, Total,
27/11/2024 18:05:34,GEDOL5,730/K-RL/2024,,Pemberian Kutipan Risalah Lelang,, Total,
28/11/2024 8:37:52,OPBKIQ,479/VPPH/2024,,Validasi PPh (1 bidang),, Total,
28/11/2024 8:45:16,3RCQHU,731/K-RL/2024,,Pemberian Kutipan Risalah Lelang,, Total,
28/11/2024 8:54:52,XYRJMP,567/KPHL/2024,,Pemberian Kuitansi Pembayaran Harga Lelang,, Total,
28/11/2024 10:37:22,Z2GKML,568/KPHL/2024,,Pemberian Kuitansi Pembayaran Harga Lelang,, Total,
28/11/2024 11:09:56,BCH4RG,569/KPHL/2024,,Pemberian Kuitansi Pembayaran Harga Lelang,, Total,
28/11/2024 11:41:14,3XZI11,732/K-RL/2024,,Pemberian Kutipan Risalah Lelang,, Total,
28/11/2024 11:59:19,0FXYC2,480/VPPH/2024,,Validasi PPh (1 bidang),, Total,
28/11/2024 15:01:15,BCH4RG,733/K-RL/2024,,Pemberian Kutipan Risalah Lelang,, Total,
29/11/2024 8:58:51,JMDT6U,570/KPHL/2024,,Pemberian Kuitansi Pembayaran Harga Lelang,, Total,
29/11/2024 10:53:57,RIAOQB,481/VPPH/2024,,Validasi PPh (1 bidang),, Total,
29/11/2024 10:55:30,RLCYOZ,482/VPPH/2024,,Validasi PPh (1 bidang),, Total,
29/11/2024 11:04:31,6WCDDL,571/KPHL/2024,,Pemberian Kuitansi Pembayaran Harga Lelang,, Total,
29/11/2024 13:45:19,YAFRSQ,572/KPHL/2024,,Pemberian Kuitansi Pembayaran Harga Lelang,, Total,
29/11/2024 14:16:35,FGSLER,573/KPHL/2024,,Pemberian Kuitansi Pembayaran Harga Lelang,, Total,
29/11/2024 16:45:28,RGOGZ4,734/K-RL/2024,,Pemberian Kutipan Risalah Lelang,, Total,
29/11/2024 18:45:56,EQFZGL,483/VPPH/2024,,Validasi PPh (1 bidang),, Total,
29/11/2024 19:00:00,RGOGZ4,484/VPPH/2024,,Validasi PPh (1 bidang),, Total,
30/11/2024 16:45:56,R5B4DG,735/K-RL/2024,,Pemberian Kutipan Risalah Lelang,, Total,
30/11/2024 16:49:08,QVEIZS,736/K-RL/2024,,Pemberian Kutipan Risalah Lelang,, Total,
01/12/2024 11:39:16,E3T0BI,574/KPHL/2024,,Pemberian Kuitansi Pembayaran Harga Lelang,, Total,
02/12/2024 8:16:00,C2EEYK,737/K-RL/2024,,Pemberian Kutipan Risalah Lelang,, Total,
02/12/2024 8:50:11,C2EEYK,738/K-RL/2024,,Pemberian Kutipan Risalah Lelang,, Total,
02/12/2024 9:07:14,BJQSNH,485/VPPH/2024,,Validasi PPh (1 bidang),, Total,
02/12/2024 10:30:58,H0B6G3,486/VPPH/2024,,Validasi PPh (1 bidang),, Total,
02/12/2024 10:46:26,WQJWR8,487/VPPH/2024,,Validasi PPh (1 bidang),, Total,
02/12/2024 12:08:34,Rted3,739/K-RL/2024,,Pemberian Kutipan Risalah Lelang,, Total,
02/12/2024 12:46:37,LDHPNW,575/KPHL/2024,,Pemberian Kuitansi Pembayaran Harga Lelang,, Total,
02/12/2024 16:28:14,6WCDDL,488/VPPH/2024,,Validasi PPh (1 bidang),, Total,
02/12/2024 17:48:32,XOTOPQ,576/KPHL/2024,,Pemberian Kuitansi Pembayaran Harga Lelang,, Total,
02/12/2024 18:28:48,M7ZYE3,577/KPHL/2024,,Pemberian Kuitansi Pembayaran Harga Lelang,, Total,
02/12/2024 18:35:04,M7ZYE3,740/K-RL/2024,,Pemberian Kutipan Risalah Lelang,, Total,
03/12/2024 9:17:15,FUM17Y,578/KPHL/2024,,Pemberian Kuitansi Pembayaran Harga Lelang,, Total,
03/12/2024 10:22:19,R5B4DG,489/VPPH/2024,,Validasi PPh (1 bidang),, Total,
03/12/2024 10:40:05,QVEIZS,490/VPPH/2024,,Validasi PPh (1 bidang),, Total,
03/12/2024 11:44:17,HPKE8F,579/KPHL/2024,,Pemberian Kuitansi Pembayaran Harga Lelang,, Total,
03/12/2024 11:48:12,HPKE8F,580/KPHL/2024,,Pemberian Kuitansi Pembayaran Harga Lelang,, Total,
03/12/2024 13:49:04,YMBECB,491/VPPH/2024,,Validasi PPh (1 bidang),, Total,
03/12/2024 14:58:44,G4E0LD,492/VPPH/2024,,Validasi PPh (1 bidang),, Total,
03/12/2024 15:14:31,A9LE1N,581/KPHL/2024,,Pemberian Kuitansi Pembayaran Harga Lelang,, Total,
03/12/2024 16:22:46,5TLT8N,582/KPHL/2024,,Pemberian Kuitansi Pembayaran Harga Lelang,, Total,
03/12/2024 17:17:22,Gedol5,493/VPPH/2024,,Validasi PPh (1 bidang),, Total,
03/12/2024 17:20:02,JMDT6U,494/VPPH/2024,,Validasi PPh (1 bidang),, Total,
04/12/2024 9:40:59,1BMLDQ,741/K-RL/2024,,Pemberian Kutipan Risalah Lelang,, Total,
04/12/2024 9:47:26,3E8UWD,742/K-RL/2024,,Pemberian Kutipan Risalah Lelang,, Total,
04/12/2024 11:26:02,JMDT6U,743/K-RL/2024,,Pemberian Kutipan Risalah Lelang,, Total,
04/12/2024 11:53:41,6AUWQJ,744/K-RL/2024,,Pemberian Kutipan Risalah Lelang,, Total,
04/12/2024 12:39:57,XSQGCW,495/VPPH/2024,,Validasi PPh (1 bidang),, Total,
04/12/2024 14:26:38,Jgh6k3,745/K-RL/2024,,Pemberian Kutipan Risalah Lelang,, Total,
04/12/2024 14:41:09,Jgh6k3,496/VPPH/2024,,Validasi PPh (1 bidang),, Total,
04/12/2024 14:54:01,EKZ5AX,583/KPHL/2024,,Pemberian Kuitansi Pembayaran Harga Lelang,, Total,
04/12/2024 22:35:56,Lot 46,584/KPHL/2024,,Pemberian Kuitansi Pembayaran Harga Lelang,, Total,
04/12/2024 22:38:12,Lot 36,585/KPHL/2024,,Pemberian Kuitansi Pembayaran Harga Lelang,, Total,
04/12/2024 22:40:52,Lot 19,586/KPHL/2024,,Pemberian Kuitansi Pembayaran Harga Lelang,, Total,
04/12/2024 22:42:40,Lot 17,587/KPHL/2024,,Pemberian Kuitansi Pembayaran Harga Lelang,, Total,
05/12/2024 8:38:26,y2trck,588/KPHL/2024,,Pemberian Kuitansi Pembayaran Harga Lelang,, Total,
05/12/2024 9:11:03,AHJFI6,589/KPHL/2024,,Pemberian Kuitansi Pembayaran Harga Lelang,, Total,
05/12/2024 9:30:39,AHJIF6,590/KPHL/2024,,Pemberian Kuitansi Pembayaran Harga Lelang,, Total,
05/12/2024 9:44:41,1EG8RA,591/KPHL/2024,,Pemberian Kuitansi Pembayaran Harga Lelang,, Total,
05/12/2024 9:49:12,DLSLC3,592/KPHL/2024,,Pemberian Kuitansi Pembayaran Harga Lelang,, Total,
05/12/2024 9:54:45,0CCSJ9,593/KPHL/2024,,Pemberian Kuitansi Pembayaran Harga Lelang,, Total,
05/12/2024 10:12:56,y2trck,746/K-RL/2024,,Pemberian Kutipan Risalah Lelang,, Total,
05/12/2024 10:57:47,WOGBTP,594/KPHL/2024,,Pemberian Kuitansi Pembayaran Harga Lelang,, Total,
05/12/2024 11:23:06,A4BE3V,595/KPHL/2024,,Pemberian Kuitansi Pembayaran Harga Lelang,, Total,
05/12/2024 11:26:53,YVBE42,596/KPHL/2024,,Pemberian Kuitansi Pembayaran Harga Lelang,, Total,
05/12/2024 11:57:33,AS1J29,597/KPHL/2024,,Pemberian Kuitansi Pembayaran Harga Lelang,, Total,
05/12/2024 12:04:44,WOGBTP,747/K-RL/2024,,Pemberian Kutipan Risalah Lelang,, Total,
05/12/2024 12:21:29,YMBECB,497/VPPH/2024,,Validasi PPh (1 bidang),, Total,
05/12/2024 12:22:00,HPKE8F,748/K-RL/2024,,Pemberian Kutipan Risalah Lelang,, Total,
05/12/2024 12:55:38,2XVHGG,598/KPHL/2024,,Pemberian Kuitansi Pembayaran Harga Lelang,, Total,
05/12/2024 13:00:21,N7KELH,599/KPHL/2024,,Pemberian Kuitansi Pembayaran Harga Lelang,, Total,
05/12/2024 13:06:25,U59OLL,600/KPHL/2024,,Pemberian Kuitansi Pembayaran Harga Lelang,, Total,
05/12/2024 13:12:51,3YQZIB,601/KPHL/2024,,Pemberian Kuitansi Pembayaran Harga Lelang,, Total,
05/12/2024 13:13:45,M7ZYE3,498/VPPH/2024,,Validasi PPh (1 bidang),, Total,
05/12/2024 13:17:29,NRQUJ3,602/KPHL/2024,,Pemberian Kuitansi Pembayaran Harga Lelang,, Total,
05/12/2024 13:20:07,NHOVNE,603/KPHL/2024,,Pemberian Kuitansi Pembayaran Harga Lelang,, Total,
05/12/2024 13:25:54,JOVGOY,604/KPHL/2024,,Pemberian Kuitansi Pembayaran Harga Lelang,, Total,
05/12/2024 13:30:58,NDOBYE,605/KPHL/2024,,Pemberian Kuitansi Pembayaran Harga Lelang,, Total,
05/12/2024 13:36:18,WNR203,606/KPHL/2024,,Pemberian Kuitansi Pembayaran Harga Lelang,, Total,
05/12/2024 13:37:07,HPKE8F,749/K-RL/2024,,Pemberian Kutipan Risalah Lelang,, Total,
05/12/2024 13:38:16,26,750/K-RL/2024,,Pemberian Kutipan Risalah Lelang,, Total,
05/12/2024 13:38:55,Lot 49,751/K-RL/2024,,Pemberian Kutipan Risalah Lelang,, Total,
05/12/2024 13:40:41,AU3PTK,607/KPHL/2024,,Pemberian Kuitansi Pembayaran Harga Lelang,, Total,
05/12/2024 13:49:10,W5yipn,608/KPHL/2024,,Pemberian Kuitansi Pembayaran Harga Lelang,, Total,
05/12/2024 14:02:31,I8R396,752/K-RL/2024,,Pemberian Kutipan Risalah Lelang,, Total,
05/12/2024 14:36:36,BCH4RG,499/VPPH/2024,,Validasi PPh (1 bidang),, Total,
05/12/2024 14:40:53,BCH4RG,753/K-RL/2024,,Pemberian Kutipan Risalah Lelang,, Total,
05/12/2024 16:15:18,XOTOPQ,500/VPPH/2024,,Validasi PPh (1 bidang),, Total,
05/12/2024 16:24:14,XOTOPQ,501/VPPH/2024,,Validasi PPh (1 bidang),, Total,
05/12/2024 17:17:04,WKGO70,609/KPHL/2024,,Pemberian Kuitansi Pembayaran Harga Lelang,, Total,
05/12/2024 17:22:50,9CEJUL,610/KPHL/2024,,Pemberian Kuitansi Pembayaran Harga Lelang,, Total,
05/12/2024 17:28:33,3AKPGX,611/KPHL/2024,,Pemberian Kuitansi Pembayaran Harga Lelang,, Total,
05/12/2024 17:33:53,PVGMNH,612/KPHL/2024,,Pemberian Kuitansi Pembayaran Harga Lelang,, Total,
05/12/2024 17:39:07,IT6HQC,613/KPHL/2024,,Pemberian Kuitansi Pembayaran Harga Lelang,, Total,
05/12/2024 17:43:24,KTTXAG,614/KPHL/2024,,Pemberian Kuitansi Pembayaran Harga Lelang,, Total,
05/12/2024 18:53:40,DJCVW5,615/KPHL/2024,,Pemberian Kuitansi Pembayaran Harga Lelang,, Total,
06/12/2024 7:20:41,C2EEYK,502/VPPH/2024,,Validasi PPh (1 bidang),, Total,
06/12/2024 7:34:16,G4E0LD,503/VPPH/2024,,Validasi PPh (1 bidang),, Total,
06/12/2024 7:44:18,G4E0LD,504/VPPH/2024,,Validasi PPh (1 bidang),, Total,
06/12/2024 7:52:10,G4E0LD,505/VPPH/2024,,Validasi PPh (1 bidang),, Total,
06/12/2024 9:26:13,J0XUGB,616/KPHL/2024,,Pemberian Kuitansi Pembayaran Harga Lelang,, Total,
06/12/2024 9:39:09,OHWMGD,617/KPHL/2024,,Pemberian Kuitansi Pembayaran Harga Lelang,, Total,
06/12/2024 9:48:08,6AUWQJ,506/VPPH/2024,,Validasi PPh (1 bidang),, Total,
06/12/2024 9:49:35,JMDT6U,507/VPPH/2024,,Validasi PPh (1 bidang),, Total,
06/12/2024 10:26:33,YCVUTP,618/KPHL/2024,,Pemberian Kuitansi Pembayaran Harga Lelang,, Total,
06/12/2024 10:27:52,J0XUGB,754/K-RL/2024,,Pemberian Kutipan Risalah Lelang,, Total,
06/12/2024 10:33:32,XYRJMP,755/K-RL/2024,,Pemberian Kutipan Risalah Lelang,, Total,
06/12/2024 11:29:25,0FXYC2,756/K-RL/2024,,Pemberian Kutipan Risalah Lelang,, Total,
06/12/2024 12:56:19,EMDYB8,508/VPPH/2024,,Validasi PPh (1 bidang),, Total,
06/12/2024 13:20:53,TBGDJN,619/KPHL/2024,,Pemberian Kuitansi Pembayaran Harga Lelang,, Total,
06/12/2024 13:24:52,TX2REG,509/VPPH/2024,,Validasi PPh (1 bidang),, Total,
06/12/2024 13:25:27,TBGDJN,757/K-RL/2024,,Pemberian Kutipan Risalah Lelang,, Total,
06/12/2024 13:58:44,6AUWQJ,510/VPPH/2024,,Validasi PPh (1 bidang),, Total,
06/12/2024 15:14:38,-,511/VPPH/2024,,Validasi PPh (1 bidang),, Total,
06/12/2024 16:20:55,SG7TD8,758/K-RL/2024,,Pemberian Kutipan Risalah Lelang,, Total,
06/12/2024 16:27:00,SG7TD8,759/K-RL/2024,,Pemberian Kutipan Risalah Lelang,, Total,
06/12/2024 16:52:40,NFZXFM,620/KPHL/2024,,Pemberian Kuitansi Pembayaran Harga Lelang,, Total,
07/12/2024 13:24:29,6WCDDL,760/K-RL/2024,,Pemberian Kutipan Risalah Lelang,, Total,
08/12/2024 7:13:57,X63JYK,621/KPHL/2024,,Pemberian Kuitansi Pembayaran Harga Lelang,, Total,
09/12/2024 5:01:50,DMKTCB,622/KPHL/2024,,Pemberian Kuitansi Pembayaran Harga Lelang,, Total,
09/12/2024 7:11:24,Q78VLH,623/KPHL/2024,,Pemberian Kuitansi Pembayaran Harga Lelang,, Total,
09/12/2024 7:17:20,XBMFIZ,624/KPHL/2024,,Pemberian Kuitansi Pembayaran Harga Lelang,, Total,
09/12/2024 7:22:29,DMKTCB,625/KPHL/2024,,Pemberian Kuitansi Pembayaran Harga Lelang,, Total,
09/12/2024 7:25:42,GUMBYE,626/KPHL/2024,,Pemberian Kuitansi Pembayaran Harga Lelang,, Total,
09/12/2024 7:29:29,WXBP24,627/KPHL/2024,,Pemberian Kuitansi Pembayaran Harga Lelang,, Total,
09/12/2024 7:37:23,DMKTCP,761/K-RL/2024,,Pemberian Kutipan Risalah Lelang,, Total,
09/12/2024 8:49:19,OCSY1M,628/KPHL/2024,,Pemberian Kuitansi Pembayaran Harga Lelang,, Total,
09/12/2024 8:49:58,XRRH1F,629/KPHL/2024,,Pemberian Kuitansi Pembayaran Harga Lelang,, Total,
09/12/2024 8:53:21,F2JUSA,630/KPHL/2024,,Pemberian Kuitansi Pembayaran Harga Lelang,, Total,
09/12/2024 8:56:03,XRRH1F,762/K-RL/2024,,Pemberian Kutipan Risalah Lelang,, Total,
09/12/2024 9:02:59,IE1LFI,763/K-RL/2024,,Pemberian Kutipan Risalah Lelang,, Total,
09/12/2024 9:13:55,E3T0BI,512/VPPH/2024,,Validasi PPh (1 bidang),, Total,
09/12/2024 9:28:42,1BMLDQ,513/VPPH/2024,,Validasi PPh (1 bidang),, Total,
09/12/2024 10:13:17,F2JUSA,764/K-RL/2024,,Pemberian Kutipan Risalah Lelang,, Total,
09/12/2024 10:47:34,XYRJMP,514/VPPH/2024,,Validasi PPh (1 bidang),, Total,
09/12/2024 11:36:09,GCEDJ6,631/KPHL/2024,,Pemberian Kuitansi Pembayaran Harga Lelang,, Total,
09/12/2024 12:28:32,NFZXFM,765/K-RL/2024,,Pemberian Kutipan Risalah Lelang,, Total,
09/12/2024 15:21:48,XOTOPQ,766/K-RL/2024,,Pemberian Kutipan Risalah Lelang,, Total,
09/12/2024 15:45:28,UNP7JS,767/K-RL/2024,,Pemberian Kutipan Risalah Lelang,, Total,
10/12/2024 7:58:39,XINDF5,632/KPHL/2024,,Pemberian Kuitansi Pembayaran Harga Lelang,, Total,
10/12/2024 8:02:05,XINDF5,633/KPHL/2024,,Pemberian Kuitansi Pembayaran Harga Lelang,, Total,
10/12/2024 8:04:22,XINDF5,768/K-RL/2024,,Pemberian Kutipan Risalah Lelang,, Total,
10/12/2024 8:06:30,K3KQAD,634/KPHL/2024,,Pemberian Kuitansi Pembayaran Harga Lelang,, Total,
10/12/2024 8:08:24,K3KQAD,769/K-RL/2024,,Pemberian Kutipan Risalah Lelang,, Total,
10/12/2024 10:20:44,ZOTVKY,635/KPHL/2024,,Pemberian Kuitansi Pembayaran Harga Lelang,, Total,
10/12/2024 11:01:12,URKDJE,770/K-RL/2024,,Pemberian Kutipan Risalah Lelang,, Total,
10/12/2024 13:08:13,CPQZPI,636/KPHL/2024,,Pemberian Kuitansi Pembayaran Harga Lelang,, Total,
10/12/2024 14:13:57,FUM17Y,771/K-RL/2024,,Pemberian Kutipan Risalah Lelang,, Total,
10/12/2024 15:11:17,R9PMBV,637/KPHL/2024,,Pemberian Kuitansi Pembayaran Harga Lelang,, Total,
10/12/2024 16:47:01,2GW4FE,515/VPPH/2024,,Validasi PPh (1 bidang),, Total,
11/12/2024 5:30:55,WWXZOB,638/KPHL/2024,,Pemberian Kuitansi Pembayaran Harga Lelang,, Total,
11/12/2024 8:25:02,QGOZBY,639/KPHL/2024,,Pemberian Kuitansi Pembayaran Harga Lelang,, Total,
11/12/2024 8:31:18,RHOVRK,772/K-RL/2024,,Pemberian Kutipan Risalah Lelang,, Total,
11/12/2024 11:56:19,Lot 46,773/K-RL/2024,,Pemberian Kutipan Risalah Lelang,, Total,
11/12/2024 11:58:26,Lot 36,774/K-RL/2024,,Pemberian Kutipan Risalah Lelang,, Total,
11/12/2024 12:00:13,Lot 19,775/K-RL/2024,,Pemberian Kutipan Risalah Lelang,, Total,
11/12/2024 12:02:48,Lot 17,776/K-RL/2024,,Pemberian Kutipan Risalah Lelang,, Total,
11/12/2024 12:33:42,HPKE8F,516/VPPH/2024,,Validasi PPh (1 bidang),, Total,
11/12/2024 17:02:42,2GW4FE,517/VPPH/2024,,Validasi PPh (1 bidang),, Total,
12/12/2024 7:24:02,YAFRSQ,777/K-RL/2024,,Pemberian Kutipan Risalah Lelang,, Total,
12/12/2024 8:57:36,VP4UKN,778/K-RL/2024,,Pemberian Kutipan Risalah Lelang,, Total,
12/12/2024 9:28:42,AOTPRZ,779/K-RL/2024,,Pemberian Kutipan Risalah Lelang,, Total,
12/12/2024 9:36:00,MTJ8YQ,640/KPHL/2024,,Pemberian Kuitansi Pembayaran Harga Lelang,, Total,
12/12/2024 9:37:52,VP4KUN,518/VPPH/2024,,Validasi PPh (1 bidang),, Total,
12/12/2024 9:47:08,NCQKBB,519/VPPH/2024,,Validasi PPh (1 bidang),, Total,
12/12/2024 10:22:15,P1EOHS,780/K-RL/2024,,Pemberian Kutipan Risalah Lelang,, Total,
12/12/2024 14:23:09,M3EXYA,781/K-RL/2024,,Pemberian Kutipan Risalah Lelang,, Total,
12/12/2024 14:53:51,G4E0LD,520/VPPH/2024,,Validasi PPh (1 bidang),, Total,
12/12/2024 15:01:48,G3E0LD,521/VPPH/2024,,Validasi PPh (1 bidang),, Total,
12/12/2024 23:27:13,IE1LFI,522/VPPH/2024,,Validasi PPh (1 bidang),, Total,
13/12/2024 2:02:50,Lot 8,641/KPHL/2024,,Pemberian Kuitansi Pembayaran Harga Lelang,, Total,
13/12/2024 7:55:30,IE1LFI,523/VPPH/2024,,Validasi PPh (1 bidang),, Total,
13/12/2024 8:04:31,IE1LFI,524/VPPH/2024,,Validasi PPh (1 bidang),, Total,
13/12/2024 10:22:19,FY2QSV,642/KPHL/2024,,Pemberian Kuitansi Pembayaran Harga Lelang,, Total,
13/12/2024 10:36:35,XSBU8B,782/K-RL/2024,,Pemberian Kutipan Risalah Lelang,, Total,
13/12/2024 11:08:38,NQDXCV,643/KPHL/2024,,Pemberian Kuitansi Pembayaran Harga Lelang,, Total,
13/12/2024 12:06:49,PVJRLE,783/K-RL/2024,,Pemberian Kutipan Risalah Lelang,, Total,
13/12/2024 13:54:03,PVJRLE,784/K-RL/2024,,Pemberian Kutipan Risalah Lelang,, Total,
13/12/2024 15:40:00,PVJRLE,644/KPHL/2024,,Pemberian Kuitansi Pembayaran Harga Lelang,, Total,
13/12/2024 16:48:15,qgozby,525/VPPH/2024,,Validasi PPh (1 bidang),, Total,
13/12/2024 16:57:02,60L8X2,645/KPHL/2024,,Pemberian Kuitansi Pembayaran Harga Lelang,, Total,
14/12/2024 1:57:00,Lot 8,785/K-RL/2024,,Pemberian Kutipan Risalah Lelang,, Total,
15/12/2024 8:27:50,FUM17Y,526/VPPH/2024,,Validasi PPh (1 bidang),, Total,
15/12/2024 23:30:02,8EZUUX,786/K-RL/2024,,Pemberian Kutipan Risalah Lelang,, Total,
16/12/2024 8:36:12,OXRPKW,646/KPHL/2024,,Pemberian Kuitansi Pembayaran Harga Lelang,, Total,
16/12/2024 9:36:44,OXRPKW,787/K-RL/2024,,Pemberian Kutipan Risalah Lelang,, Total,
16/12/2024 9:52:42,IPVHEP,647/KPHL/2024,,Pemberian Kuitansi Pembayaran Harga Lelang,, Total,
16/12/2024 10:10:34,PJQIRX,648/KPHL/2024,,Pemberian Kuitansi Pembayaran Harga Lelang,, Total,
16/12/2024 11:13:15,XSBU8B,527/VPPH/2024,,Validasi PPh (1 bidang),, Total,
16/12/2024 11:40:32,ZJAYLH,649/KPHL/2024,,Pemberian Kuitansi Pembayaran Harga Lelang,, Total,
16/12/2024 12:04:19,ZJAYLH,788/K-RL/2024,,Pemberian Kutipan Risalah Lelang,, Total,
16/12/2024 14:34:41,YAFRSQ,528/VPPH/2024,,Validasi PPh (1 bidang),, Total,
16/12/2024 15:00:21,XSBU8B,789/K-RL/2024,,Pemberian Kutipan Risalah Lelang,, Total,
16/12/2024 15:06:09,60L8X5,650/KPHL/2024,,Pemberian Kuitansi Pembayaran Harga Lelang,, Total,
16/12/2024 15:13:59,XSBU8B,529/VPPH/2024,,Validasi PPh (1 bidang),, Total,
16/12/2024 17:20:53,RHOVRK,530/VPPH/2024,,Validasi PPh (1 bidang),, Total,
16/12/2024 21:59:24,5NNUGS,651/KPHL/2024,,Pemberian Kuitansi Pembayaran Harga Lelang,, Total,
17/12/2024 10:01:03,6AUWQJ,790/K-RL/2024,,Pemberian Kutipan Risalah Lelang,, Total,
17/12/2024 11:45:42,SCAV0N,652/KPHL/2024,,Pemberian Kuitansi Pembayaran Harga Lelang,, Total,
17/12/2024 12:02:50,LLNQBO,653/KPHL/2024,,Pemberian Kuitansi Pembayaran Harga Lelang,, Total,
17/12/2024 13:30:39,M3EXYA,791/K-RL/2024,,Pemberian Kutipan Risalah Lelang,, Total,
17/12/2024 14:10:11,7RW7FE,654/KPHL/2024,,Pemberian Kuitansi Pembayaran Harga Lelang,, Total,
17/12/2024 17:36:09,N4IPY8,531/VPPH/2024,,Validasi PPh (1 bidang),, Total,
17/12/2024 18:04:34,J23C74,655/KPHL/2024,,Pemberian Kuitansi Pembayaran Harga Lelang,, Total,
18/12/2024 7:20:32,RR4KPY,656/KPHL/2024,,Pemberian Kuitansi Pembayaran Harga Lelang,, Total,
18/12/2024 7:23:32,RR4KPY,792/K-RL/2024,,Pemberian Kutipan Risalah Lelang,, Total,
18/12/2024 9:07:54,2cQ9Z,793/K-RL/2024,,Pemberian Kutipan Risalah Lelang,, Total,
18/12/2024 9:15:27,BVRHBK,657/KPHL/2024,,Pemberian Kuitansi Pembayaran Harga Lelang,, Total,
18/12/2024 10:30:01,X63JYK,794/K-RL/2024,,Pemberian Kutipan Risalah Lelang,, Total,
18/12/2024 10:51:30,LLNQBO,795/K-RL/2024,,Pemberian Kutipan Risalah Lelang,, Total,
18/12/2024 11:04:44,SNIYVO,658/KPHL/2024,,Pemberian Kuitansi Pembayaran Harga Lelang,, Total,
18/12/2024 11:25:21,8CWY4Z,659/KPHL/2024,,Pemberian Kuitansi Pembayaran Harga Lelang,, Total,
18/12/2024 11:44:36,4KNZ5R,660/KPHL/2024,,Pemberian Kuitansi Pembayaran Harga Lelang,, Total,
18/12/2024 12:09:49,4GWAH5,661/KPHL/2024,,Pemberian Kuitansi Pembayaran Harga Lelang,, Total,
18/12/2024 16:45:10,FWB9AH,662/KPHL/2024,,Pemberian Kuitansi Pembayaran Harga Lelang,, Total,
18/12/2024 17:37:39,EQFZGL,796/K-RL/2024,,Pemberian Kutipan Risalah Lelang,, Total,
18/12/2024 17:53:48,KSTJQ7,663/KPHL/2024,,Pemberian Kuitansi Pembayaran Harga Lelang,, Total,
19/12/2024 9:30:12,qgozby,797/K-RL/2024,,Pemberian Kutipan Risalah Lelang,, Total,
19/12/2024 9:57:07,BBISRI,798/K-RL/2024,,Pemberian Kutipan Risalah Lelang,, Total,
19/12/2024 10:11:08,IFJIZS,664/KPHL/2024,,Pemberian Kuitansi Pembayaran Harga Lelang,, Total,
19/12/2024 10:18:02,IBEDV5,665/KPHL/2024,,Pemberian Kuitansi Pembayaran Harga Lelang,, Total,
19/12/2024 10:27:11,UHL4TX,666/KPHL/2024,,Pemberian Kuitansi Pembayaran Harga Lelang,, Total,
19/12/2024 10:50:30,R9PMBV,799/K-RL/2024,,Pemberian Kutipan Risalah Lelang,, Total,
19/12/2024 11:39:34,BBISRI,532/VPPH/2024,,Validasi PPh (1 bidang),, Total,
19/12/2024 11:49:20,VU6HFQ,667/KPHL/2024,,Pemberian Kuitansi Pembayaran Harga Lelang,, Total,
19/12/2024 11:50:38,BBISRI,533/VPPH/2024,,Validasi PPh (1 bidang),, Total,
19/12/2024 12:01:25,M3EXYA,534/VPPH/2024,,Validasi PPh (1 bidang),, Total,
19/12/2024 12:08:32,M3EXYA,535/VPPH/2024,,Validasi PPh (1 bidang),, Total,
19/12/2024 12:32:19,JW1TEN,800/K-RL/2024,,Pemberian Kutipan Risalah Lelang,, Total,
19/12/2024 12:44:46,JW1TEN,536/VPPH/2024,,Validasi PPh (1 bidang),, Total,
19/12/2024 13:45:35,KZOUVH,668/KPHL/2024,,Pemberian Kuitansi Pembayaran Harga Lelang,, Total,
19/12/2024 15:56:46,60L8X5,801/K-RL/2024,,Pemberian Kutipan Risalah Lelang,, Total,
19/12/2024 16:05:50,J23C74,802/K-RL/2024,,Pemberian Kutipan Risalah Lelang,, Total,
19/12/2024 16:23:56,VU6HFQ,803/K-RL/2024,,Pemberian Kutipan Risalah Lelang,, Total,
19/12/2024 16:51:03,OQD4PR,804/K-RL/2024,,Pemberian Kutipan Risalah Lelang,, Total,
19/12/2024 17:08:56,OQD4PR,537/VPPH/2024,,Validasi PPh (1 bidang),, Total,
19/12/2024 20:42:32,CPQZPI,805/K-RL/2024,,Pemberian Kutipan Risalah Lelang,, Total,
19/12/2024 20:49:57,CPQZPI,806/K-RL/2024,,Pemberian Kutipan Risalah Lelang,, Total,
19/12/2024 21:15:50,CPQZPI,538/VPPH/2024,,Validasi PPh (1 bidang),, Total,
20/12/2024 8:50:56,Z0TVKY,807/K-RL/2024,,Pemberian Kutipan Risalah Lelang,, Total,
20/12/2024 8:59:25,C7JNFO,669/KPHL/2024,,Pemberian Kuitansi Pembayaran Harga Lelang,, Total,
20/12/2024 10:11:17,ZOTVKY,808/K-RL/2024,,Pemberian Kutipan Risalah Lelang,, Total,
20/12/2024 11:10:22,M3EXYA,539/VPPH/2024,,Validasi PPh (1 bidang),, Total,
20/12/2024 12:20:17,LZWPV3,670/KPHL/2024,,Pemberian Kuitansi Pembayaran Harga Lelang,, Total,
20/12/2024 13:29:38,8NFPOM,671/KPHL/2024,,Pemberian Kuitansi Pembayaran Harga Lelang,, Total,
20/12/2024 13:56:32,NEFPAJ,672/KPHL/2024,,Pemberian Kuitansi Pembayaran Harga Lelang,, Total,
20/12/2024 16:11:16,2CQ9jv,540/VPPH/2024,,Validasi PPh (1 bidang),, Total,
20/12/2024 16:27:40,WSIE64,673/KPHL/2024,,Pemberian Kuitansi Pembayaran Harga Lelang,, Total,
23/12/2024 8:34:02,JUWIOY,674/KPHL/2024,,Pemberian Kuitansi Pembayaran Harga Lelang,, Total,
23/12/2024 11:02:28,HRIALT,809/K-RL/2024,,Pemberian Kutipan Risalah Lelang,, Total,
23/12/2024 11:33:01,BVRHBK,810/K-RL/2024,,Pemberian Kutipan Risalah Lelang,, Total,
23/12/2024 11:41:12,BVRHBK,541/VPPH/2024,,Validasi PPh (1 bidang),, Total,
23/12/2024 11:47:03,WMK390,675/KPHL/2024,,Pemberian Kuitansi Pembayaran Harga Lelang,, Total,
23/12/2024 12:49:55,RN4LM3,811/K-RL/2024,,Pemberian Kutipan Risalah Lelang,, Total,
23/12/2024 13:23:34,dhohme,676/KPHL/2024,,Pemberian Kuitansi Pembayaran Harga Lelang,, Total,
23/12/2024 15:28:24,60L8X5,812/K-RL/2024,,Pemberian Kutipan Risalah Lelang,, Total,
23/12/2024 15:46:15,8NFPOM,813/K-RL/2024,,Pemberian Kutipan Risalah Lelang,, Total,
23/12/2024 15:52:02,8NFPOM,814/K-RL/2024,,Pemberian Kutipan Risalah Lelang,, Total,
23/12/2024 21:14:48,C7JNFO,815/K-RL/2024,,Pemberian Kutipan Risalah Lelang,, Total,
24/12/2024 9:49:38,60L8X5,542/VPPH/2024,,Validasi PPh (1 bidang),, Total,
24/12/2024 9:53:56,YCVUTP,816/K-RL/2024,,Pemberian Kutipan Risalah Lelang,, Total,
24/12/2024 9:56:24,TVJP3V,817/K-RL/2024,,Pemberian Kutipan Risalah Lelang,, Total,
24/12/2024 10:19:13,TVJP3V,543/VPPH/2024,,Validasi PPh (1 bidang),, Total,
24/12/2024 12:11:05,RN4LMe,818/K-RL/2024,,Pemberian Kutipan Risalah Lelang,, Total,
24/12/2024 13:17:39,J23C74,544/VPPH/2024,,Validasi PPh (1 bidang),, Total,
24/12/2024 13:19:12,PWX6FF,677/KPHL/2024,,Pemberian Kuitansi Pembayaran Harga Lelang,, Total,
24/12/2024 13:23:50,NHUYCD,678/KPHL/2024,,Pemberian Kuitansi Pembayaran Harga Lelang,, Total,
24/12/2024 15:04:59,5CGOGM,679/KPHL/2024,,Pemberian Kuitansi Pembayaran Harga Lelang,, Total,
24/12/2024 15:05:57,D9GC5Z,819/K-RL/2024,,Pemberian Kutipan Risalah Lelang,, Total,
24/12/2024 15:37:52,LI5G1S,680/KPHL/2024,,Pemberian Kuitansi Pembayaran Harga Lelang,, Total,
24/12/2024 22:23:32,IQSDO0,681/KPHL/2024,,Pemberian Kuitansi Pembayaran Harga Lelang,, Total,
26/12/2024 9:16:55,60L8X5,820/K-RL/2024,,Pemberian Kutipan Risalah Lelang,, Total,
26/12/2024 9:19:15,BFPGHR,682/KPHL/2024,,Pemberian Kuitansi Pembayaran Harga Lelang,, Total,
26/12/2024 10:17:12,LE8GCQ,683/KPHL/2024,,Pemberian Kuitansi Pembayaran Harga Lelang,, Total,
26/12/2024 12:56:56,9FDGQ7,684/KPHL/2024,,Pemberian Kuitansi Pembayaran Harga Lelang,, Total,
26/12/2024 13:30:28,LJKZ3U,685/KPHL/2024,,Pemberian Kuitansi Pembayaran Harga Lelang,, Total,
27/12/2024 8:58:36,GCYN9J,686/KPHL/2024,,Pemberian Kuitansi Pembayaran Harga Lelang,, Total,
27/12/2024 9:10:15,IG6OQT,687/KPHL/2024,,Pemberian Kuitansi Pembayaran Harga Lelang,, Total,
27/12/2024 9:13:34,IG6OQT,821/K-RL/2024,,Pemberian Kutipan Risalah Lelang,, Total,
27/12/2024 9:15:49,P8DJ3L,688/KPHL/2024,,Pemberian Kuitansi Pembayaran Harga Lelang,, Total,
27/12/2024 9:40:10,ZYHZLN,689/KPHL/2024,,Pemberian Kuitansi Pembayaran Harga Lelang,, Total,
27/12/2024 9:57:29,Tdfx8x,690/KPHL/2024,,Pemberian Kuitansi Pembayaran Harga Lelang,, Total,
27/12/2024 10:09:00,RXFLAA,822/K-RL/2024,,Pemberian Kutipan Risalah Lelang,, Total,
27/12/2024 10:43:40,8CWY4Z,823/K-RL/2024,,Pemberian Kutipan Risalah Lelang,, Total,
27/12/2024 11:07:45,YCVUTP,545/VPPH/2024,,Validasi PPh (1 bidang),, Total,
27/12/2024 11:16:49,8CWY4Z,824/K-RL/2024,,Pemberian Kutipan Risalah Lelang,, Total,
27/12/2024 13:03:18,NEFPAJ,546/VPPH/2024,,Validasi PPh (1 bidang),, Total,
27/12/2024 13:39:09,BGLWRC,825/K-RL/2024,,Pemberian Kutipan Risalah Lelang,, Total,
27/12/2024 14:10:31,XM1HQ4,826/K-RL/2024,,Pemberian Kutipan Risalah Lelang,, Total,
27/12/2024 17:52:33,M8OQLO,691/KPHL/2024,,Pemberian Kuitansi Pembayaran Harga Lelang,, Total,
30/12/2024 9:35:09,GCYN9J,827/K-RL/2024,,Pemberian Kutipan Risalah Lelang,, Total,
30/12/2024 10:13:38,GCYN9J,547/VPPH/2024,,Validasi PPh (1 bidang),, Total,
30/12/2024 10:27:32,OY7BFF,692/KPHL/2024,,Pemberian Kuitansi Pembayaran Harga Lelang,, Total,
30/12/2024 10:59:38,FWB9AH,828/K-RL/2024,,Pemberian Kutipan Risalah Lelang,, Total,
30/12/2024 11:46:38,Wmk390,829/K-RL/2024,,Pemberian Kutipan Risalah Lelang,, Total,
30/12/2024 12:46:49,XYWMB9,693/KPHL/2024,,Pemberian Kuitansi Pembayaran Harga Lelang,, Total,
30/12/2024 12:49:48,XYWMB9,694/KPHL/2024,,Pemberian Kuitansi Pembayaran Harga Lelang,, Total,
30/12/2024 12:51:41,XYWMB9,830/K-RL/2024,,Pemberian Kutipan Risalah Lelang,, Total,
30/12/2024 13:13:25,ATXNUC,695/KPHL/2024,,Pemberian Kuitansi Pembayaran Harga Lelang,, Total,
30/12/2024 13:20:49,3OPWFZ,548/VPPH/2024,,Validasi PPh (1 bidang),, Total,
30/12/2024 13:23:12,3OPWFZ,549/VPPH/2024,,Validasi PPh (1 bidang),, Total,
30/12/2024 14:15:56,98GTRM,696/KPHL/2024,,Pemberian Kuitansi Pembayaran Harga Lelang,, Total,
31/12/2024 7:29:28,QZUKBY,697/KPHL/2024,,Pemberian Kuitansi Pembayaran Harga Lelang,, Total,
31/12/2024 10:17:08,Q23SD8,698/KPHL/2024,,Pemberian Kuitansi Pembayaran Harga Lelang,, Total,
31/12/2024 10:35:38,HTMFPA,699/KPHL/2024,,Pemberian Kuitansi Pembayaran Harga Lelang,, Total,
31/12/2024 12:00:55,2CQ9ZV,550/VPPH/2024,,Validasi PPh (1 bidang),, Total,
31/12/2024 13:07:35,XM1HQ4,551/VPPH/2024,,Validasi PPh (1 bidang),, Total,
31/12/2024 14:07:03,NEFPAJ,552/VPPH/2024,,Validasi PPh (1 bidang),, Total,
31/12/2024 18:41:35,WJDMII,831/K-RL/2024,,Pemberian Kutipan Risalah Lelang,, Total,
02/01/2025 5:16:51,ZBPRSO,832/K-RL/2024,,Pemberian Kutipan Risalah Lelang,, Total,
02/01/2025 5:20:48,ODBORG,833/K-RL/2024,,Pemberian Kutipan Risalah Lelang,, Total,
02/01/2025 9:31:04,IL5RSB,700/KPHL/2024,,Pemberian Kuitansi Pembayaran Harga Lelang,, Total,
02/01/2025 10:09:37,XM9JT4,701/KPHL/2024,,Pemberian Kuitansi Pembayaran Harga Lelang,, Total,
02/01/2025 13:03:38,IR2DEU,702/KPHL/2024,,Pemberian Kuitansi Pembayaran Harga Lelang,, Total,
02/01/2025 17:47:23,Badyn9,703/KPHL/2024,,Pemberian Kuitansi Pembayaran Harga Lelang,, Total,
02/01/2025 17:51:58,Badyn9,834/K-RL/2024,,Pemberian Kutipan Risalah Lelang,, Total,
03/01/2025 9:31:51,ICJ2YF,704/KPHL/2024,,Pemberian Kuitansi Pembayaran Harga Lelang,, Total,
03/01/2025 11:10:07,JI90XG,705/KPHL/2024,,Pemberian Kuitansi Pembayaran Harga Lelang,, Total,
03/01/2025 11:41:53,N4IPY8,835/K-RL/2024,,Pemberian Kutipan Risalah Lelang,, Total,
03/01/2025 12:03:07,X63JYK,553/VPPH/2024,,Validasi PPh (1 bidang),, Total,
03/01/2025 13:03:53,V0XN5T,706/KPHL/2024,,Pemberian Kuitansi Pembayaran Harga Lelang,, Total,
03/01/2025 18:07:26,XBJQY0,707/KPHL/2024,,Pemberian Kuitansi Pembayaran Harga Lelang,, Total,
04/01/2025 19:39:27,O6G1PQ,836/K-RL/2024,,Pemberian Kutipan Risalah Lelang,, Total,
05/01/2025 23:40:45,OJE9PS,708/KPHL/2024,,Pemberian Kuitansi Pembayaran Harga Lelang,, Total,
06/01/2025 7:53:29,NFRJ0W,709/KPHL/2024,,Pemberian Kuitansi Pembayaran Harga Lelang,, Total,
06/01/2025 8:26:49,D9GC5Z,837/K-RL/2024,,Pemberian Kutipan Risalah Lelang,, Total,
06/01/2025 10:52:08,G7FTPR,838/K-RL/2024,,Pemberian Kutipan Risalah Lelang,, Total,
06/01/2025 11:27:16,5CXMJD,710/KPHL/2024,,Pemberian Kuitansi Pembayaran Harga Lelang,, Total,
06/01/2025 11:34:00,3TGXK7,711/KPHL/2024,,Pemberian Kuitansi Pembayaran Harga Lelang,, Total,
06/01/2025 11:39:26,5CXMJD,712/KPHL/2024,,Pemberian Kuitansi Pembayaran Harga Lelang,, Total,
06/01/2025 12:33:21,3TGXK7,713/KPHL/2024,,Pemberian Kuitansi Pembayaran Harga Lelang,, Total,
07/01/2025 7:55:27,H3XKRG,714/KPHL/2024,,Pemberian Kuitansi Pembayaran Harga Lelang,, Total,
07/01/2025 8:15:42,JVYB6C,715/KPHL/2024,,Pemberian Kuitansi Pembayaran Harga Lelang,, Total,
07/01/2025 8:22:31,0UPHXL,716/KPHL/2024,,Pemberian Kuitansi Pembayaran Harga Lelang,, Total,
07/01/2025 8:42:58,VU6HFQ,717/KPHL/2024,,Pemberian Kuitansi Pembayaran Harga Lelang,, Total,
07/01/2025 8:54:55,M4GJUN,718/KPHL/2024,,Pemberian Kuitansi Pembayaran Harga Lelang,, Total,
07/01/2025 9:23:39,ZHEFKB,719/KPHL/2024,,Pemberian Kuitansi Pembayaran Harga Lelang,, Total,
07/01/2025 9:39:37,M4GJUN,839/K-RL/2024,,Pemberian Kutipan Risalah Lelang,, Total,
07/01/2025 9:49:48,GPQ4TD,840/K-RL/2024,,Pemberian Kutipan Risalah Lelang,, Total,
07/01/2025 10:07:56,GPQ4TD,554/VPPH/2024,,Validasi PPh (1 bidang),, Total,
07/01/2025 10:25:55,8JDEMN,555/VPPH/2024,,Validasi PPh (1 bidang),, Total,
07/01/2025 11:15:53,E3T0BI,841/K-RL/2024,,Pemberian Kutipan Risalah Lelang,, Total,
07/01/2025 12:25:33,NQDXCV,556/VPPH/2024,,Validasi PPh (1 bidang),, Total,
07/01/2025 12:31:15,QE40RK,720/KPHL/2024,,Pemberian Kuitansi Pembayaran Harga Lelang,, Total,
07/01/2025 12:38:43,KOGEFN,721/KPHL/2024,,Pemberian Kuitansi Pembayaran Harga Lelang,, Total,
07/01/2025 12:47:36,LXDVA0,722/KPHL/2024,,Pemberian Kuitansi Pembayaran Harga Lelang,, Total,
07/01/2025 13:03:01,OV9GPJ,723/KPHL/2024,,Pemberian Kuitansi Pembayaran Harga Lelang,, Total,
07/01/2025 13:11:27,2JOL4D,724/KPHL/2024,,Pemberian Kuitansi Pembayaran Harga Lelang,, Total,
07/01/2025 13:17:38,HWE4EU,725/KPHL/2024,,Pemberian Kuitansi Pembayaran Harga Lelang,, Total,
07/01/2025 13:39:57,FWB9AH,557/VPPH/2024,,Validasi PPh (1 bidang),, Total,
07/01/2025 13:47:33,0PUHXL,842/K-RL/2024,,Pemberian Kutipan Risalah Lelang,, Total,
07/01/2025 13:54:09,JVYB6C,843/K-RL/2024,,Pemberian Kutipan Risalah Lelang,, Total,
07/01/2025 14:37:07,LZWPV3,844/K-RL/2024,,Pemberian Kutipan Risalah Lelang,, Total,
07/01/2025 14:40:52,AKVW9Q,558/VPPH/2024,,Validasi PPh (1 bidang),, Total,
07/01/2025 14:45:50,LZWPV3,559/VPPH/2024,,Validasi PPh (1 bidang),, Total,
07/01/2025 14:52:47,MAKXPX,560/VPPH/2024,,Validasi PPh (1 bidang),, Total,
07/01/2025 14:54:03,LJKZ3U,845/K-RL/2024,,Pemberian Kutipan Risalah Lelang,, Total,
07/01/2025 15:01:19,BN1EFP,561/VPPH/2024,,Validasi PPh (1 bidang),, Total,
07/01/2025 15:01:38,LJKZ3U,562/VPPH/2024,,Validasi PPh (1 bidang),, Total,
07/01/2025 15:16:54,HZCCM6,563/VPPH/2024,,Validasi PPh (1 bidang),, Total,
07/01/2025 15:22:54,D8AMJV,564/VPPH/2024,,Validasi PPh (1 bidang),, Total,
07/01/2025 15:39:55,QXSMXY,726/KPHL/2024,,Pemberian Kuitansi Pembayaran Harga Lelang,, Total,
07/01/2025 15:45:13,A812MH,727/KPHL/2024,,Pemberian Kuitansi Pembayaran Harga Lelang,, Total,
07/01/2025 15:53:45,D8AMJV,846/K-RL/2024,,Pemberian Kutipan Risalah Lelang,, Total,
07/01/2025 17:26:41,C7JNFO,565/VPPH/2024,,Validasi PPh (1 bidang),, Total,
07/01/2025 17:30:55,QZUKBY,847/K-RL/2024,,Pemberian Kutipan Risalah Lelang,, Total,
07/01/2025 17:48:32,QZUKBY,566/VPPH/2024,,Validasi PPh (1 bidang),, Total,
08/01/2025 8:13:35,SNIYVO,567/VPPH/2024,,Validasi PPh (1 bidang),, Total,
08/01/2025 8:32:36,3TGXK7,728/KPHL/2024,,Pemberian Kuitansi Pembayaran Harga Lelang,, Total,
08/01/2025 9:12:58,P8DJ3L,848/K-RL/2024,,Pemberian Kutipan Risalah Lelang,, Total,
08/01/2025 9:47:00,P8DJ3L,568/VPPH/2024,,Validasi PPh (1 bidang),, Total,
08/01/2025 11:14:15,K4U63J,729/KPHL/2024,,Pemberian Kuitansi Pembayaran Harga Lelang,, Total,
08/01/2025 11:34:13,GSBZWH,730/KPHL/2024,,Pemberian Kuitansi Pembayaran Harga Lelang,, Total,
08/01/2025 14:08:14,R9PMBV,569/VPPH/2024,,Validasi PPh (1 bidang),, Total,
08/01/2025 15:18:46,ZHEFKB,849/K-RL/2024,,Pemberian Kutipan Risalah Lelang,, Total,
08/01/2025 18:13:12,WJDMII,570/VPPH/2024,,Validasi PPh (1 bidang),, Total,
09/01/2025 8:52:30,L2IKOU,731/KPHL/2024,,Pemberian Kuitansi Pembayaran Harga Lelang,, Total,
09/01/2025 9:33:39,GTISFF,732/KPHL/2024,,Pemberian Kuitansi Pembayaran Harga Lelang,, Total,
09/01/2025 9:37:13,ISCQIP,850/K-RL/2024,,Pemberian Kutipan Risalah Lelang,, Total,
09/01/2025 9:46:40,VBHS6J,733/KPHL/2024,,Pemberian Kuitansi Pembayaran Harga Lelang,, Total,
09/01/2025 10:06:41,IO4YGC,571/VPPH/2024,,Validasi PPh (1 bidang),, Total,
09/01/2025 11:01:58,RC1WBD,572/VPPH/2024,,Validasi PPh (1 bidang),, Total,
09/01/2025 12:13:42,EI653E,734/KPHL/2024,,Pemberian Kuitansi Pembayaran Harga Lelang,, Total,
09/01/2025 12:27:31,EI,735/KPHL/2024,,Pemberian Kuitansi Pembayaran Harga Lelang,, Total,
09/01/2025 12:40:20,EI653E,851/K-RL/2024,,Pemberian Kutipan Risalah Lelang,, Total,
09/01/2025 17:58:03,RXFLAA,573/VPPH/2024,,Validasi PPh (1 bidang),, Total,
09/01/2025 18:22:28,8CWY4Z,574/VPPH/2024,,Validasi PPh (1 bidang),, Total,
10/01/2025 8:26:41,ATXNUC,852/K-RL/2024,,Pemberian Kutipan Risalah Lelang,, Total,
10/01/2025 9:08:35,ATXNUC,853/K-RL/2024,,Pemberian Kutipan Risalah Lelang,, Total,
10/01/2025 9:35:05,ATXNUC,575/VPPH/2024,,Validasi PPh (1 bidang),, Total,
10/01/2025 16:41:36,8QW7KX,736/KPHL/2024,,Pemberian Kuitansi Pembayaran Harga Lelang,, Total,
10/01/2025 16:52:20,TNS84L,854/K-RL/2024,,Pemberian Kutipan Risalah Lelang,, Total,
13/01/2025 9:22:49,H3XKRG,855/K-RL/2024,,Pemberian Kutipan Risalah Lelang,, Total,
13/01/2025 9:33:27,H3XKRG,576/VPPH/2024,,Validasi PPh (1 bidang),, Total,
13/01/2025 10:14:14,GNGWA3,737/KPHL/2024,,Pemberian Kuitansi Pembayaran Harga Lelang,, Total,
13/01/2025 10:35:07,FW94TS,856/K-RL/2024,,Pemberian Kutipan Risalah Lelang,, Total,
13/01/2025 14:14:31,NQDXCV,857/K-RL/2024,,Pemberian Kutipan Risalah Lelang,, Total,
13/01/2025 14:26:25,TU9IM,738/KPHL/2024,,Pemberian Kuitansi Pembayaran Harga Lelang,, Total,
13/01/2025 14:41:22,IL5RSB,577/VPPH/2024,,Validasi PPh (1 bidang),, Total,
13/01/2025 14:48:06,IL5RSB,858/K-RL/2024,,Pemberian Kutipan Risalah Lelang,, Total,
13/01/2025 14:58:14,W3NKP0,739/KPHL/2024,,Pemberian Kuitansi Pembayaran Harga Lelang,, Total,
13/01/2025 15:37:02,HRIALT,578/VPPH/2024,,Validasi PPh (1 bidang),, Total,
13/01/2025 20:18:28,5NNUGS,859/K-RL/2024,,Pemberian Kutipan Risalah Lelang,, Total,
14/01/2025 7:47:58,CAVOBI,740/KPHL/2024,,Pemberian Kuitansi Pembayaran Harga Lelang,, Total,
14/01/2025 8:05:54,FPIHQ9,860/K-RL/2024,,Pemberian Kutipan Risalah Lelang,, Total,
14/01/2025 10:36:03,GWVSNB,741/KPHL/2024,,Pemberian Kuitansi Pembayaran Harga Lelang,, Total,
14/01/2025 10:43:28,NEFPAJ,861/K-RL/2024,,Pemberian Kutipan Risalah Lelang,, Total,
14/01/2025 12:23:08,CRAGWB,862/K-RL/2024,,Pemberian Kutipan Risalah Lelang,, Total,
14/01/2025 14:56:45,NEFPAJ,863/K-RL/2024,,Pemberian Kutipan Risalah Lelang,, Total,
14/01/2025 15:03:45,NEFPAJ,864/K-RL/2024,,Pemberian Kutipan Risalah Lelang,, Total,
14/01/2025 17:26:14,BGLWRC,579/VPPH/2024,,Validasi PPh (1 bidang),, Total,
14/01/2025 18:10:01,ZBPRSO,580/VPPH/2024,,Validasi PPh (1 bidang),, Total,
14/01/2025 18:19:04,ODBORG,581/VPPH/2024,,Validasi PPh (1 bidang),, Total,
15/01/2025 8:31:45,OQEH0X,742/KPHL/2024,,Pemberian Kuitansi Pembayaran Harga Lelang,, Total,
15/01/2025 8:41:53,R8OHUG,743/KPHL/2024,,Pemberian Kuitansi Pembayaran Harga Lelang,, Total,
15/01/2025 10:26:46,P2EKN1,744/KPHL/2024,,Pemberian Kuitansi Pembayaran Harga Lelang,, Total,
15/01/2025 10:50:43,KMGXJV,745/KPHL/2024,,Pemberian Kuitansi Pembayaran Harga Lelang,, Total,
15/01/2025 11:34:20,B6SCCT,865/K-RL/2024,,Pemberian Kutipan Risalah Lelang,, Total,
15/01/2025 11:59:54,SNIYVO,866/K-RL/2024,,Pemberian Kutipan Risalah Lelang,, Total,
15/01/2025 14:48:14,O1PV4L,746/KPHL/2024,,Pemberian Kuitansi Pembayaran Harga Lelang,, Total,
15/01/2025 14:52:40,O1PV4L,867/K-RL/2024,,Pemberian Kutipan Risalah Lelang,, Total,
16/01/2025 9:16:17,5CGOGM,868/K-RL/2024,,Pemberian Kutipan Risalah Lelang,, Total,
16/01/2025 11:01:44,5CGOGM,582/VPPH/2024,,Validasi PPh (1 bidang),, Total,
16/01/2025 11:04:31,LPM3TT,869/K-RL/2024,,Pemberian Kutipan Risalah Lelang,, Total,
16/01/2025 11:19:20,FIOUHN,747/KPHL/2024,,Pemberian Kuitansi Pembayaran Harga Lelang,, Total,
16/01/2025 11:51:26,G7FTPR,583/VPPH/2024,,Validasi PPh (1 bidang),, Total,
16/01/2025 12:23:09,2023,870/K-RL/2024,,Pemberian Kutipan Risalah Lelang,, Total,
16/01/2025 12:52:13,WSCUG3,748/KPHL/2024,,Pemberian Kuitansi Pembayaran Harga Lelang,, Total,
16/01/2025 13:07:28,PWNOCI,871/K-RL/2024,,Pemberian Kutipan Risalah Lelang,, Total,
16/01/2025 13:37:53,WSCUG3,872/K-RL/2024,,Pemberian Kutipan Risalah Lelang,, Total,
16/01/2025 14:19:50,202332,584/VPPH/2024,,Validasi PPh (1 bidang),, Total,
16/01/2025 14:58:28,GSBZWH,873/K-RL/2024,,Pemberian Kutipan Risalah Lelang,, Total,
16/01/2025 15:12:58,KSTJQ7,874/K-RL/2024,,Pemberian Kutipan Risalah Lelang,, Total,
17/01/2025 8:28:10,XDREWY,749/KPHL/2024,,Pemberian Kuitansi Pembayaran Harga Lelang,, Total,
17/01/2025 8:31:06,ANMF2S,750/KPHL/2024,,Pemberian Kuitansi Pembayaran Harga Lelang,, Total,
17/01/2025 10:03:15,Ygfzun,751/KPHL/2024,,Pemberian Kuitansi Pembayaran Harga Lelang,, Total,
17/01/2025 10:28:43,MXUKWN,752/KPHL/2024,,Pemberian Kuitansi Pembayaran Harga Lelang,, Total,
17/01/2025 12:44:43,90UEMW,753/KPHL/2024,,Pemberian Kuitansi Pembayaran Harga Lelang,, Total,
17/01/2025 12:50:12,90UEMW,875/K-RL/2024,,Pemberian Kutipan Risalah Lelang,, Total,
19/01/2025 15:54:14,FBYWAT,754/KPHL/2024,,Pemberian Kuitansi Pembayaran Harga Lelang,, Total,
19/01/2025 16:03:12,FBYWAT,876/K-RL/2024,,Pemberian Kutipan Risalah Lelang,, Total,
19/01/2025 22:47:49,ZXOANT,755/KPHL/2024,,Pemberian Kuitansi Pembayaran Harga Lelang,, Total,
20/01/2025 9:30:15,96QZS3,585/VPPH/2024,,Validasi PPh (1 bidang),, Total,
20/01/2025 10:25:54,RHOVRK,586/VPPH/2024,,Validasi PPh (1 bidang),, Total,
20/01/2025 10:36:51,RHOVRK,587/VPPH/2024,,Validasi PPh (1 bidang),, Total,
20/01/2025 10:37:04,KARKJD,756/KPHL/2024,,Pemberian Kuitansi Pembayaran Harga Lelang,, Total,
20/01/2025 10:41:16,KARKJD,877/K-RL/2024,,Pemberian Kutipan Risalah Lelang,, Total,
20/01/2025 10:45:54,RHOVRK,588/VPPH/2024,,Validasi PPh (1 bidang),, Total,
20/01/2025 10:52:26,RHOVRK,589/VPPH/2024,,Validasi PPh (1 bidang),, Total,
20/01/2025 12:57:54,KZDVHI,757/KPHL/2024,,Pemberian Kuitansi Pembayaran Harga Lelang,, Total,
20/01/2025 16:04:28,9VOLDD,758/KPHL/2024,,Pemberian Kuitansi Pembayaran Harga Lelang,, Total,
20/01/2025 16:06:19,9VOLDD,878/K-RL/2024,,Pemberian Kutipan Risalah Lelang,, Total,
20/01/2025 16:42:25,GSBZWH,590/VPPH/2024,,Validasi PPh (1 bidang),, Total,
20/01/2025 17:06:00,KSTJQ7,591/VPPH/2024,,Validasi PPh (1 bidang),, Total,
20/01/2025 21:48:08,KNCHMC,759/KPHL/2024,,Pemberian Kuitansi Pembayaran Harga Lelang,, Total,
20/01/2025 21:57:48,Epuo1y,760/KPHL/2024,,Pemberian Kuitansi Pembayaran Harga Lelang,, Total,
21/01/2025 0:15:44,3XZI1I,592/VPPH/2024,,Validasi PPh (1 bidang),, Total,
21/01/2025 9:25:22,KOV5PI,761/KPHL/2024,,Pemberian Kuitansi Pembayaran Harga Lelang,, Total,
21/01/2025 9:42:15,F4IYEM,1/KPHL/2025,,Pemberian Kuitansi Pembayaran Harga Lelang,, Total,
21/01/2025 9:47:35,FRDTQO,1/VPPH/2025,,Validasi PPh (1 bidang),, Total,
21/01/2025 10:36:33,BYSLLM,2/KPHL/2025,,Pemberian Kuitansi Pembayaran Harga Lelang,, Total,
21/01/2025 10:42:06,F4IYEM,1/K-RL/2025,,Pemberian Kutipan Risalah Lelang,, Total,
21/01/2025 10:56:08,IYZ698,3/KPHL/2025,,Pemberian Kuitansi Pembayaran Harga Lelang,, Total,
21/01/2025 11:38:08,R8OHUG,2/K-RL/2025,,Pemberian Kutipan Risalah Lelang,, Total,
21/01/2025 11:43:05,IN9ECZ,4/KPHL/2025,,Pemberian Kuitansi Pembayaran Harga Lelang,, Total,
21/01/2025 11:59:03,W3NKP0,3/K-RL/2025,,Pemberian Kutipan Risalah Lelang,, Total,
21/01/2025 12:15:07,ZHE6QN,5/KPHL/2025,,Pemberian Kuitansi Pembayaran Harga Lelang,, Total,
21/01/2025 12:27:43,O8WYTA,6/KPHL/2025,,Pemberian Kuitansi Pembayaran Harga Lelang,, Total,
21/01/2025 12:57:23,R8OHUG,4/K-RL/2025,,Pemberian Kutipan Risalah Lelang,, Total,
21/01/2025 14:05:25,R8OHUG,2/VPPH/2025,,Validasi PPh (1 bidang),, Total,
21/01/2025 14:07:05,BYSLLM,5/K-RL/2025,,Pemberian Kutipan Risalah Lelang,, Total,
21/01/2025 14:37:48,WkVYBO,7/KPHL/2025,,Pemberian Kuitansi Pembayaran Harga Lelang,, Total,
21/01/2025 14:47:41,WKVYBO,8/KPHL/2025,,Pemberian Kuitansi Pembayaran Harga Lelang,, Total,
21/01/2025 14:52:09,VTYPHX,9/KPHL/2025,,Pemberian Kuitansi Pembayaran Harga Lelang,, Total,
21/01/2025 15:30:51,Wkvybo,6/K-RL/2025,,Pemberian Kutipan Risalah Lelang,, Total,
21/01/2025 17:13:16,BU70H8,10/KPHL/2025,,Pemberian Kuitansi Pembayaran Harga Lelang,, Total,
21/01/2025 21:00:23,2FBITG,11/KPHL/2025,,Pemberian Kuitansi Pembayaran Harga Lelang,, Total,
21/01/2025 21:07:22,L1CYGZ,12/KPHL/2025,,Pemberian Kuitansi Pembayaran Harga Lelang,, Total,
21/01/2025 21:13:06,FX79RC,13/KPHL/2025,,Pemberian Kuitansi Pembayaran Harga Lelang,, Total,
21/01/2025 21:20:34,CRROOX,14/KPHL/2025,,Pemberian Kuitansi Pembayaran Harga Lelang,, Total,
21/01/2025 21:25:12,8TLIDS,15/KPHL/2025,,Pemberian Kuitansi Pembayaran Harga Lelang,, Total,
22/01/2025 7:44:34,VTYPHX,16/KPHL/2025,,Pemberian Kuitansi Pembayaran Harga Lelang,, Total,
22/01/2025 8:31:57,G6GLUD,17/KPHL/2025,,Pemberian Kuitansi Pembayaran Harga Lelang,, Total,
22/01/2025 10:38:04,3PN1L5,18/KPHL/2025,,Pemberian Kuitansi Pembayaran Harga Lelang,, Total,
22/01/2025 10:47:53,3PN1L5,7/K-RL/2025,,Pemberian Kutipan Risalah Lelang,, Total,
22/01/2025 11:28:59,P1EOHS,3/VPPH/2025,,Validasi PPh (1 bidang),, Total,
22/01/2025 11:30:23,i8r396,4/VPPH/2025,,Validasi PPh (1 bidang),, Total,
22/01/2025 11:33:31,KHPAZ6,19/KPHL/2025,,Pemberian Kuitansi Pembayaran Harga Lelang,, Total,
22/01/2025 11:55:40,UHL4TX,8/K-RL/2025,,Pemberian Kutipan Risalah Lelang,, Total,
22/01/2025 12:25:46,6AM80O,9/K-RL/2025,,Pemberian Kutipan Risalah Lelang,, Total,
22/01/2025 12:32:41,UHL4TX,5/VPPH/2025,,Validasi PPh (1 bidang),, Total,
22/01/2025 13:09:28,IBEDV5,10/K-RL/2025,,Pemberian Kutipan Risalah Lelang,, Total,
22/01/2025 13:27:27,IBEDV5,6/VPPH/2025,,Validasi PPh (1 bidang),, Total,
22/01/2025 14:24:00,90UEMW,20/KPHL/2025,,Pemberian Kuitansi Pembayaran Harga Lelang,, Total,
22/01/2025 14:25:59,IFJIZS,11/K-RL/2025,,Pemberian Kutipan Risalah Lelang,, Total,
22/01/2025 14:44:35,IFJIZS,7/VPPH/2025,,Validasi PPh (1 bidang),, Total,
22/01/2025 15:28:49,JZEWMC,21/KPHL/2025,,Pemberian Kuitansi Pembayaran Harga Lelang,, Total,
22/01/2025 19:50:00,CIQIKB,22/KPHL/2025,,Pemberian Kuitansi Pembayaran Harga Lelang,, Total,
22/01/2025 22:20:02,DYO4HF,12/K-RL/2025,,Pemberian Kutipan Risalah Lelang,, Total,
22/01/2025 22:31:08,DYO4HF,8/VPPH/2025,,Validasi PPh (1 bidang),, Total,
23/01/2025 8:44:24,6GGOIZ,23/KPHL/2025,,Pemberian Kuitansi Pembayaran Harga Lelang,, Total,
23/01/2025 9:30:40,5afql9,24/KPHL/2025,,Pemberian Kuitansi Pembayaran Harga Lelang,, Total,
23/01/2025 9:34:07,Prluoo,25/KPHL/2025,,Pemberian Kuitansi Pembayaran Harga Lelang,, Total,
23/01/2025 9:49:27,6GGOIZ,13/K-RL/2025,,Pemberian Kutipan Risalah Lelang,, Total,
23/01/2025 10:05:58,CRSRC3,26/KPHL/2025,,Pemberian Kuitansi Pembayaran Harga Lelang,, Total,
23/01/2025 13:24:13,IN9ECZ,14/K-RL/2025,,Pemberian Kutipan Risalah Lelang,, Total,
23/01/2025 15:20:58,RAYQCF,27/KPHL/2025,,Pemberian Kuitansi Pembayaran Harga Lelang,, Total,
23/01/2025 15:34:11,Mx6pxv,28/KPHL/2025,,Pemberian Kuitansi Pembayaran Harga Lelang,, Total,
23/01/2025 15:36:59,Mx6pxv,15/K-RL/2025,,Pemberian Kutipan Risalah Lelang,, Total,
24/01/2025 10:35:28,LFTH4K,29/KPHL/2025,,Pemberian Kuitansi Pembayaran Harga Lelang,, Total,
24/01/2025 11:38:20,OERK8Z,30/KPHL/2025,,Pemberian Kuitansi Pembayaran Harga Lelang,, Total,
24/01/2025 12:09:27,FIGY6G,9/VPPH/2025,,Validasi PPh (1 bidang),, Total,
24/01/2025 14:49:55,1GTHIV,31/KPHL/2025,,Pemberian Kuitansi Pembayaran Harga Lelang,, Total,
24/01/2025 17:37:02,IN9ECZ,10/VPPH/2025,,Validasi PPh (1 bidang),, Total,
30/01/2025 8:03:30,9C1DOF,32/KPHL/2025,,Pemberian Kuitansi Pembayaran Harga Lelang,, Total,
30/01/2025 8:31:35,98GTRM,16/K-RL/2025,,Pemberian Kutipan Risalah Lelang,, Total,
30/01/2025 10:30:15,OB7EFK,33/KPHL/2025,,Pemberian Kuitansi Pembayaran Harga Lelang,, Total,
30/01/2025 10:52:05,3PN1L5,34/KPHL/2025,,Pemberian Kuitansi Pembayaran Harga Lelang,, Total,
30/01/2025 11:12:22,IC7ISV,35/KPHL/2025,,Pemberian Kuitansi Pembayaran Harga Lelang,, Total,
30/01/2025 11:32:19,3PN1L5,17/K-RL/2025,,Pemberian Kutipan Risalah Lelang,, Total,
30/01/2025 11:54:50,LPM3TT,11/VPPH/2025,,Validasi PPh (1 bidang),, Total,
30/01/2025 12:11:04,LPM3TT,12/VPPH/2025,,Validasi PPh (1 bidang),, Total,
30/01/2025 17:49:08,98GTRM,13/VPPH/2025,,Validasi PPh (1 bidang),, Total,
30/01/2025 17:58:26,98GTRM,18/K-RL/2025,,Pemberian Kutipan Risalah Lelang,, Total,
31/01/2025 9:47:35,HU0RRD,14/VPPH/2025,,Validasi PPh (1 bidang),, Total,
31/01/2025 10:26:47,OOMPG7,36/KPHL/2025,,Pemberian Kuitansi Pembayaran Harga Lelang,, Total,
31/01/2025 11:27:10,OOMPG7,19/K-RL/2025,,Pemberian Kutipan Risalah Lelang,, Total,
31/01/2025 15:06:23,LE8GCQ,20/K-RL/2025,,Pemberian Kutipan Risalah Lelang,, Total,
31/01/2025 15:32:32,LE8GCQ,15/VPPH/2025,,Validasi PPh (1 bidang),, Total,
02/02/2025 21:14:36,CIQIKB,16/VPPH/2025,,Validasi PPh (1 bidang),, Total,
03/02/2025 10:00:15,JOZPUQ,37/KPHL/2025,,Pemberian Kuitansi Pembayaran Harga Lelang,, Total,
03/02/2025 10:50:29,NKL3FU,38/KPHL/2025,,Pemberian Kuitansi Pembayaran Harga Lelang,, Total,
03/02/2025 11:17:42,5NNUGS,17/VPPH/2025,,Validasi PPh (1 bidang),, Total,
03/02/2025 11:49:23,HU0RRD,21/K-RL/2025,,Pemberian Kutipan Risalah Lelang,, Total,
03/02/2025 12:43:11,KMGXJV,22/K-RL/2025,,Pemberian Kutipan Risalah Lelang,, Total,
03/02/2025 12:54:28,KMGXJV,18/VPPH/2025,,Validasi PPh (1 bidang),, Total,
03/02/2025 13:06:43,Q23SD8,23/K-RL/2025,,Pemberian Kutipan Risalah Lelang,, Total,
03/02/2025 13:26:41,Q23SD8,19/VPPH/2025,,Validasi PPh (1 bidang),, Total,
03/02/2025 14:59:45,53WUII,39/KPHL/2025,,Pemberian Kuitansi Pembayaran Harga Lelang,, Total,
03/02/2025 15:52:25,2HV9YU,40/KPHL/2025,,Pemberian Kuitansi Pembayaran Harga Lelang,, Total,
03/02/2025 16:19:06,JXNMWE,20/VPPH/2025,,Validasi PPh (1 bidang),, Total,
03/02/2025 19:30:18,6aoxbt,41/KPHL/2025,,Pemberian Kuitansi Pembayaran Harga Lelang,, Total,
04/02/2025 9:42:19,8QW7KX,42/KPHL/2025,,Pemberian Kuitansi Pembayaran Harga Lelang,, Total,
04/02/2025 11:03:04,VTYPHX,24/K-RL/2025,,Pemberian Kutipan Risalah Lelang,, Total,
04/02/2025 12:22:43,2HV9YU,25/K-RL/2025,,Pemberian Kutipan Risalah Lelang,, Total,
04/02/2025 13:58:39,WSIE64,26/K-RL/2025,,Pemberian Kutipan Risalah Lelang,, Total,
04/02/2025 14:35:15,WSIE64,21/VPPH/2025,,Validasi PPh (1 bidang),, Total,
04/02/2025 14:48:23,KZDVHI,27/K-RL/2025,,Pemberian Kutipan Risalah Lelang,, Total,
04/02/2025 15:22:01,KZDVHI,22/VPPH/2025,,Validasi PPh (1 bidang),, Total,
04/02/2025 17:49:35,783233,28/K-RL/2025,,Pemberian Kutipan Risalah Lelang,, Total,
05/02/2025 10:47:53,LVNLUA,29/K-RL/2025,,Pemberian Kutipan Risalah Lelang,, Total,
05/02/2025 12:29:06,LFTH4K,30/K-RL/2025,,Pemberian Kutipan Risalah Lelang,, Total,
05/02/2025 12:39:58,Epuo1y,31/K-RL/2025,,Pemberian Kutipan Risalah Lelang,, Total,
05/02/2025 12:48:50,KNCHMC,32/K-RL/2025,,Pemberian Kutipan Risalah Lelang,, Total,
05/02/2025 13:09:28,CRAGWB,23/VPPH/2025,,Validasi PPh (1 bidang),, Total,
05/02/2025 13:33:58,ClQlKB,33/K-RL/2025,,Pemberian Kutipan Risalah Lelang,, Total,
05/02/2025 14:10:01,G6GLUD,34/K-RL/2025,,Pemberian Kutipan Risalah Lelang,, Total,
05/02/2025 14:53:41,FGSLER,35/K-RL/2025,,Pemberian Kutipan Risalah Lelang,, Total,
05/02/2025 15:05:18,FGSLER,24/VPPH/2025,,Validasi PPh (1 bidang),, Total,
05/02/2025 15:31:39,BU7OHZ,36/K-RL/2025,,Pemberian Kutipan Risalah Lelang,, Total,
05/02/2025 15:37:09,RMFT85,43/KPHL/2025,,Pemberian Kuitansi Pembayaran Harga Lelang,, Total,
05/02/2025 15:45:52,BU7OHZ,25/VPPH/2025,,Validasi PPh (1 bidang),, Total,
05/02/2025 15:53:09,GJPYMA,37/K-RL/2025,,Pemberian Kutipan Risalah Lelang,, Total,
05/02/2025 16:43:32,53WUII,38/K-RL/2025,,Pemberian Kutipan Risalah Lelang,, Total,
05/02/2025 16:53:25,53WUII,26/VPPH/2025,,Validasi PPh (1 bidang),, Total,
05/02/2025 19:58:16,RMFT85,27/VPPH/2025,,Validasi PPh (1 bidang),, Total,
06/02/2025 9:20:10,IJ98RT,44/KPHL/2025,,Pemberian Kuitansi Pembayaran Harga Lelang,, Total,
06/02/2025 9:20:40,9C1DOF,39/K-RL/2025,,Pemberian Kutipan Risalah Lelang,, Total,
06/02/2025 10:36:16,783233,28/VPPH/2025,,Validasi PPh (1 bidang),, Total,
06/02/2025 10:58:07,JZEWMC,40/K-RL/2025,,Pemberian Kutipan Risalah Lelang,, Total,
06/02/2025 11:07:38,JZEWMC,29/VPPH/2025,,Validasi PPh (1 bidang),, Total,
06/02/2025 11:16:39,BPALXM,45/KPHL/2025,,Pemberian Kuitansi Pembayaran Harga Lelang,, Total,
06/02/2025 11:18:27,BPALXM,41/K-RL/2025,,Pemberian Kutipan Risalah Lelang,, Total,
06/02/2025 11:21:19,Ob7efk,42/K-RL/2025,,Pemberian Kutipan Risalah Lelang,, Total,
06/02/2025 11:21:33,W0IXSX,46/KPHL/2025,,Pemberian Kuitansi Pembayaran Harga Lelang,, Total,
06/02/2025 11:23:50,W0IXSX,43/K-RL/2025,,Pemberian Kutipan Risalah Lelang,, Total,
06/02/2025 11:32:32,Ob7efk,30/VPPH/2025,,Validasi PPh (1 bidang),, Total,
06/02/2025 12:35:42,874148,31/VPPH/2025,,Validasi PPh (1 bidang),, Total,
06/02/2025 17:46:46,Lfth4k,32/VPPH/2025,,Validasi PPh (1 bidang),, Total,
07/02/2025 8:52:48,BL2UZN,47/KPHL/2025,,Pemberian Kuitansi Pembayaran Harga Lelang,, Total,
07/02/2025 9:38:59,GJPYMA,48/KPHL/2025,,Pemberian Kuitansi Pembayaran Harga Lelang,, Total,
07/02/2025 11:45:50,WWXZOB,44/K-RL/2025,,Pemberian Kutipan Risalah Lelang,, Total,
07/02/2025 12:01:03,WWXZOB,33/VPPH/2025,,Validasi PPh (1 bidang),, Total,
07/02/2025 12:13:55,WWXZOB,34/VPPH/2025,,Validasi PPh (1 bidang),, Total,
07/02/2025 14:22:56,ZNKOHN,49/KPHL/2025,,Pemberian Kuitansi Pembayaran Harga Lelang,, Total,
07/02/2025 14:44:13,NFRJ0W,45/K-RL/2025,,Pemberian Kutipan Risalah Lelang,, Total,
07/02/2025 16:56:25,FOYIZ4,50/KPHL/2025,,Pemberian Kuitansi Pembayaran Harga Lelang,, Total,
07/02/2025 20:47:43,5GHQUM,51/KPHL/2025,,Pemberian Kuitansi Pembayaran Harga Lelang,, Total,
10/02/2025 8:55:12,JIGIMV,52/KPHL/2025,,Pemberian Kuitansi Pembayaran Harga Lelang,, Total,
10/02/2025 9:07:07,15JHKI,53/KPHL/2025,,Pemberian Kuitansi Pembayaran Harga Lelang,, Total,
10/02/2025 9:11:34,QFHNXU,54/KPHL/2025,,Pemberian Kuitansi Pembayaran Harga Lelang,, Total,
10/02/2025 9:54:21,IHFFSE,55/KPHL/2025,,Pemberian Kuitansi Pembayaran Harga Lelang,, Total,
10/02/2025 9:56:29,XDREWY,46/K-RL/2025,,Pemberian Kutipan Risalah Lelang,, Total,
10/02/2025 10:02:43,ANMF2S,47/K-RL/2025,,Pemberian Kutipan Risalah Lelang,, Total,
10/02/2025 11:53:22,904072,56/KPHL/2025,,Pemberian Kuitansi Pembayaran Harga Lelang,, Total,
10/02/2025 12:07:59,JZEWMC,48/K-RL/2025,,Pemberian Kutipan Risalah Lelang,, Total,
10/02/2025 12:19:08,JZEWMC,35/VPPH/2025,,Validasi PPh (1 bidang),, Total,
10/02/2025 14:41:04,JIGIMV,49/K-RL/2025,,Pemberian Kutipan Risalah Lelang,, Total,
10/02/2025 14:45:28,DXVZAL,50/K-RL/2025,,Pemberian Kutipan Risalah Lelang,, Total,
10/02/2025 14:48:35,15JHKl,51/K-RL/2025,,Pemberian Kutipan Risalah Lelang,, Total,
10/02/2025 15:06:06,DXVZAL,57/KPHL/2025,,Pemberian Kuitansi Pembayaran Harga Lelang,, Total,
10/02/2025 16:52:42,ZHEFKB,52/K-RL/2025,,Pemberian Kutipan Risalah Lelang,, Total,
10/02/2025 18:27:42,RMFT85,53/K-RL/2025,,Pemberian Kutipan Risalah Lelang,, Total,
11/02/2025 8:17:30,WWXZOB,54/K-RL/2025,,Pemberian Kutipan Risalah Lelang,, Total,
11/02/2025 8:21:00,WWXZOB,55/K-RL/2025,,Pemberian Kutipan Risalah Lelang,, Total,
11/02/2025 8:30:02,WWXZOB,36/VPPH/2025,,Validasi PPh (1 bidang),, Total,
11/02/2025 8:39:53,WWXZOB,37/VPPH/2025,,Validasi PPh (1 bidang),, Total,
11/02/2025 9:07:56,-,38/VPPH/2025,,Validasi PPh (1 bidang),, Total,
11/02/2025 9:16:08,RAYQCF,56/K-RL/2025,,Pemberian Kutipan Risalah Lelang,, Total,
11/02/2025 9:26:10,AVQXKT,58/KPHL/2025,,Pemberian Kuitansi Pembayaran Harga Lelang,, Total,
11/02/2025 9:40:55,RAYQCF,39/VPPH/2025,,Validasi PPh (1 bidang),, Total,
11/02/2025 9:55:57,RAYQCF,40/VPPH/2025,,Validasi PPh (1 bidang),, Total,
11/02/2025 10:34:56,AVQXKT,57/K-RL/2025,,Pemberian Kutipan Risalah Lelang,, Total,
11/02/2025 11:14:25,08WYTA,58/K-RL/2025,,Pemberian Kutipan Risalah Lelang,, Total,
11/02/2025 13:38:17,OVHUIT,59/KPHL/2025,,Pemberian Kuitansi Pembayaran Harga Lelang,, Total,
11/02/2025 16:32:49,YSEWC2,60/KPHL/2025,,Pemberian Kuitansi Pembayaran Harga Lelang,, Total,
11/02/2025 19:10:18,ZHEFKB,41/VPPH/2025,,Validasi PPh (1 bidang),, Total,
11/02/2025 21:10:13,ZXOANT,59/K-RL/2025,,Pemberian Kutipan Risalah Lelang,, Total,
11/02/2025 21:26:28,ZXOANT,42/VPPH/2025,,Validasi PPh (1 bidang),, Total,
12/02/2025 10:36:59,904072,60/K-RL/2025,,Pemberian Kutipan Risalah Lelang,, Total,
12/02/2025 11:02:23,YF28BW,61/KPHL/2025,,Pemberian Kuitansi Pembayaran Harga Lelang,, Total,
12/02/2025 11:37:19,GJQUV3,62/KPHL/2025,,Pemberian Kuitansi Pembayaran Harga Lelang,, Total,
12/02/2025 11:59:39,JOZPUQ,61/K-RL/2025,,Pemberian Kutipan Risalah Lelang,, Total,
12/02/2025 12:10:11,IJ98RT,62/K-RL/2025,,Pemberian Kutipan Risalah Lelang,, Total,
12/02/2025 14:04:53,JOZPUQ,43/VPPH/2025,,Validasi PPh (1 bidang),, Total,
12/02/2025 19:53:29,JB6XRY,44/VPPH/2025,,Validasi PPh (1 bidang),, Total,
12/02/2025 20:18:43,FOYIZ4,63/K-RL/2025,,Pemberian Kutipan Risalah Lelang,, Total,
12/02/2025 20:31:25,FOYIZ4,45/VPPH/2025,,Validasi PPh (1 bidang),, Total,
13/02/2025 8:53:13,9C1DOF,46/VPPH/2025,,Validasi PPh (1 bidang),, Total,
13/02/2025 9:29:47,QPNYVX,63/KPHL/2025,,Pemberian Kuitansi Pembayaran Harga Lelang,, Total,
13/02/2025 10:31:52,QPNYVX,64/K-RL/2025,,Pemberian Kutipan Risalah Lelang,, Total,
13/02/2025 11:29:57,XDREWY,47/VPPH/2025,,Validasi PPh (1 bidang),, Total,
13/02/2025 12:58:04,ANMF2S,48/VPPH/2025,,Validasi PPh (1 bidang),, Total,
13/02/2025 13:16:10,VGMKS7,64/KPHL/2025,,Pemberian Kuitansi Pembayaran Harga Lelang,, Total,
13/02/2025 14:40:34,JYFALN,65/KPHL/2025,,Pemberian Kuitansi Pembayaran Harga Lelang,, Total,
13/02/2025 15:45:45,BFJUUV,66/KPHL/2025,,Pemberian Kuitansi Pembayaran Harga Lelang,, Total,
13/02/2025 17:46:57,D7OIU9,67/KPHL/2025,,Pemberian Kuitansi Pembayaran Harga Lelang,, Total,
13/02/2025 20:08:37,YLGYAO,68/KPHL/2025,,Pemberian Kuitansi Pembayaran Harga Lelang,, Total,
14/02/2025 9:22:51,VTYPHX,65/K-RL/2025,,Pemberian Kutipan Risalah Lelang,, Total,
14/02/2025 9:54:04,QFHNXU,66/K-RL/2025,,Pemberian Kutipan Risalah Lelang,, Total,
14/02/2025 9:57:14,EKYHCC,69/KPHL/2025,,Pemberian Kuitansi Pembayaran Harga Lelang,, Total,
14/02/2025 9:58:20,IJ98RT,49/VPPH/2025,,Validasi PPh (1 bidang),, Total,
14/02/2025 10:10:57,R1JHTL,70/KPHL/2025,,Pemberian Kuitansi Pembayaran Harga Lelang,, Total,
14/02/2025 10:18:10,S31RVJ,71/KPHL/2025,,Pemberian Kuitansi Pembayaran Harga Lelang,, Total,
14/02/2025 10:29:17,EKYHCC,67/K-RL/2025,,Pemberian Kutipan Risalah Lelang,, Total,
14/02/2025 11:42:39,HCFEVS,72/KPHL/2025,,Pemberian Kuitansi Pembayaran Harga Lelang,, Total,
14/02/2025 12:07:16,DIW1AT,73/KPHL/2025,,Pemberian Kuitansi Pembayaran Harga Lelang,, Total,
14/02/2025 12:10:37,RTUPQG,74/KPHL/2025,,Pemberian Kuitansi Pembayaran Harga Lelang,, Total,
14/02/2025 14:06:15,D70IU9,75/KPHL/2025,,Pemberian Kuitansi Pembayaran Harga Lelang,, Total,
14/02/2025 14:45:18,X76XVQ,76/KPHL/2025,,Pemberian Kuitansi Pembayaran Harga Lelang,, Total,
14/02/2025 14:53:17,D7OIU9,68/K-RL/2025,,Pemberian Kutipan Risalah Lelang,, Total,
16/02/2025 7:15:05,AEPTHV,,,Pemberian Kuitansi Pembayaran Harga Lelang,, Total,
17/02/2025 10:03:22,VTYPHX,50/VPPH/2025,,Validasi PPh (1 bidang),, Total,
17/02/2025 10:15:51,VTYPHX,51/VPPH/2025,,Validasi PPh (1 bidang),, Total,
17/02/2025 10:27:47,TNS84L,52/VPPH/2025,,Validasi PPh (1 bidang),, Total,
17/02/2025 11:52:54,MCAK4X,,,Pemberian Kuitansi Pembayaran Harga Lelang,, Total,
18/02/2025 6:04:09,IQSDO0,69/K-RL/2025,,Pemberian Kutipan Risalah Lelang,, Total,
18/02/2025 9:13:27,L2IKOU,53/VPPH/2025,,Validasi PPh (1 bidang),, Total,
18/02/2025 9:21:18,QFHNXU,70/K-RL/2025,,Pemberian Kutipan Risalah Lelang,, Total,
18/02/2025 9:29:51,VBHS6J,71/K-RL/2025,,Pemberian Kutipan Risalah Lelang,, Total,
18/02/2025 9:55:45,4NYHTI,72/K-RL/2025,,Pemberian Kutipan Risalah Lelang,, Total,
18/02/2025 10:02:03,4NYHTI,73/K-RL/2025,,Pemberian Kutipan Risalah Lelang,, Total,
18/02/2025 10:12:00,QFHNXU,54/VPPH/2025,,Validasi PPh (1 bidang),, Total,
18/02/2025 11:11:00,VBHS6J,55/VPPH/2025,,Validasi PPh (1 bidang),, Total,
18/02/2025 11:31:06,BL2UZN,74/K-RL/2025,,Pemberian Kutipan Risalah Lelang,, Total,
18/02/2025 13:07:48,HNDM1F,,,Pemberian Kuitansi Pembayaran Harga Lelang,, Total,
18/02/2025 13:42:14,3F89MG,75/K-RL/2025,,Pemberian Kutipan Risalah Lelang,, Total,
18/02/2025 13:54:58,3F89MG,56/VPPH/2025,,Validasi PPh (1 bidang),, Total,
18/02/2025 15:19:52,KLC3A8,,,Pemberian Kuitansi Pembayaran Harga Lelang,, Total,
18/02/2025 19:11:24,VMW4PW,,,Pemberian Kuitansi Pembayaran Harga Lelang,, Total,
19/02/2025 5:06:44,GNGWA3,76/K-RL/2025,,Pemberian Kutipan Risalah Lelang,, Total,
19/02/2025 13:39:18,ADCKZ8,,,Pemberian Kuitansi Pembayaran Harga Lelang,, Total,
19/02/2025 14:03:53,BT4YSN,77/K-RL/2025,,Pemberian Kutipan Risalah Lelang,, Total,
19/02/2025 16:25:32,VK7YHO,,,Pemberian Kuitansi Pembayaran Harga Lelang,, Total,
19/02/2025 17:09:07,GMWESZ,,,Pemberian Kuitansi Pembayaran Harga Lelang,, Total,
19/02/2025 17:23:13,9VAHTC,,,Pemberian Kuitansi Pembayaran Harga Lelang,, Total,
19/02/2025 18:28:04,GMWESZ,78/K-RL/2025,,Pemberian Kutipan Risalah Lelang,, Total,
19/02/2025 18:32:01,9VAHTC,79/K-RL/2025,,Pemberian Kutipan Risalah Lelang,, Total,
20/02/2025 7:43:02,RN9EA0,,,Pemberian Kuitansi Pembayaran Harga Lelang,, Total,
20/02/2025 9:21:57,QCUYD1,,,Pemberian Kuitansi Pembayaran Harga Lelang,, Total,
20/02/2025 9:29:07,72,,,Pemberian Kuitansi Pembayaran Harga Lelang,, Total,
20/02/2025 9:34:35,6EURBQ,,,Pemberian Kuitansi Pembayaran Harga Lelang,, Total,
20/02/2025 10:06:26,08WYTA,57/VPPH/2025,,Validasi PPh (1 bidang),, Total,
20/02/2025 10:24:04,UDNTVK,,,Pemberian Kuitansi Pembayaran Harga Lelang,, Total,
20/02/2025 10:29:10,PE1CFA,,,Pemberian Kuitansi Pembayaran Harga Lelang,, Total,
20/02/2025 10:34:04,J1Y2DQ,,,Pemberian Kuitansi Pembayaran Harga Lelang,, Total,
20/02/2025 10:45:22,8TLlDS,80/K-RL/2025,,Pemberian Kutipan Risalah Lelang,, Total,
20/02/2025 12:13:48,EENQKF,,,Pemberian Kuitansi Pembayaran Harga Lelang,, Total,
20/02/2025 12:19:47,FZNFKD,,,Pemberian Kuitansi Pembayaran Harga Lelang,, Total,
20/02/2025 13:31:08,HLYDQK,,,Pemberian Kuitansi Pembayaran Harga Lelang,, Total,
20/02/2025 13:37:26,X76XVQ,81/K-RL/2025,,Pemberian Kutipan Risalah Lelang,, Total,
20/02/2025 13:42:58,VGMKS7,82/K-RL/2025,,Pemberian Kutipan Risalah Lelang,, Total,
20/02/2025 13:45:23,X76XVQ,58/VPPH/2025,,Validasi PPh (1 bidang),, Total,
20/02/2025 13:53:23,VGMKS7,59/VPPH/2025,,Validasi PPh (1 bidang),, Total,
20/02/2025 14:55:36,SAAMJL,,,Pemberian Kuitansi Pembayaran Harga Lelang,, Total,
21/02/2025 10:47:45,OVHUIT,83/K-RL/2025,,Pemberian Kutipan Risalah Lelang,, Total,
21/02/2025 13:40:51,L7KEM3,,,Pemberian Kuitansi Pembayaran Harga Lelang,, Total,
21/02/2025 14:16:16,51Y7B0,84/K-RL/2025,,Pemberian Kutipan Risalah Lelang,, Total,
21/02/2025 14:31:07,Vmw4pw,,,Pemberian Kuitansi Pembayaran Harga Lelang,, Total,
21/02/2025 15:34:34,TBMFQ9,,,Pemberian Kuitansi Pembayaran Harga Lelang,, Total,
21/02/2025 16:34:32,TBMFQ9,85/K-RL/2025,,Pemberian Kutipan Risalah Lelang,, Total,
21/02/2025 20:27:00,GKPLLA,,,Pemberian Kuitansi Pembayaran Harga Lelang,, Total,
21/02/2025 22:13:45,PWNOCI,,,Pemberian Kuitansi Pembayaran Harga Lelang,, Total,
22/02/2025 20:48:54,BL2UZN,60/VPPH/2025,,Validasi PPh (1 bidang),, Total,
22/02/2025 23:58:21,2VZG7I,,,Pemberian Kuitansi Pembayaran Harga Lelang,, Total,
23/02/2025 18:03:58,9AVJVO,,,Pemberian Kuitansi Pembayaran Harga Lelang,, Total,
24/02/2025 8:43:24,N02WAJ,,,Pemberian Kuitansi Pembayaran Harga Lelang,, Total,
24/02/2025 10:38:23,SCAV0N,86/K-RL/2025,,Pemberian Kutipan Risalah Lelang,, Total,
24/02/2025 11:47:50,5RLYGK,,,Pemberian Kuitansi Pembayaran Harga Lelang,, Total,
24/02/2025 12:13:58,UGOHW9,,,Pemberian Kuitansi Pembayaran Harga Lelang,, Total,
24/02/2025 12:19:47,BVPC6E,,,Pemberian Kuitansi Pembayaran Harga Lelang,, Total,
24/02/2025 13:02:24,LQDOFB,,,Pemberian Kuitansi Pembayaran Harga Lelang,, Total,
24/02/2025 14:38:22,I1HCOE,61/VPPH/2025,,Validasi PPh (1 bidang),, Total,
24/02/2025 16:32:14,JBSOD4,,,Pemberian Kuitansi Pembayaran Harga Lelang,, Total,
25/02/2025 8:42:43,51Y7B0,62/VPPH/2025,,Validasi PPh (1 bidang),, Total,
25/02/2025 8:43:09,NAPFv6,,,Pemberian Kuitansi Pembayaran Harga Lelang,, Total,
25/02/2025 8:50:27,51Y7B0,63/VPPH/2025,,Validasi PPh (1 bidang),, Total,
25/02/2025 8:58:14,OVHUIT,64/VPPH/2025,,Validasi PPh (1 bidang),, Total,
25/02/2025 9:53:34,7WSZID,65/VPPH/2025,,Validasi PPh (1 bidang),, Total,
25/02/2025 10:22:30,QPRFTC,,,Pemberian Kuitansi Pembayaran Harga Lelang,, Total,
25/02/2025 10:57:45,N02WAJ,87/K-RL/2025,,Pemberian Kutipan Risalah Lelang,, Total,
25/02/2025 11:52:13,QPRFTC,88/K-RL/2025,,Pemberian Kutipan Risalah Lelang,, Total,
25/02/2025 13:32:37,1SXLBR,,,Pemberian Kuitansi Pembayaran Harga Lelang,, Total,
25/02/2025 13:48:05,-,89/K-RL/2025,,Pemberian Kutipan Risalah Lelang,, Total,
25/02/2025 14:32:14,6AM80O,66/VPPH/2025,,Validasi PPh (1 bidang),, Total,
25/02/2025 14:53:46,YXHQ1F,,,Pemberian Kuitansi Pembayaran Harga Lelang,, Total,
26/02/2025 6:37:26,5GHQUM,90/K-RL/2025,,Pemberian Kutipan Risalah Lelang,, Total,
26/02/2025 7:18:29,5GHQUM,67/VPPH/2025,,Validasi PPh (1 bidang),, Total,
26/02/2025 8:11:42,IFDAKP,,,Pemberian Kuitansi Pembayaran Harga Lelang,, Total,
26/02/2025 8:17:59,CM8IAZ,,,Pemberian Kuitansi Pembayaran Harga Lelang,, Total,
26/02/2025 8:46:10,ZVHNXI,,,Pemberian Kuitansi Pembayaran Harga Lelang,, Total,
26/02/2025 8:54:30,GSIPML,,,Pemberian Kuitansi Pembayaran Harga Lelang,, Total,
26/02/2025 10:21:31,HTMFPA,91/K-RL/2025,,Pemberian Kutipan Risalah Lelang,, Total,
26/02/2025 10:37:06,HTMFPA,68/VPPH/2025,,Validasi PPh (1 bidang),, Total,
26/02/2025 10:41:52,NO2WAJ,92/K-RL/2025,,Pemberian Kutipan Risalah Lelang,, Total,
26/02/2025 11:23:55,-,69/VPPH/2025,,Validasi PPh (1 bidang),, Total,
26/02/2025 15:13:22,A812MH,93/K-RL/2025,,Pemberian Kutipan Risalah Lelang,, Total,
26/02/2025 15:43:17,LVKFS4,94/K-RL/2025,,Pemberian Kutipan Risalah Lelang,, Total,
26/02/2025 20:27:32,KEPYTV,,,Pemberian Kuitansi Pembayaran Harga Lelang,, Total,
26/02/2025 20:36:30,0,95/K-RL/2025,,Pemberian Kutipan Risalah Lelang,, Total,
26/02/2025 20:51:14,0,70/VPPH/2025,,Validasi PPh (1 bidang),, Total,
27/02/2025 7:53:11,VWZKGR,,,Pemberian Kuitansi Pembayaran Harga Lelang,, Total,
27/02/2025 8:40:09,Adckz8,96/K-RL/2025,,Pemberian Kutipan Risalah Lelang,, Total,
27/02/2025 9:27:45,5RLYGK,97/K-RL/2025,,Pemberian Kutipan Risalah Lelang,, Total,
27/02/2025 11:38:41,217NLW,,,Pemberian Kuitansi Pembayaran Harga Lelang,, Total,
27/02/2025 11:44:42,JDZT2C,,,Pemberian Kuitansi Pembayaran Harga Lelang,, Total,
27/02/2025 11:50:40,217NLW,98/K-RL/2025,,Pemberian Kutipan Risalah Lelang,, Total,
27/02/2025 13:49:56,ICJZYF,99/K-RL/2025,,Pemberian Kutipan Risalah Lelang,, Total,
27/02/2025 14:08:33,NAPFV6,100/K-RL/2025,,Pemberian Kutipan Risalah Lelang,, Total,
27/02/2025 15:36:02,ICJZYF,71/VPPH/2025,,Validasi PPh (1 bidang),, Total,
27/02/2025 15:37:24,OL2INB,,,Pemberian Kuitansi Pembayaran Harga Lelang,, Total,
27/02/2025 15:56:10,QXSMXY,101/K-RL/2025,,Pemberian Kutipan Risalah Lelang,, Total,
28/02/2025 8:25:18,KXTP0B,,,Pemberian Kuitansi Pembayaran Harga Lelang,, Total,
28/02/2025 11:00:40,EENQKF,102/K-RL/2025,,Pemberian Kutipan Risalah Lelang,, Total,
28/02/2025 13:41:53,SRXBDI,,,Pemberian Kuitansi Pembayaran Harga Lelang,, Total,
28/02/2025 13:53:24,OTLAC3,103/K-RL/2025,,Pemberian Kutipan Risalah Lelang,, Total,
28/02/2025 14:04:43,2VZG7I,72/VPPH/2025,,Validasi PPh (1 bidang),, Total,
28/02/2025 14:09:24,2VZG7I,104/K-RL/2025,,Pemberian Kutipan Risalah Lelang,, Total,
28/02/2025 15:48:21,ADCKZ8,73/VPPH/2025,,Validasi PPh (1 bidang),, Total,
28/02/2025 16:12:30,3DCLXL,,,Pemberian Kuitansi Pembayaran Harga Lelang,, Total,
01/03/2025 13:30:40,3DCLXL,,,Pemberian Kuitansi Pembayaran Harga Lelang,, Total,
03/03/2025 8:25:40,9SZLJF,,,Pemberian Kuitansi Pembayaran Harga Lelang,, Total,
03/03/2025 9:39:21,MCAK4X,74/VPPH/2025,,Validasi PPh (1 bidang),, Total,
03/03/2025 9:49:19,S4ZJRQ,,,Pemberian Kuitansi Pembayaran Harga Lelang,, Total,
03/03/2025 10:43:38,SCAV0N,75/VPPH/2025,,Validasi PPh (1 bidang),, Total,
03/03/2025 10:53:44,5RLYGK,76/VPPH/2025,,Validasi PPh (1 bidang),, Total,
03/03/2025 10:54:26,NAPFV6,77/VPPH/2025,,Validasi PPh (1 bidang),, Total,
03/03/2025 11:17:23,MCAK4X,105/K-RL/2025,,Pemberian Kutipan Risalah Lelang,, Total,
03/03/2025 11:30:07,SAAMJL,78/VPPH/2025,,Validasi PPh (1 bidang),, Total,
03/03/2025 11:39:14,SAAMJL,79/VPPH/2025,,Validasi PPh (1 bidang),, Total,
03/03/2025 13:53:36,TIHBC2,,,Pemberian Kuitansi Pembayaran Harga Lelang,, Total,
03/03/2025 13:59:02,TIHBC2,,,Pemberian Kuitansi Pembayaran Harga Lelang,, Total,
03/03/2025 14:28:31,SAAMJL,106/K-RL/2025,,Pemberian Kutipan Risalah Lelang,, Total,
03/03/2025 14:31:51,SAAMJL,107/K-RL/2025,,Pemberian Kutipan Risalah Lelang,, Total,
03/03/2025 14:50:34,KLC3A8,108/K-RL/2025,,Pemberian Kutipan Risalah Lelang,, Total,
03/03/2025 15:33:52,KLC3A8,80/VPPH/2025,,Validasi PPh (1 bidang),, Total,
03/03/2025 17:04:36,SH46EM,,,Pemberian Kuitansi Pembayaran Harga Lelang,, Total,
03/03/2025 17:16:21,VMW4PW,109/K-RL/2025,,Pemberian Kutipan Risalah Lelang,, Total,
04/03/2025 9:24:30,BCAFOT,,,Pemberian Kuitansi Pembayaran Harga Lelang,, Total,
04/03/2025 10:11:58,H2YWPX,,,Pemberian Kuitansi Pembayaran Harga Lelang,, Total,
04/03/2025 10:44:56,H2YWPX,110/K-RL/2025,,Pemberian Kutipan Risalah Lelang,, Total,
04/03/2025 11:19:42,VPLJBU,,,Pemberian Kuitansi Pembayaran Harga Lelang,, Total,
04/03/2025 12:02:25,Wujk7j,111/K-RL/2025,,Pemberian Kutipan Risalah Lelang,, Total,
04/03/2025 13:55:08,UGQHW9,112/K-RL/2025,,Pemberian Kutipan Risalah Lelang,, Total,
04/03/2025 14:23:04,JYFALN,,,Pemberian Kuitansi Pembayaran Harga Lelang,, Total,
04/03/2025 14:32:34,HSQAQN,,,Pemberian Kuitansi Pembayaran Harga Lelang,, Total,
04/03/2025 14:36:49,UGQHW9,81/VPPH/2025,,Validasi PPh (1 bidang),, Total,
04/03/2025 14:38:12,HSQAQN,113/K-RL/2025,,Pemberian Kutipan Risalah Lelang,, Total,
04/03/2025 14:41:28,ZYH8XC,,,Pemberian Kuitansi Pembayaran Harga Lelang,, Total,
04/03/2025 15:19:16,JP74EA,,,Pemberian Kuitansi Pembayaran Harga Lelang,, Total,
04/03/2025 16:25:50,EWTATG,82/VPPH/2025,,Validasi PPh (1 bidang),, Total,
04/03/2025 16:46:27,PWN0CI,114/K-RL/2025,,Pemberian Kutipan Risalah Lelang,, Total,
04/03/2025 16:58:07,JIW6IM,,,Pemberian Kuitansi Pembayaran Harga Lelang,, Total,
04/03/2025 17:27:29,VEQ0MT,,,Pemberian Kuitansi Pembayaran Harga Lelang,, Total,
04/03/2025 17:36:08,VEQ0MT,,,Pemberian Kuitansi Pembayaran Harga Lelang,, Total,
04/03/2025 20:37:18,P8L1ZK,,,Pemberian Kuitansi Pembayaran Harga Lelang,, Total,
04/03/2025 20:39:42,P8L1ZK,115/K-RL/2025,,Pemberian Kutipan Risalah Lelang,, Total,
04/03/2025 20:42:43,EV4TLP,,,Pemberian Kuitansi Pembayaran Harga Lelang,, Total,
05/03/2025 8:04:43,NX05KR,116/K-RL/2025,,Pemberian Kutipan Risalah Lelang,, Total,
05/03/2025 8:07:49,NX05KR,,,Pemberian Kuitansi Pembayaran Harga Lelang,, Total,
05/03/2025 8:24:38,8AORJD,,,Pemberian Kuitansi Pembayaran Harga Lelang,, Total,
05/03/2025 8:26:31,QTLCFI,,,Pemberian Kuitansi Pembayaran Harga Lelang,, Total,
05/03/2025 8:38:16,GCSJBN,117/K-RL/2025,,Pemberian Kutipan Risalah Lelang,, Total,
05/03/2025 8:57:11,L7KEM3,118/K-RL/2025,,Pemberian Kutipan Risalah Lelang,, Total,
05/03/2025 9:08:52,L7KEM3,83/VPPH/2025,,Validasi PPh (1 bidang),, Total,
05/03/2025 11:08:22,LI5G1S,84/VPPH/2025,,Validasi PPh (1 bidang),, Total,
05/03/2025 11:32:37,TIHBC2,85/VPPH/2025,,Validasi PPh (1 bidang),, Total,
05/03/2025 11:33:12,LVKFS4,86/VPPH/2025,,Validasi PPh (1 bidang),, Total,
05/03/2025 11:46:18,EV4TLP,119/K-RL/2025,,Pemberian Kutipan Risalah Lelang,, Total,
05/03/2025 11:59:40,BVPC6E,120/K-RL/2025,,Pemberian Kutipan Risalah Lelang,, Total,
05/03/2025 12:03:41,BVPC6E,87/VPPH/2025,,Validasi PPh (1 bidang),, Total,
05/03/2025 12:27:02,GCSJBN,,,Pemberian Kuitansi Pembayaran Harga Lelang,, Total,
05/03/2025 12:57:49,FZNFKP,121/K-RL/2025,,Pemberian Kutipan Risalah Lelang,, Total,
05/03/2025 13:03:09,TWJIJF,,,Pemberian Kuitansi Pembayaran Harga Lelang,, Total,
05/03/2025 13:08:10,8CULQC,,,Pemberian Kuitansi Pembayaran Harga Lelang,, Total,
05/03/2025 13:10:55,4CEZAS,,,Pemberian Kuitansi Pembayaran Harga Lelang,, Total,
05/03/2025 14:09:59,FHBI8Z,,,Pemberian Kuitansi Pembayaran Harga Lelang,, Total,
05/03/2025 14:22:37,7IPQAD,,,Pemberian Kuitansi Pembayaran Harga Lelang,, Total,
05/03/2025 14:46:08,4CEZAS,,,Pemberian Kuitansi Pembayaran Harga Lelang,, Total,
05/03/2025 14:51:43,4CEZAS,122/K-RL/2025,,Pemberian Kutipan Risalah Lelang,, Total,
05/03/2025 16:30:06,WVHPWD,,,Pemberian Kuitansi Pembayaran Harga Lelang,, Total,
05/03/2025 17:30:33,VMW4PW,88/VPPH/2025,,Validasi PPh (1 bidang),, Total,
06/03/2025 2:42:48,PWNOCI,89/VPPH/2025,,Validasi PPh (1 bidang),, Total,
06/03/2025 8:46:02,YGAT6C,,,Pemberian Kuitansi Pembayaran Harga Lelang,, Total,
06/03/2025 9:31:38,KXTP0B,123/K-RL/2025,,Pemberian Kutipan Risalah Lelang,, Total,
06/03/2025 9:44:45,KXTP0B,90/VPPH/2025,,Validasi PPh (1 bidang),, Total,
06/03/2025 10:00:01,WVHPWD,124/K-RL/2025,,Pemberian Kutipan Risalah Lelang,, Total,
06/03/2025 10:19:15,LJ1ELC,,,Pemberian Kuitansi Pembayaran Harga Lelang,, Total,
06/03/2025 10:20:51,LJ1ELC,125/K-RL/2025,,Pemberian Kutipan Risalah Lelang,, Total,
06/03/2025 10:23:59,JIIDJQ,,,Pemberian Kuitansi Pembayaran Harga Lelang,, Total,
06/03/2025 10:30:53,S7HPLP,,,Pemberian Kuitansi Pembayaran Harga Lelang,, Total,
06/03/2025 10:34:37,YCSWGL,,,Pemberian Kuitansi Pembayaran Harga Lelang,, Total,
06/03/2025 10:35:24,JIIDJQ,126/K-RL/2025,,Pemberian Kutipan Risalah Lelang,, Total,
06/03/2025 10:39:30,UNGLCY,,,Pemberian Kuitansi Pembayaran Harga Lelang,, Total,
06/03/2025 10:42:59,AEPTHV,127/K-RL/2025,,Pemberian Kutipan Risalah Lelang,, Total,
06/03/2025 11:02:06,LEDIKS,,,Pemberian Kuitansi Pembayaran Harga Lelang,, Total,
06/03/2025 11:04:28,LEDIKS,128/K-RL/2025,,Pemberian Kutipan Risalah Lelang,, Total,
06/03/2025 11:06:08,BB3POR,,,Pemberian Kuitansi Pembayaran Harga Lelang,, Total,
06/03/2025 11:07:06,XDHWRG,,,Pemberian Kuitansi Pembayaran Harga Lelang,, Total,
06/03/2025 11:08:58,XDHWRG,129/K-RL/2025,,Pemberian Kutipan Risalah Lelang,, Total,
06/03/2025 11:15:05,CRSRC3,91/VPPH/2025,,Validasi PPh (1 bidang),, Total,
06/03/2025 11:22:59,UNGLCY,130/K-RL/2025,,Pemberian Kutipan Risalah Lelang,, Total,
06/03/2025 11:27:55,YCSW6L,131/K-RL/2025,,Pemberian Kutipan Risalah Lelang,, Total,
06/03/2025 11:36:38,XKO0IP,,,Pemberian Kuitansi Pembayaran Harga Lelang,, Total,
06/03/2025 11:44:18,TWJIJF,132/K-RL/2025,,Pemberian Kutipan Risalah Lelang,, Total,
06/03/2025 12:14:21,XKO0IP,133/K-RL/2025,,Pemberian Kutipan Risalah Lelang,, Total,
06/03/2025 12:21:16,9AZLJF,,,Pemberian Kuitansi Pembayaran Harga Lelang,, Total,
06/03/2025 12:42:31,EENQKF,92/VPPH/2025,,Validasi PPh (1 bidang),, Total,
06/03/2025 13:39:39,VTGEWD,,,Pemberian Kuitansi Pembayaran Harga Lelang,, Total,
06/03/2025 13:43:25,ZYH8XC,134/K-RL/2025,,Pemberian Kutipan Risalah Lelang,, Total,
06/03/2025 13:51:51,VTGEWD,,,Pemberian Kuitansi Pembayaran Harga Lelang,, Total,
06/03/2025 13:55:41,FIOUHN,135/K-RL/2025,,Pemberian Kutipan Risalah Lelang,, Total,
07/03/2025 2:09:36,O7cfa2,,,Pemberian Kuitansi Pembayaran Harga Lelang,, Total,
07/03/2025 2:12:44,O7cfa2,136/K-RL/2025,,Pemberian Kutipan Risalah Lelang,, Total,
07/03/2025 7:29:17,Jdzt2c,137/K-RL/2025,,Pemberian Kutipan Risalah Lelang,, Total,
07/03/2025 7:41:24,Jdzt2c,93/VPPH/2025,,Validasi PPh (1 bidang),, Total,
07/03/2025 8:10:59,LEIYZC,,,Pemberian Kuitansi Pembayaran Harga Lelang,, Total,
07/03/2025 8:24:42,HSQAQN,,,Pemberian Kuitansi Pembayaran Harga Lelang,, Total,
07/03/2025 9:04:59,HSQAQN,138/K-RL/2025,,Pemberian Kutipan Risalah Lelang,, Total,
07/03/2025 10:20:10,HCBYZP,,,Pemberian Kuitansi Pembayaran Harga Lelang,, Total,
07/03/2025 10:31:00,Rvl5it,,,Pemberian Kuitansi Pembayaran Harga Lelang,, Total,
07/03/2025 10:36:25,Rvl5it,,,Pemberian Kuitansi Pembayaran Harga Lelang,, Total,
07/03/2025 10:40:33,DWEAD4,,,Pemberian Kuitansi Pembayaran Harga Lelang,, Total,
07/03/2025 11:05:01,DWEAD4,139/K-RL/2025,,Pemberian Kutipan Risalah Lelang,, Total,
07/03/2025 11:39:21,Ajzvuu,,,Pemberian Kuitansi Pembayaran Harga Lelang,, Total,
07/03/2025 11:41:56,Ajzvuu,140/K-RL/2025,,Pemberian Kutipan Risalah Lelang,, Total,
07/03/2025 11:58:24,RCQW5Y,,,Pemberian Kuitansi Pembayaran Harga Lelang,, Total,
07/03/2025 12:09:49,RCQW5Y,,,Pemberian Kuitansi Pembayaran Harga Lelang,, Total,
07/03/2025 12:14:22,RCQW5Y,141/K-RL/2025,,Pemberian Kutipan Risalah Lelang,, Total,
07/03/2025 13:33:43,TWJIJF,142/K-RL/2025,,Pemberian Kutipan Risalah Lelang,, Total,
07/03/2025 13:37:08,S7HPLP,143/K-RL/2025,,Pemberian Kutipan Risalah Lelang,, Total,
07/03/2025 13:41:49,TWJIJF,94/VPPH/2025,,Validasi PPh (1 bidang),, Total,
07/03/2025 14:09:31,TLBYNR,,,Pemberian Kuitansi Pembayaran Harga Lelang,, Total,
07/03/2025 14:26:01,S7HPLP,95/VPPH/2025,,Validasi PPh (1 bidang),, Total,
07/03/2025 14:44:11,AEPTHV,96/VPPH/2025,,Validasi PPh (1 bidang),, Total,
07/03/2025 16:08:10,HLYDQK,144/K-RL/2025,,Pemberian Kutipan Risalah Lelang,, Total,
07/03/2025 16:38:59,HLYDQK,97/VPPH/2025,,Validasi PPh (1 bidang),, Total,
07/03/2025 17:32:11,P72SNV,98/VPPH/2025,,Validasi PPh (1 bidang),, Total,
07/03/2025 19:11:12,Z4RCMC,,,Pemberian Kuitansi Pembayaran Harga Lelang,, Total,
08/03/2025 11:56:10,6EURBQ,145/K-RL/2025,,Pemberian Kutipan Risalah Lelang,, Total,
08/03/2025 12:04:36,6EURBQ,99/VPPH/2025,,Validasi PPh (1 bidang),, Total,
08/03/2025 17:29:11,-,100/VPPH/2025,,Validasi PPh (1 bidang),, Total,
10/03/2025 8:33:42,LJ1ELC,,,Pemberian Kuitansi Pembayaran Harga Lelang,, Total,
10/03/2025 9:53:52,9KX670,,,Pemberian Kuitansi Pembayaran Harga Lelang,, Total,
10/03/2025 10:39:35,SBDKR7,,,Pemberian Kuitansi Pembayaran Harga Lelang,, Total,
10/03/2025 11:03:48,SBDKR7,146/K-RL/2025,,Pemberian Kutipan Risalah Lelang,, Total,
10/03/2025 11:11:10,BT4YSN,101/VPPH/2025,,Validasi PPh (1 bidang),, Total,
10/03/2025 12:13:43,BPTROD,147/K-RL/2025,,Pemberian Kutipan Risalah Lelang,, Total,
10/03/2025 12:27:56,VWZKGR,,,Pemberian Kuitansi Pembayaran Harga Lelang,, Total,
10/03/2025 12:48:16,Jiw6im,148/K-RL/2025,,Pemberian Kutipan Risalah Lelang,, Total,
10/03/2025 13:32:57,KBRWDN,,,Pemberian Kuitansi Pembayaran Harga Lelang,, Total,
10/03/2025 14:16:45,8AORJD,149/K-RL/2025,,Pemberian Kutipan Risalah Lelang,, Total,
10/03/2025 15:01:15,BPZ5XX,,,Pemberian Kuitansi Pembayaran Harga Lelang,, Total,
10/03/2025 15:04:18,FHBI8Z,150/K-RL/2025,,Pemberian Kutipan Risalah Lelang,, Total,
10/03/2025 16:03:36,BPTR0D,102/VPPH/2025,,Validasi PPh (1 bidang),, Total,
10/03/2025 16:17:41,ZG3SLJ,151/K-RL/2025,,Pemberian Kutipan Risalah Lelang,, Total,
10/03/2025 16:33:58,ZG3SLJ,103/VPPH/2025,,Validasi PPh (1 bidang),, Total,
10/03/2025 19:04:33,QCUYD1,152/K-RL/2025,,Pemberian Kutipan Risalah Lelang,, Total,
10/03/2025 21:13:18,FL1I4E,,,Pemberian Kuitansi Pembayaran Harga Lelang,, Total,
10/03/2025 22:23:04,VPLJBU,104/VPPH/2025,,Validasi PPh (1 bidang),, Total,
10/03/2025 22:33:07,VBLJBU,153/K-RL/2025,,Pemberian Kutipan Risalah Lelang,, Total,
11/03/2025 5:36:31,RN9EA0,105/VPPH/2025,,Validasi PPh (1 bidang),, Total,
11/03/2025 9:11:07,GJAUTW,154/K-RL/2025,,Pemberian Kutipan Risalah Lelang,, Total,
11/03/2025 9:13:08,GJAUTW,,,Pemberian Kuitansi Pembayaran Harga Lelang,, Total,
11/03/2025 9:54:33,GJAUTW,,,Pemberian Kuitansi Pembayaran Harga Lelang,, Total,
11/03/2025 10:00:18,GJAUTW,,,Pemberian Kuitansi Pembayaran Harga Lelang,, Total,
11/03/2025 10:05:15,GJAUTW,155/K-RL/2025,,Pemberian Kutipan Risalah Lelang,, Total,
11/03/2025 11:05:25,WDFCJT,,,Pemberian Kuitansi Pembayaran Harga Lelang,, Total,
11/03/2025 11:08:52,7NGXKJ,,,Pemberian Kuitansi Pembayaran Harga Lelang,, Total,
11/03/2025 11:12:16,Z6DLIO,,,Pemberian Kuitansi Pembayaran Harga Lelang,, Total,
11/03/2025 11:31:53,AGBV7U,,,Pemberian Kuitansi Pembayaran Harga Lelang,, Total,
11/03/2025 12:13:01,TIHBC2,156/K-RL/2025,,Pemberian Kutipan Risalah Lelang,, Total,
11/03/2025 13:26:16,QCUYD1,106/VPPH/2025,,Validasi PPh (1 bidang),, Total,
11/03/2025 13:40:59,OK3XJS,,,Pemberian Kuitansi Pembayaran Harga Lelang,, Total,
11/03/2025 13:48:11,YXSC97,,,Pemberian Kuitansi Pembayaran Harga Lelang,, Total,
11/03/2025 13:54:27,YXSC97,,,Pemberian Kuitansi Pembayaran Harga Lelang,, Total,
11/03/2025 14:01:23,YCCOBI,,,Pemberian Kuitansi Pembayaran Harga Lelang,, Total,
11/03/2025 14:03:59,LEIYZC,157/K-RL/2025,,Pemberian Kutipan Risalah Lelang,, Total,
11/03/2025 14:29:24,582730,107/VPPH/2025,,Validasi PPh (1 bidang),, Total,
11/03/2025 15:25:01,CRSRC3,158/K-RL/2025,,Pemberian Kutipan Risalah Lelang,, Total,
11/03/2025 15:31:25,CRSRC3,,,Pemberian Kuitansi Pembayaran Harga Lelang,, Total,
11/03/2025 21:39:24,AORXYZ,,,Pemberian Kuitansi Pembayaran Harga Lelang,, Total,
11/03/2025 21:41:34,AORXYZ,159/K-RL/2025,,Pemberian Kutipan Risalah Lelang,, Total,
11/03/2025 21:43:11,ONQT0U,,,Pemberian Kuitansi Pembayaran Harga Lelang,, Total,
11/03/2025 21:44:42,ONQT0U,160/K-RL/2025,,Pemberian Kutipan Risalah Lelang,, Total,
12/03/2025 7:51:23,FHBI8Z,,,Pemberian Kuitansi Pembayaran Harga Lelang,, Total,
12/03/2025 8:33:51,JBSOD4,161/K-RL/2025,,Pemberian Kutipan Risalah Lelang,, Total,
12/03/2025 8:36:33,FHBI8Z,162/K-RL/2025,,Pemberian Kutipan Risalah Lelang,, Total,
12/03/2025 8:40:38,JBSOD4,108/VPPH/2025,,Validasi PPh (1 bidang),, Total,
12/03/2025 8:43:00,ZK6TMG,,,Pemberian Kuitansi Pembayaran Harga Lelang,, Total,
12/03/2025 8:47:25,IA2GQ4,,,Pemberian Kuitansi Pembayaran Harga Lelang,, Total,
12/03/2025 8:47:28,CPEMMN,,,Pemberian Kuitansi Pembayaran Harga Lelang,, Total,
12/03/2025 9:32:14,OPBXSX,,,Pemberian Kuitansi Pembayaran Harga Lelang,, Total,
12/03/2025 10:03:55,EASQL4,,,Pemberian Kuitansi Pembayaran Harga Lelang,, Total,
12/03/2025 10:22:17,TU9IM8,163/K-RL/2025,,Pemberian Kutipan Risalah Lelang,, Total,
12/03/2025 10:25:06,HCFEVS,164/K-RL/2025,,Pemberian Kutipan Risalah Lelang,, Total,
12/03/2025 11:45:03,TU9IM8,109/VPPH/2025,,Validasi PPh (1 bidang),, Total,
12/03/2025 11:55:20,9SZLJF,165/K-RL/2025,,Pemberian Kutipan Risalah Lelang,, Total,
12/03/2025 12:07:59,9SZLJF,110/VPPH/2025,,Validasi PPh (1 bidang),, Total,
12/03/2025 13:51:40,JP74EA,166/K-RL/2025,,Pemberian Kutipan Risalah Lelang,, Total,
12/03/2025 14:56:18,NFRJ0W,111/VPPH/2025,,Validasi PPh (1 bidang),, Total,
12/03/2025 15:03:16,QF41PI,,,Pemberian Kuitansi Pembayaran Harga Lelang,, Total,
12/03/2025 15:08:45,O0ABZX,,,Pemberian Kuitansi Pembayaran Harga Lelang,, Total,
12/03/2025 15:11:56,NDFGJB,,,Pemberian Kuitansi Pembayaran Harga Lelang,, Total,
12/03/2025 15:16:05,DTVYRB,,,Pemberian Kuitansi Pembayaran Harga Lelang,, Total,
12/03/2025 15:18:48,ZnJTQH,,,Pemberian Kuitansi Pembayaran Harga Lelang,, Total,
12/03/2025 15:22:49,VTCEYR,,,Pemberian Kuitansi Pembayaran Harga Lelang,, Total,
13/03/2025 7:48:35,BPZ5XX,167/K-RL/2025,,Pemberian Kutipan Risalah Lelang,, Total,
13/03/2025 8:39:59,QXSMXY,112/VPPH/2025,,Validasi PPh (1 bidang),, Total,
13/03/2025 8:53:41,A812MH,113/VPPH/2025,,Validasi PPh (1 bidang),, Total,
13/03/2025 10:12:06,TIHBC2,114/VPPH/2025,,Validasi PPh (1 bidang),, Total,
13/03/2025 10:32:10,YECOUR,168/K-RL/2025,,Pemberian Kutipan Risalah Lelang,, Total,
13/03/2025 10:46:10,YECOUR,115/VPPH/2025,,Validasi PPh (1 bidang),, Total,
13/03/2025 11:45:20,3JZDXH,,,Pemberian Kuitansi Pembayaran Harga Lelang,, Total,
13/03/2025 11:54:36,3JZDXH,169/K-RL/2025,,Pemberian Kutipan Risalah Lelang,, Total,
13/03/2025 12:25:52,HCFEVS,116/VPPH/2025,,Validasi PPh (1 bidang),, Total,
13/03/2025 12:30:54,MBTD0A,,,Pemberian Kuitansi Pembayaran Harga Lelang,, Total,
13/03/2025 12:32:02,NAMSEE,,,Pemberian Kuitansi Pembayaran Harga Lelang,, Total,
13/03/2025 12:33:24,MBTD0A,170/K-RL/2025,,Pemberian Kutipan Risalah Lelang,, Total,
13/03/2025 13:06:51,2ZX06O,,,Pemberian Kuitansi Pembayaran Harga Lelang,, Total,
13/03/2025 13:11:24,2ZX06O,171/K-RL/2025,,Pemberian Kutipan Risalah Lelang,, Total,
13/03/2025 13:13:20,NAMSEE,172/K-RL/2025,,Pemberian Kutipan Risalah Lelang,, Total,
13/03/2025 14:40:02,KNEIIO,,,Pemberian Kuitansi Pembayaran Harga Lelang,, Total,
13/03/2025 14:43:34,6VER17,,,Pemberian Kuitansi Pembayaran Harga Lelang,, Total,
13/03/2025 14:47:49,L7U5HK,,,Pemberian Kuitansi Pembayaran Harga Lelang,, Total,
13/03/2025 14:50:16,GGJVID,,,Pemberian Kuitansi Pembayaran Harga Lelang,, Total,
13/03/2025 14:53:08,KBID1U,,,Pemberian Kuitansi Pembayaran Harga Lelang,, Total,
13/03/2025 14:56:15,A2R7RI,,,Pemberian Kuitansi Pembayaran Harga Lelang,, Total,
13/03/2025 14:59:15,0UNSZM,,,Pemberian Kuitansi Pembayaran Harga Lelang,, Total,
13/03/2025 16:28:00,KBRWDN,117/VPPH/2025,,Validasi PPh (1 bidang),, Total,
13/03/2025 18:02:38,YXSC97,173/K-RL/2025,,Pemberian Kutipan Risalah Lelang,, Total,
14/03/2025 8:29:54,XQW0GR,,,Pemberian Kuitansi Pembayaran Harga Lelang,, Total,
14/03/2025 8:33:29,CWFQ69,,,Pemberian Kuitansi Pembayaran Harga Lelang,, Total,
14/03/2025 8:37:28,XQW0GR,174/K-RL/2025,,Pemberian Kutipan Risalah Lelang,, Total,
14/03/2025 9:13:54,JYYQUG,,,Pemberian Kuitansi Pembayaran Harga Lelang,, Total,
14/03/2025 9:29:53,AEWAEI,,,Pemberian Kuitansi Pembayaran Harga Lelang,, Total,
14/03/2025 9:37:58,JYYQUG,175/K-RL/2025,,Pemberian Kutipan Risalah Lelang,, Total,
14/03/2025 10:45:00,P03JW1,,,Pemberian Kuitansi Pembayaran Harga Lelang,, Total,
14/03/2025 11:20:56,P03JW1,176/K-RL/2025,,Pemberian Kutipan Risalah Lelang,, Total,
14/03/2025 14:11:32,CPKPU2,,,Pemberian Kuitansi Pembayaran Harga Lelang,, Total,
14/03/2025 14:25:47,CPKPU2,177/K-RL/2025,,Pemberian Kutipan Risalah Lelang,, Total,
14/03/2025 16:00:55,PRFVKW,,,Pemberian Kuitansi Pembayaran Harga Lelang,, Total,
15/03/2025 20:14:23,BCAFOT,178/K-RL/2025,,Pemberian Kutipan Risalah Lelang,, Total,
15/03/2025 22:09:04,03VZIF,,,Pemberian Kuitansi Pembayaran Harga Lelang,, Total,
16/03/2025 12:24:47,8NFPOM,118/VPPH/2025,,Validasi PPh (1 bidang),, Total,
17/03/2025 9:37:18,IA2GQ4,179/K-RL/2025,,Pemberian Kutipan Risalah Lelang,, Total,
17/03/2025 10:51:46,LPM5IV,,,Pemberian Kuitansi Pembayaran Harga Lelang,, Total,
17/03/2025 11:01:33,NTQMZJ,180/K-RL/2025,,Pemberian Kutipan Risalah Lelang,, Total,
17/03/2025 11:16:32,RN9EA0,181/K-RL/2025,,Pemberian Kutipan Risalah Lelang,, Total,
17/03/2025 11:19:33,GLWE1j,,,Pemberian Kuitansi Pembayaran Harga Lelang,, Total,
17/03/2025 11:20:53,NTQMZJ,119/VPPH/2025,,Validasi PPh (1 bidang),, Total,
17/03/2025 11:27:15,Mjp23a,,,Pemberian Kuitansi Pembayaran Harga Lelang,, Total,
17/03/2025 11:56:24,Kkfcrs,,,Pemberian Kuitansi Pembayaran Harga Lelang,, Total,
17/03/2025 12:01:00,HLRDNG,,,Pemberian Kuitansi Pembayaran Harga Lelang,, Total,
17/03/2025 12:10:13,CWFQ69,182/K-RL/2025,,Pemberian Kutipan Risalah Lelang,, Total,
17/03/2025 13:08:21,Kkfcrs,183/K-RL/2025,,Pemberian Kutipan Risalah Lelang,, Total,
17/03/2025 13:13:24,AGBV7U,184/K-RL/2025,,Pemberian Kutipan Risalah Lelang,, Total,
17/03/2025 14:02:21,USRUPJ,,,Pemberian Kuitansi Pembayaran Harga Lelang,, Total,
17/03/2025 14:05:55,USRUPJ,185/K-RL/2025,,Pemberian Kutipan Risalah Lelang,, Total,
17/03/2025 15:08:38,JP74EA,120/VPPH/2025,,Validasi PPh (1 bidang),, Total,
17/03/2025 15:17:10,LEIYZC,121/VPPH/2025,,Validasi PPh (1 bidang),, Total,
17/03/2025 17:51:07,O0WVGS,,,Pemberian Kuitansi Pembayaran Harga Lelang,, Total,
17/03/2025 17:55:46,2DKZPQ,,,Pemberian Kuitansi Pembayaran Harga Lelang,, Total,
17/03/2025 17:58:44,6F4UOE,,,Pemberian Kuitansi Pembayaran Harga Lelang,, Total,
17/03/2025 18:01:47,GSC4CA,,,Pemberian Kuitansi Pembayaran Harga Lelang,, Total,
17/03/2025 18:04:48,U4X3AW,,,Pemberian Kuitansi Pembayaran Harga Lelang,, Total,
17/03/2025 18:08:11,X4S1MR,,,Pemberian Kuitansi Pembayaran Harga Lelang,, Total,
17/03/2025 18:10:33,FBKHQ8,,,Pemberian Kuitansi Pembayaran Harga Lelang,, Total,
17/03/2025 18:13:11,U5FTVX,,,Pemberian Kuitansi Pembayaran Harga Lelang,, Total,
17/03/2025 18:15:37,SNV1WT,,,Pemberian Kuitansi Pembayaran Harga Lelang,, Total,
17/03/2025 23:26:02,YCCOBI,122/VPPH/2025,,Validasi PPh (1 bidang),, Total,
18/03/2025 8:46:01,XWCFGK,,,Pemberian Kuitansi Pembayaran Harga Lelang,, Total,
18/03/2025 9:01:30,N7CNJR,,,Pemberian Kuitansi Pembayaran Harga Lelang,, Total,
18/03/2025 9:30:51,R6IXDU,,,Pemberian Kuitansi Pembayaran Harga Lelang,, Total,
18/03/2025 9:35:29,BPZ5XX,123/VPPH/2025,,Validasi PPh (1 bidang),, Total,
18/03/2025 11:20:42,SOJTCY,,,Pemberian Kuitansi Pembayaran Harga Lelang,, Total,
18/03/2025 11:27:02,AGBV7U,124/VPPH/2025,,Validasi PPh (1 bidang),, Total,
18/03/2025 13:50:15,LPM5IV,186/K-RL/2025,,Pemberian Kutipan Risalah Lelang,, Total,
18/03/2025 20:52:49,YCCOBI,187/K-RL/2025,,Pemberian Kutipan Risalah Lelang,, Total,
19/03/2025 8:57:11,SHWC5X,,,Pemberian Kuitansi Pembayaran Harga Lelang,, Total,
19/03/2025 9:26:14,XWCFGK,188/K-RL/2025,,Pemberian Kutipan Risalah Lelang,, Total,
19/03/2025 9:54:53,4VGD8R,,,Pemberian Kuitansi Pembayaran Harga Lelang,, Total,
19/03/2025 10:02:37,JQUMXH,,,Pemberian Kuitansi Pembayaran Harga Lelang,, Total,
19/03/2025 10:34:25,PFVPKU,189/K-RL/2025,,Pemberian Kutipan Risalah Lelang,, Total,
19/03/2025 11:06:56,GMP2TX,,,Pemberian Kuitansi Pembayaran Harga Lelang,, Total,
19/03/2025 11:28:48,KBRWDN,190/K-RL/2025,,Pemberian Kutipan Risalah Lelang,, Total,
19/03/2025 11:32:42,HLRDNG,191/K-RL/2025,,Pemberian Kutipan Risalah Lelang,, Total,
19/03/2025 12:10:18,OPBXSX,192/K-RL/2025,,Pemberian Kutipan Risalah Lelang,, Total,
19/03/2025 12:54:37,OPBXSX,125/VPPH/2025,,Validasi PPh (1 bidang),, Total,
19/03/2025 13:22:02,BU2ZIL,,,Pemberian Kuitansi Pembayaran Harga Lelang,, Total,
19/03/2025 14:27:58,IQSDO0,126/VPPH/2025,,Validasi PPh (1 bidang),, Total,
19/03/2025 15:45:01,E6Q572,193/K-RL/2025,,Pemberian Kutipan Risalah Lelang,, Total,
19/03/2025 15:53:16,8EGZ1V,194/K-RL/2025,,Pemberian Kutipan Risalah Lelang,, Total,
19/03/2025 15:58:20,OXGC9X,195/K-RL/2025,,Pemberian Kutipan Risalah Lelang,, Total,
19/03/2025 16:02:52,SLXPZ7,196/K-RL/2025,,Pemberian Kutipan Risalah Lelang,, Total,
19/03/2025 21:55:54,SMKYRN,,,Pemberian Kuitansi Pembayaran Harga Lelang,, Total,
20/03/2025 9:50:26,FZRGXT,,,Pemberian Kuitansi Pembayaran Harga Lelang,, Total,
20/03/2025 9:53:50,TZDFL1,,,Pemberian Kuitansi Pembayaran Harga Lelang,, Total,
20/03/2025 9:59:27,XLFRH4,,,Pemberian Kuitansi Pembayaran Harga Lelang,, Total,
20/03/2025 10:05:55,HOLGTM,,,Pemberian Kuitansi Pembayaran Harga Lelang,, Total,
20/03/2025 10:10:27,NGV1C9,,,Pemberian Kuitansi Pembayaran Harga Lelang,, Total,
20/03/2025 10:13:24,JZ65T1,,,Pemberian Kuitansi Pembayaran Harga Lelang,, Total,
20/03/2025 10:15:24,7URLWG,,,Pemberian Kuitansi Pembayaran Harga Lelang,, Total,
20/03/2025 13:42:27,YA1D5D,,,Pemberian Kuitansi Pembayaran Harga Lelang,, Total,
20/03/2025 14:23:52,N7CNJR,197/K-RL/2025,,Pemberian Kutipan Risalah Lelang,, Total,
20/03/2025 15:48:53,BB3POR,198/K-RL/2025,,Pemberian Kutipan Risalah Lelang,, Total,
21/03/2025 9:09:57,KQGFAY,,,Pemberian Kuitansi Pembayaran Harga Lelang,, Total,
21/03/2025 9:21:58,N7CNJR,127/VPPH/2025,,Validasi PPh (1 bidang),, Total,
21/03/2025 9:28:27,CDWTRV,,,Pemberian Kuitansi Pembayaran Harga Lelang,, Total,
21/03/2025 10:23:42,ZEY6PE,,,Pemberian Kuitansi Pembayaran Harga Lelang,, Total,
21/03/2025 10:30:33,RS16WO,,,Pemberian Kuitansi Pembayaran Harga Lelang,, Total,
21/03/2025 10:38:17,YGSP5J,,,Pemberian Kuitansi Pembayaran Harga Lelang,, Total,
21/03/2025 11:23:45,HNDM1F,199/K-RL/2025,,Pemberian Kutipan Risalah Lelang,, Total,
21/03/2025 13:27:24,7URLWG,200/K-RL/2025,,Pemberian Kutipan Risalah Lelang,, Total,
21/03/2025 14:19:39,RS16WO,201/K-RL/2025,,Pemberian Kutipan Risalah Lelang,, Total,
21/03/2025 14:27:29,JZ65T1,202/K-RL/2025,,Pemberian Kutipan Risalah Lelang,, Total,
21/03/2025 15:05:30,AEWAEI,203/K-RL/2025,,Pemberian Kutipan Risalah Lelang,, Total,
21/03/2025 15:19:52,AEWAEI,128/VPPH/2025,,Validasi PPh (1 bidang),, Total,
21/03/2025 15:57:46,NL60IU,,,Pemberian Kuitansi Pembayaran Harga Lelang,, Total,
24/03/2025 8:46:47,ANER5R,,,Pemberian Kuitansi Pembayaran Harga Lelang,, Total,
24/03/2025 9:05:50,EDS465,,,Pemberian Kuitansi Pembayaran Harga Lelang,, Total,
24/03/2025 9:38:14,LPM5IV,129/VPPH/2025,,Validasi PPh (1 bidang),, Total,
24/03/2025 9:38:47,ERKIVH,,,Pemberian Kuitansi Pembayaran Harga Lelang,, Total,
24/03/2025 9:40:36,X5SYFQ,,,Pemberian Kuitansi Pembayaran Harga Lelang,, Total,
24/03/2025 9:50:21,LPM5IV,130/VPPH/2025,,Validasi PPh (1 bidang),, Total,
24/03/2025 11:22:56,WQ6DL,,,Pemberian Kuitansi Pembayaran Harga Lelang,, Total,
24/03/2025 11:40:20,VVQ6DL,204/K-RL/2025,,Pemberian Kutipan Risalah Lelang,, Total,
24/03/2025 11:56:55,WvKBNO,,,Pemberian Kuitansi Pembayaran Harga Lelang,, Total,
24/03/2025 12:20:10,WVKBNO,,,Pemberian Kuitansi Pembayaran Harga Lelang,, Total,
24/03/2025 12:26:34,WVKBNO,205/K-RL/2025,,Pemberian Kutipan Risalah Lelang,, Total,
24/03/2025 13:06:43,ADUPXY,,,Pemberian Kuitansi Pembayaran Harga Lelang,, Total,
24/03/2025 14:17:54,X5SYFQ,206/K-RL/2025,,Pemberian Kutipan Risalah Lelang,, Total,
24/03/2025 14:30:53,X5SYFQ,131/VPPH/2025,,Validasi PPh (1 bidang),, Total,
24/03/2025 14:39:46,JBIGUN,,,Pemberian Kuitansi Pembayaran Harga Lelang,, Total,
24/03/2025 17:21:16,JX4HD3,,,Pemberian Kuitansi Pembayaran Harga Lelang,, Total,
24/03/2025 22:01:18,SMKYRN,132/VPPH/2025,,Validasi PPh (1 bidang),, Total,
25/03/2025 8:47:33,Z8JJT3,,,Pemberian Kuitansi Pembayaran Harga Lelang,, Total,
25/03/2025 8:52:34,KYTLJD,,,Pemberian Kuitansi Pembayaran Harga Lelang,, Total,
25/03/2025 8:58:46,HWECLV,,,Pemberian Kuitansi Pembayaran Harga Lelang,, Total,
25/03/2025 9:03:14,QDVNFX,,,Pemberian Kuitansi Pembayaran Harga Lelang,, Total,
25/03/2025 9:07:07,DHLE1Z,,,Pemberian Kuitansi Pembayaran Harga Lelang,, Total,
25/03/2025 11:13:51,PRFVKW,207/K-RL/2025,,Pemberian Kutipan Risalah Lelang,, Total,
25/03/2025 11:20:11,YA1D5D,208/K-RL/2025,,Pemberian Kutipan Risalah Lelang,, Total,
25/03/2025 11:34:46,VTGEWD,209/K-RL/2025,,Pemberian Kutipan Risalah Lelang,, Total,
25/03/2025 11:59:45,MRLUPK,,,Pemberian Kuitansi Pembayaran Harga Lelang,, Total,
25/03/2025 13:58:02,DMZYTF,,,Pemberian Kuitansi Pembayaran Harga Lelang,, Total,
25/03/2025 15:43:44,VTGEWD,133/VPPH/2025,,Validasi PPh (1 bidang),, Total,
26/03/2025 7:26:25,KQGFAY,210/K-RL/2025,,Pemberian Kutipan Risalah Lelang,, Total,
26/03/2025 7:35:24,NL60IU,134/VPPH/2025,,Validasi PPh (1 bidang),, Total,
26/03/2025 8:37:34,KQGFAY,135/VPPH/2025,,Validasi PPh (1 bidang),, Total,
26/03/2025 10:04:05,EDS465,211/K-RL/2025,,Pemberian Kutipan Risalah Lelang,, Total,
26/03/2025 11:35:42,ZK6TMG,212/K-RL/2025,,Pemberian Kutipan Risalah Lelang,, Total,
26/03/2025 12:14:04,03VZIF,213/K-RL/2025,,Pemberian Kutipan Risalah Lelang,, Total,
26/03/2025 13:37:22,TZMECK,,,Pemberian Kuitansi Pembayaran Harga Lelang,, Total,
26/03/2025 14:05:32,YA1D5D,136/VPPH/2025,,Validasi PPh (1 bidang),, Total,
26/03/2025 14:22:43,PRFVKW,137/VPPH/2025,,Validasi PPh (1 bidang),, Total,
26/03/2025 14:59:51,3DCLXL,214/K-RL/2025,,Pemberian Kutipan Risalah Lelang,, Total,
26/03/2025 15:20:39,YXHQ1F,215/K-RL/2025,,Pemberian Kutipan Risalah Lelang,, Total,
26/03/2025 16:36:29,YA1D5D,138/VPPH/2025,,Validasi PPh (1 bidang),, Total,
27/03/2025 9:07:39,PRFVKW,139/VPPH/2025,,Validasi PPh (1 bidang),, Total,
27/03/2025 9:17:42,PRFVKW,140/VPPH/2025,,Validasi PPh (1 bidang),, Total,
27/03/2025 9:22:44,VHROS0,,,Pemberian Kuitansi Pembayaran Harga Lelang,, Total,
27/03/2025 9:24:49,VHROS0,216/K-RL/2025,,Pemberian Kutipan Risalah Lelang,, Total,
27/03/2025 9:26:36,ZSNVYA,,,Pemberian Kuitansi Pembayaran Harga Lelang,, Total,
27/03/2025 9:29:22,ZSNVYA,217/K-RL/2025,,Pemberian Kutipan Risalah Lelang,, Total,
27/03/2025 9:30:40,0EMEFY,,,Pemberian Kuitansi Pembayaran Harga Lelang,, Total,
27/03/2025 9:31:50,0EMEFY,218/K-RL/2025,,Pemberian Kutipan Risalah Lelang,, Total,
27/03/2025 12:32:00,XSHELZ,,,Pemberian Kuitansi Pembayaran Harga Lelang,, Total,
27/03/2025 12:41:42,YP9HBI,,,Pemberian Kuitansi Pembayaran Harga Lelang,, Total,
27/03/2025 12:53:14,XSHELZ,219/K-RL/2025,,Pemberian Kutipan Risalah Lelang,, Total,
27/03/2025 12:58:31,YP9HBI,220/K-RL/2025,,Pemberian Kutipan Risalah Lelang,, Total,
27/03/2025 13:45:23,ERKIVH,221/K-RL/2025,,Pemberian Kutipan Risalah Lelang,, Total,
07/04/2025 8:49:52,Acgrp9,,,Pemberian Kuitansi Pembayaran Harga Lelang,, Total,
07/04/2025 8:55:58,Acgrp9,222/K-RL/2025,,Pemberian Kutipan Risalah Lelang,, Total,
08/04/2025 7:55:51,JX4HD3,223/K-RL/2025,,Pemberian Kutipan Risalah Lelang,, Total,
08/04/2025 11:56:22,NL60IU,224/K-RL/2025,,Pemberian Kutipan Risalah Lelang,, Total,
08/04/2025 14:43:05,U3E4RA,,,Pemberian Kuitansi Pembayaran Harga Lelang,, Total,
08/04/2025 14:52:05,U3E4RA,225/K-RL/2025,,Pemberian Kutipan Risalah Lelang,, Total,
09/04/2025 10:41:02,DMZYTF,226/K-RL/2025,,Pemberian Kutipan Risalah Lelang,, Total,
09/04/2025 16:59:46,HHVNOF,,,Pemberian Kuitansi Pembayaran Harga Lelang,, Total,
09/04/2025 19:35:06,S0KVLE,,,Pemberian Kuitansi Pembayaran Harga Lelang,, Total,
10/04/2025 9:22:48,YXHQ1F,141/VPPH/2025,,Validasi PPh (1 bidang),, Total,
10/04/2025 13:51:19,WVHPWD,227/K-RL/2025,,Pemberian Kutipan Risalah Lelang,, Total,
10/04/2025 14:17:04,7URLWG,142/VPPH/2025,,Validasi PPh (1 bidang),, Total,
10/04/2025 16:27:04,CFGVEF,,,Pemberian Kuitansi Pembayaran Harga Lelang,, Total,
11/04/2025 9:25:52,GD3JK6,,,Pemberian Kuitansi Pembayaran Harga Lelang,, Total,
11/04/2025 9:41:18,YGFVZN,228/K-RL/2025,,Pemberian Kutipan Risalah Lelang,, Total,
11/04/2025 15:33:08,HNDM1F,143/VPPH/2025,,Validasi PPh (1 bidang),, Total,
11/04/2025 16:08:20,TLBYNR,229/K-RL/2025,,Pemberian Kutipan Risalah Lelang,, Total,
12/04/2025 9:06:15,3DCLXL,144/VPPH/2025,,Validasi PPh (1 bidang),, Total,
14/04/2025 13:59:58,SXJBP0,,,Pemberian Kuitansi Pembayaran Harga Lelang,, Total,
14/04/2025 15:06:32,3ITZRW,,,Pemberian Kuitansi Pembayaran Harga Lelang,, Total,
15/04/2025 10:12:49,ERKIVH,145/VPPH/2025,,Validasi PPh (1 bidang),, Total,
15/04/2025 11:33:26,LI5G1S,230/K-RL/2025,,Pemberian Kutipan Risalah Lelang,, Total,
15/04/2025 11:57:06,LI5G1S,146/VPPH/2025,,Validasi PPh (1 bidang),, Total,
15/04/2025 13:11:24,YA1D5D,147/VPPH/2025,,Validasi PPh (1 bidang),, Total,
15/04/2025 15:07:13,LI5G1S,148/VPPH/2025,,Validasi PPh (1 bidang),, Total,
15/04/2025 20:36:46,SMKYRN,231/K-RL/2025,,Pemberian Kutipan Risalah Lelang,, Total,
16/04/2025 8:48:37,6NW5UR,,,Pemberian Kuitansi Pembayaran Harga Lelang,, Total,
16/04/2025 9:22:51,WCL7KN,,,Pemberian Kuitansi Pembayaran Harga Lelang,, Total,
16/04/2025 11:47:44,QF41PI,232/K-RL/2025,,Pemberian Kutipan Risalah Lelang,, Total,
16/04/2025 11:54:49,O0ABZX,233/K-RL/2025,,Pemberian Kutipan Risalah Lelang,, Total,
16/04/2025 13:10:54,CFGVEF,234/K-RL/2025,,Pemberian Kutipan Risalah Lelang,, Total,
16/04/2025 13:52:35,CFGVEF,149/VPPH/2025,,Validasi PPh (1 bidang),, Total,
16/04/2025 14:35:43,TZMECK,235/K-RL/2025,,Pemberian Kutipan Risalah Lelang,, Total,
16/04/2025 14:54:11,LUUQG9,,,Pemberian Kuitansi Pembayaran Harga Lelang,, Total,
17/04/2025 10:20:08,UPEIG1,,,Pemberian Kuitansi Pembayaran Harga Lelang,, Total,
17/04/2025 11:41:44,LUUQG9,150/VPPH/2025,,Validasi PPh (1 bidang),, Total,
17/04/2025 13:09:38,EASQL4,236/K-RL/2025,,Pemberian Kutipan Risalah Lelang,, Total,
17/04/2025 16:01:55,SXJBP0,151/VPPH/2025,,Validasi PPh (1 bidang),, Total,
17/04/2025 19:22:40,TZMECK,152/VPPH/2025,,Validasi PPh (1 bidang),, Total,
17/04/2025 21:31:30,LUUQG9,153/VPPH/2025,,Validasi PPh (1 bidang),, Total,
21/04/2025 10:25:43,MRLUPK,237/K-RL/2025,,Pemberian Kutipan Risalah Lelang,, Total,
21/04/2025 12:06:41,YACTUQ,,,Pemberian Kuitansi Pembayaran Harga Lelang,, Total,
21/04/2025 12:22:37,TZMECK,154/VPPH/2025,,Validasi PPh (1 bidang),, Total,
21/04/2025 12:33:36,TZMECK,155/VPPH/2025,,Validasi PPh (1 bidang),, Total,
21/04/2025 12:42:50,TZMECK,156/VPPH/2025,,Validasi PPh (1 bidang),, Total,
21/04/2025 12:52:08,TZMECK,157/VPPH/2025,,Validasi PPh (1 bidang),, Total,
21/04/2025 13:01:41,TZMECK,158/VPPH/2025,,Validasi PPh (1 bidang),, Total,
21/04/2025 13:28:45,LRNFOG,,,Pemberian Kuitansi Pembayaran Harga Lelang,, Total,
21/04/2025 14:57:56,N2UKDF,,,Pemberian Kuitansi Pembayaran Harga Lelang,, Total,
21/04/2025 15:39:48,ZTPEPB,,,Pemberian Kuitansi Pembayaran Harga Lelang,, Total,
22/04/2025 9:43:38,MHLQAN,,,Pemberian Kuitansi Pembayaran Harga Lelang,, Total,
22/04/2025 11:45:45,P6EMSW,,,Pemberian Kuitansi Pembayaran Harga Lelang,, Total,
22/04/2025 11:57:17,P6EMSW,238/K-RL/2025,,Pemberian Kutipan Risalah Lelang,, Total,
22/04/2025 12:31:48,TLBYNR,159/VPPH/2025,,Validasi PPh (1 bidang),, Total,
22/04/2025 14:35:23,LRNFOG,160/VPPH/2025,,Validasi PPh (1 bidang),, Total,
23/04/2025 10:14:55,MRLUPK,239/K-RL/2025,,Pemberian Kutipan Risalah Lelang,, Total,
23/04/2025 10:42:41,141205,240/K-RL/2025,,Pemberian Kutipan Risalah Lelang,, Total,
23/04/2025 10:49:05,142205,241/K-RL/2025,,Pemberian Kutipan Risalah Lelang,, Total,
23/04/2025 11:35:32,SOJTCY,242/K-RL/2025,,Pemberian Kutipan Risalah Lelang,, Total,
23/04/2025 14:29:45,MRLUPK,161/VPPH/2025,,Validasi PPh (1 bidang),, Total,
23/04/2025 14:56:47,MHLQAN,243/K-RL/2025,,Pemberian Kutipan Risalah Lelang,, Total,
23/04/2025 15:10:40,000000,162/VPPH/2025,,Validasi PPh (1 bidang),, Total,
23/04/2025 15:13:13,MHLQAN,163/VPPH/2025,,Validasi PPh (1 bidang),, Total,
23/04/2025 15:25:42,3RCQHU,164/VPPH/2025,,Validasi PPh (1 bidang),, Total,
24/04/2025 10:03:35,JBODO5,,,Pemberian Kuitansi Pembayaran Harga Lelang,, Total,
24/04/2025 10:07:27,2JOL4D,244/K-RL/2025,,Pemberian Kutipan Risalah Lelang,, Total,
24/04/2025 10:13:55,OV9GPJ,245/K-RL/2025,,Pemberian Kutipan Risalah Lelang,, Total,
24/04/2025 10:19:25,HWE4EU,246/K-RL/2025,,Pemberian Kutipan Risalah Lelang,, Total,
24/04/2025 10:19:27,Kogefn,247/K-RL/2025,,Pemberian Kutipan Risalah Lelang,, Total,
24/04/2025 10:22:20,QE40RK,248/K-RL/2025,,Pemberian Kutipan Risalah Lelang,, Total,
24/04/2025 10:24:51,LXDVA0,249/K-RL/2025,,Pemberian Kutipan Risalah Lelang,, Total,
24/04/2025 11:24:08,PJLTXL,250/K-RL/2025,,Pemberian Kutipan Risalah Lelang,, Total,
24/04/2025 12:49:41,GD3JK6,251/K-RL/2025,,Pemberian Kutipan Risalah Lelang,, Total,
24/04/2025 13:58:27,BU2ZlL,252/K-RL/2025,,Pemberian Kutipan Risalah Lelang,, Total,
24/04/2025 14:03:57,QE40RK,165/VPPH/2025,,Validasi PPh (1 bidang),, Total,
24/04/2025 14:06:27,2JOL4D,166/VPPH/2025,,Validasi PPh (1 bidang),, Total,
24/04/2025 14:11:17,KOGEFN,167/VPPH/2025,,Validasi PPh (1 bidang),, Total,
24/04/2025 14:15:31,HWE4EU,168/VPPH/2025,,Validasi PPh (1 bidang),, Total,
24/04/2025 14:24:12,OV9GPJ,169/VPPH/2025,,Validasi PPh (1 bidang),, Total,
24/04/2025 14:32:21,LXDVA0,170/VPPH/2025,,Validasi PPh (1 bidang),, Total,
24/04/2025 14:48:16,BU2ZlL,171/VPPH/2025,,Validasi PPh (1 bidang),, Total,
24/04/2025 14:59:49,PJLTXL,172/VPPH/2025,,Validasi PPh (1 bidang),, Total,
24/04/2025 15:06:40,BU2ZlL,173/VPPH/2025,,Validasi PPh (1 bidang),, Total,
24/04/2025 15:16:02,BRRNTA,,,Pemberian Kuitansi Pembayaran Harga Lelang,, Total,
24/04/2025 16:29:27,R8JUSY,,,Pemberian Kuitansi Pembayaran Harga Lelang,, Total,
25/04/2025 9:43:08,LRNFOG,253/K-RL/2025,,Pemberian Kutipan Risalah Lelang,, Total,
25/04/2025 10:19:40,LRNFOG,174/VPPH/2025,,Validasi PPh (1 bidang),, Total,
25/04/2025 13:17:40,QF41PI,175/VPPH/2025,,Validasi PPh (1 bidang),, Total,
25/04/2025 13:27:00,O0ABZX,176/VPPH/2025,,Validasi PPh (1 bidang),, Total,
25/04/2025 13:43:01,0GJCBN,254/K-RL/2025,,Pemberian Kutipan Risalah Lelang,, Total,
25/04/2025 14:14:09,0GJCBN,177/VPPH/2025,,Validasi PPh (1 bidang),, Total,
25/04/2025 14:17:04,LUUQG9,255/K-RL/2025,,Pemberian Kutipan Risalah Lelang,, Total,
25/04/2025 15:44:45,YSJMJF,256/K-RL/2025,,Pemberian Kutipan Risalah Lelang,, Total,
25/04/2025 19:05:36,UPEIG1,257/K-RL/2025,,Pemberian Kutipan Risalah Lelang,, Total,
25/04/2025 19:35:37,UPEIG1,178/VPPH/2025,,Validasi PPh (1 bidang),, Total,
26/04/2025 12:04:38,ZDBCLM,,,Pemberian Kuitansi Pembayaran Harga Lelang,, Total,
28/04/2025 9:49:42,9JZZWK,179/VPPH/2025,,Validasi PPh (1 bidang),, Total,
28/04/2025 10:14:30,VJBCAD,,,Pemberian Kuitansi Pembayaran Harga Lelang,, Total,
28/04/2025 10:20:36,DMZYTF,180/VPPH/2025,,Validasi PPh (1 bidang),, Total,
28/04/2025 10:21:14,ETWHQD,,,Pemberian Kuitansi Pembayaran Harga Lelang,, Total,
28/04/2025 12:02:16,JBIGUN,258/K-RL/2025,,Pemberian Kutipan Risalah Lelang,, Total,
28/04/2025 13:32:31,NDNJXR,,,Pemberian Kuitansi Pembayaran Harga Lelang,, Total,
28/04/2025 14:04:36,YGSP5J,259/K-RL/2025,,Pemberian Kutipan Risalah Lelang,, Total,
28/04/2025 14:40:42,YGSP5J,181/VPPH/2025,,Validasi PPh (1 bidang),, Total,
28/04/2025 15:01:02,LGXT0Y,,,Pemberian Kuitansi Pembayaran Harga Lelang,, Total,
28/04/2025 19:37:50,NRQB4I,260/K-RL/2025,,Pemberian Kutipan Risalah Lelang,, Total,
29/04/2025 9:43:59,ANER5R,261/K-RL/2025,,Pemberian Kutipan Risalah Lelang,, Total,
29/04/2025 10:06:31,ANER5R,182/VPPH/2025,,Validasi PPh (1 bidang),, Total,
29/04/2025 10:57:54,ST6DCJ,,,Pemberian Kuitansi Pembayaran Harga Lelang,, Total,
29/04/2025 10:59:17,DKTM88,183/VPPH/2025,,Validasi PPh (1 bidang),, Total,
29/04/2025 11:18:12,7G6KFJ,,,Pemberian Kuitansi Pembayaran Harga Lelang,, Total,
30/04/2025 10:48:43,IOXICW,,,Pemberian Kuitansi Pembayaran Harga Lelang,, Total,
30/04/2025 11:26:39,WUJK7J,184/VPPH/2025,,Validasi PPh (1 bidang),, Total,
30/04/2025 14:05:04,7G6KFJ,262/K-RL/2025,,Pemberian Kutipan Risalah Lelang,, Total,
30/04/2025 14:31:14,7G6KFJ,185/VPPH/2025,,Validasi PPh (1 bidang),, Total,
02/05/2025 7:59:04,YMBSFJ,,,Pemberian Kuitansi Pembayaran Harga Lelang,, Total,
02/05/2025 8:14:20,ZDBCLM,263/K-RL/2025,,Pemberian Kutipan Risalah Lelang,, Total,
02/05/2025 8:31:51,ZDBCLM,186/VPPH/2025,,Validasi PPh (1 bidang),, Total,
02/05/2025 8:38:15,F7LHXJ,,,Pemberian Kuitansi Pembayaran Harga Lelang,, Total,
02/05/2025 9:33:47,SYJMN,,,Pemberian Kuitansi Pembayaran Harga Lelang,, Total,
02/05/2025 9:50:56,PBEU7W,,,Pemberian Kuitansi Pembayaran Harga Lelang,, Total,
02/05/2025 10:04:31,SYJMN8,,,Pemberian Kuitansi Pembayaran Harga Lelang,, Total,
02/05/2025 10:05:10,NRQB41,187/VPPH/2025,,Validasi PPh (1 bidang),, Total,
02/05/2025 10:21:17,XEGLSS,,,Pemberian Kuitansi Pembayaran Harga Lelang,, Total,
02/05/2025 10:23:14,YACTUQ,264/K-RL/2025,,Pemberian Kutipan Risalah Lelang,, Total,
02/05/2025 11:07:25,N2UKDF,265/K-RL/2025,,Pemberian Kutipan Risalah Lelang,, Total,
02/05/2025 11:11:24,PBEU7W,266/K-RL/2025,,Pemberian Kutipan Risalah Lelang,, Total,
02/05/2025 11:36:50,N2UKDF,188/VPPH/2025,,Validasi PPh (1 bidang),, Total,
02/05/2025 11:48:32,EASQL4,,,Validasi PPh (1 bidang),, Total,
02/05/2025 12:57:58,A9LE1N,267/K-RL/2025,,Pemberian Kutipan Risalah Lelang,, Total,
02/05/2025 14:03:43,YACTUQ,,,Validasi PPh (1 bidang),, Total,
02/05/2025 14:36:13,2F7A3E,,,Pemberian Kuitansi Pembayaran Harga Lelang,, Total,
02/05/2025 14:49:13,A9LE1N,,,Validasi PPh (1 bidang),, Total,
02/05/2025 15:36:58,SVLW3J,268/K-RL/2025,,Pemberian Kutipan Risalah Lelang,, Total,
02/05/2025 16:30:00,IOXICW,,,Validasi PPh (1 bidang),, Total,
02/05/2025 16:44:25,9ODWKO,,,Pemberian Kuitansi Pembayaran Harga Lelang,, Total,
02/05/2025 18:37:00,ETWHQD,269/K-RL/2025,,Pemberian Kutipan Risalah Lelang,, Total,
02/05/2025 18:57:26,ETWHQD,,,Validasi PPh (1 bidang),, Total,
02/05/2025 19:43:53,SHWC5X,270/K-RL/2025,,Pemberian Kutipan Risalah Lelang,, Total,
03/05/2025 10:01:42,2N08ZH,,,Pemberian Kuitansi Pembayaran Harga Lelang,, Total,
04/05/2025 19:28:27,4C0EG2,,,Validasi PPh (1 bidang),, Total,
04/05/2025 20:25:23,TI68HS,,,Pemberian Kuitansi Pembayaran Harga Lelang,, Total,
04/05/2025 21:44:07,Ti68HS,,,Pemberian Kuitansi Pembayaran Harga Lelang,, Total,
05/05/2025 8:55:54,LU3F06,,,Pemberian Kuitansi Pembayaran Harga Lelang,, Total,
05/05/2025 12:07:01,XGJOZ7,,,Pemberian Kuitansi Pembayaran Harga Lelang,, Total,
05/05/2025 12:11:18,7G6KFJ,,,Pemberian Kuitansi Pembayaran Harga Lelang,, Total,
05/05/2025 12:36:10,7G6KFJ,271/K-RL/2025,,Pemberian Kutipan Risalah Lelang,, Total,
05/05/2025 14:19:35,ORKTJB,,,Pemberian Kuitansi Pembayaran Harga Lelang,, Total,
05/05/2025 14:35:23,ANER5R,272/K-RL/2025,,Pemberian Kutipan Risalah Lelang,, Total,
05/05/2025 15:32:46,8DHLQM,,,Pemberian Kuitansi Pembayaran Harga Lelang,, Total,
05/05/2025 15:39:50,8DHLQM,,,Pemberian Kuitansi Pembayaran Harga Lelang,, Total,
05/05/2025 15:48:56,5CEKBL,,,Validasi PPh (1 bidang),, Total,
05/05/2025 15:49:08,FVF8OR,,,Pemberian Kuitansi Pembayaran Harga Lelang,, Total,
05/05/2025 15:54:03,EVIEJA,,,Pemberian Kuitansi Pembayaran Harga Lelang,, Total,
05/05/2025 15:59:53,0DIPRS,,,Pemberian Kuitansi Pembayaran Harga Lelang,, Total,
05/05/2025 21:11:28,4C0EG2,,,Validasi PPh (1 bidang),, Total,
05/05/2025 21:29:06,4C0EG2,,,Validasi PPh (1 bidang),, Total,
05/05/2025 21:41:54,4C0EG2,,,Validasi PPh (1 bidang),, Total,
05/05/2025 22:02:35,4C0EG2,,,Validasi PPh (1 bidang),, Total,
05/05/2025 22:17:30,4C0EG2,,,Validasi PPh (1 bidang),, Total,
05/05/2025 22:35:59,4C0EG2,,,Validasi PPh (1 bidang),, Total,
05/05/2025 22:45:57,4C0EG2,,,Validasi PPh (1 bidang),, Total,
05/05/2025 22:56:32,4C0EG2,,,Validasi PPh (1 bidang),, Total,
05/05/2025 23:10:18,4C0EG2,,,Validasi PPh (1 bidang),, Total,
06/05/2025 9:53:42,RQKABO,,,Pemberian Kuitansi Pembayaran Harga Lelang,, Total,
06/05/2025 9:55:35,NDNJXR,,,Pemberian Kuitansi Pembayaran Harga Lelang,, Total,
06/05/2025 13:12:37,LGXT0Y,273/K-RL/2025,,Pemberian Kutipan Risalah Lelang,, Total,
06/05/2025 13:29:26,LGXT0Y,,,Validasi PPh (1 bidang),, Total,
06/05/2025 14:43:59,7PNRHX,,,Pemberian Kuitansi Pembayaran Harga Lelang,, Total,
06/05/2025 18:03:40,EENQKF,,,Validasi PPh (1 bidang),, Total,
06/05/2025 18:30:32,FZNFKP,,,Validasi PPh (1 bidang),, Total,
07/05/2025 9:52:55,NDFGJB,274/K-RL/2025,,Pemberian Kutipan Risalah Lelang,, Total,
07/05/2025 9:56:32,DTVYRB,275/K-RL/2025,,Pemberian Kutipan Risalah Lelang,, Total,
07/05/2025 9:59:25,ZNJTQH,276/K-RL/2025,,Pemberian Kutipan Risalah Lelang,, Total,
07/05/2025 10:02:06,VTCEYR,277/K-RL/2025,,Pemberian Kutipan Risalah Lelang,, Total,
07/05/2025 10:41:07,NDFGJB,,,Validasi PPh (1 bidang),, Total,
07/05/2025 10:46:01,DTVYRB,,,Validasi PPh (1 bidang),, Total,
07/05/2025 10:51:23,ZNJTQH,,,Validasi PPh (1 bidang),, Total,
07/05/2025 10:55:28,VTCEYR,,,Validasi PPh (1 bidang),, Total,
07/05/2025 10:59:52,SGP4GA,278/K-RL/2025,,Pemberian Kutipan Risalah Lelang,, Total,
07/05/2025 11:07:51,RQKABO,279/K-RL/2025,,Pemberian Kutipan Risalah Lelang,, Total,
07/05/2025 11:31:24,SGP4GA,,,Pemberian Kuitansi Pembayaran Harga Lelang,, Total,
07/05/2025 11:42:44,XGJZO7,280/K-RL/2025,,Pemberian Kutipan Risalah Lelang,, Total,
07/05/2025 12:51:30,S0JTCY,,,Validasi PPh (1 bidang),, Total,
07/05/2025 15:57:54,PL4S2B,,,Pemberian Kuitansi Pembayaran Harga Lelang,, Total,
07/05/2025 18:51:05,4C0EG2,,,Validasi PPh (1 bidang),, Total,
07/05/2025 20:34:31,XGJOZ7,,,Validasi PPh (1 bidang),, Total,
07/05/2025 20:44:53,XGJOZ7,,,Pemberian Kuitansi Pembayaran Harga Lelang,, Total,
08/05/2025 9:31:08,CEV5G7,,,Pemberian Kuitansi Pembayaran Harga Lelang,, Total,
08/05/2025 9:42:01,SZQL2O,281/K-RL/2025,,Pemberian Kutipan Risalah Lelang,, Total,
08/05/2025 10:20:23,UWNBZD,282/K-RL/2025,,Pemberian Kutipan Risalah Lelang,, Total,
08/05/2025 10:33:15,UWNBZD,,,Validasi PPh (1 bidang),, Total,
08/05/2025 14:31:22,CXPQZ5,,,Pemberian Kuitansi Pembayaran Harga Lelang,, Total,
08/05/2025 16:26:07,7G6KFJ,,,Validasi PPh (1 bidang),, Total,
08/05/2025 17:02:50,249,283/K-RL/2025,,Pemberian Kutipan Risalah Lelang,, Total,
09/05/2025 8:38:27,SGP4GA,284/K-RL/2025,,Pemberian Kutipan Risalah Lelang,, Total,
09/05/2025 10:43:22,RQKABO,,,Validasi PPh (1 bidang),, Total,
09/05/2025 15:13:45,169520,,,Validasi PPh (1 bidang),, Total,
12/05/2025 9:34:25,K0SIJU,285/K-RL/2025,,Pemberian Kutipan Risalah Lelang,, Total,
12/05/2025 9:53:04,K0SIJU,,,Validasi PPh (1 bidang),, Total,
13/05/2025 15:33:37,2137,,,Pemberian Kuitansi Pembayaran Harga Lelang,, Total,
13/05/2025 16:05:48,2257,,,Pemberian Kuitansi Pembayaran Harga Lelang,, Total,
14/05/2025 9:10:31,CXPQZ5,286/K-RL/2025,,Pemberian Kutipan Risalah Lelang,, Total,
14/05/2025 9:35:48,EUNX9W,,,Pemberian Kuitansi Pembayaran Harga Lelang,, Total,
14/05/2025 9:36:23,CXPQZ5,,,Validasi PPh (1 bidang),, Total,
14/05/2025 9:53:20,DJZHWC,,,Pemberian Kuitansi Pembayaran Harga Lelang,, Total,
14/05/2025 16:35:11,2257,,,Pemberian Kuitansi Pembayaran Harga Lelang,, Total,
15/05/2025 8:41:50,avzwoc,,,Validasi PPh (1 bidang),, Total,
15/05/2025 9:26:40,43YOGA,,,Validasi PPh (1 bidang),, Total,
15/05/2025 15:26:50,IOXICW,287/K-RL/2025,,Pemberian Kutipan Risalah Lelang,, Total,
15/05/2025 17:02:59,425782,,,Validasi PPh (1 bidang),, Total,
16/05/2025 8:23:32,SHWC5X,,,Validasi PPh (1 bidang),, Total,
16/05/2025 9:37:56,IJSJD1,,,Pemberian Kuitansi Pembayaran Harga Lelang,, Total,
16/05/2025 11:16:54,JBODO5,288/K-RL/2025,,Pemberian Kutipan Risalah Lelang,, Total,
16/05/2025 11:24:39,IJSJD1,289/K-RL/2025,,Pemberian Kutipan Risalah Lelang,, Total,
16/05/2025 11:33:53,JB0D05,,,Validasi PPh (1 bidang),, Total,
16/05/2025 11:54:51,EYOYEM,,,Pemberian Kuitansi Pembayaran Harga Lelang,, Total,
16/05/2025 12:52:31,BIN2MU,,,Pemberian Kuitansi Pembayaran Harga Lelang,, Total,
16/05/2025 13:16:58,EUNX9W,290/K-RL/2025,,Pemberian Kutipan Risalah Lelang,, Total,
16/05/2025 14:19:37,PMX8ZB,,,Pemberian Kuitansi Pembayaran Harga Lelang,, Total,
16/05/2025 14:32:54,LYMHJI,291/K-RL/2025,,Pemberian Kutipan Risalah Lelang,, Total,
16/05/2025 15:21:10,EUNX9W,,,Validasi PPh (1 bidang),, Total,
16/05/2025 17:39:31,SGP4GA,292/K-RL/2025,,Pemberian Kutipan Risalah Lelang,, Total,
18/05/2025 20:37:58,PL4S2B,293/K-RL/2025,,Pemberian Kutipan Risalah Lelang,, Total,
19/05/2025 8:46:28,MAC2CZ,,,Pemberian Kuitansi Pembayaran Harga Lelang,, Total,
19/05/2025 10:36:13,WBJGIG,,,Pemberian Kuitansi Pembayaran Harga Lelang,, Total,
19/05/2025 10:37:17,J6BZA3,,,Pemberian Kuitansi Pembayaran Harga Lelang,, Total,
19/05/2025 10:43:15,LBBYE5,,,Pemberian Kuitansi Pembayaran Harga Lelang,, Total,
19/05/2025 11:59:46,SXJBP0,294/K-RL/2025,,Pemberian Kutipan Risalah Lelang,, Total,
19/05/2025 14:07:37,3ITZRW,295/K-RL/2025,,Pemberian Kutipan Risalah Lelang,, Total,
19/05/2025 14:33:48,3ITZRW,,,Validasi PPh (1 bidang),, Total,
20/05/2025 6:52:41,7PNRHX,296/K-RL/2025,,Pemberian Kutipan Risalah Lelang,, Total,
20/05/2025 10:31:55,32H4KI,297/K-RL/2025,,Pemberian Kutipan Risalah Lelang,, Total,
20/05/2025 10:45:50,HNHPMD,,,Pemberian Kuitansi Pembayaran Harga Lelang,, Total,
20/05/2025 12:07:39,12J3KH,,,Pemberian Kuitansi Pembayaran Harga Lelang,, Total,
20/05/2025 14:31:12,DWLZQD,,,Validasi PPh (1 bidang),, Total,
21/05/2025 12:08:18,BS03TW,298/K-RL/2025,,Pemberian Kutipan Risalah Lelang,, Total,
21/05/2025 12:12:27,W6T1AO,,,Pemberian Kuitansi Pembayaran Harga Lelang,, Total,
21/05/2025 13:57:57,12J3KH,299/K-RL/2025,,Pemberian Kutipan Risalah Lelang,, Total,
21/05/2025 14:41:10,JB0D05,,,Validasi PPh (1 bidang),, Total,
21/05/2025 14:50:57,SYJMN8,300/K-RL/2025,,Pemberian Kutipan Risalah Lelang,, Total,
21/05/2025 18:23:00,BS03TW,301/K-RL/2025,,Pemberian Kutipan Risalah Lelang,, Total,
21/05/2025 20:42:37,FAGCMO,,,Pemberian Kuitansi Pembayaran Harga Lelang,, Total,
22/05/2025 9:58:01,CFAQJ1,,,Pemberian Kuitansi Pembayaran Harga Lelang,, Total,
22/05/2025 11:02:54,S0KVLE,302/K-RL/2025,,Pemberian Kutipan Risalah Lelang,, Total,
22/05/2025 11:49:26,0NW4UP,,,Validasi PPh (1 bidang),, Total,
22/05/2025 12:10:03,S0KVLE,,,Validasi PPh (1 bidang),, Total,
22/05/2025 13:11:07,2FSWM6,,,Pemberian Kuitansi Pembayaran Harga Lelang,, Total,
22/05/2025 13:12:34,HX9VIT,,,Pemberian Kuitansi Pembayaran Harga Lelang,, Total,
22/05/2025 14:50:16,JQUMXH,303/K-RL/2025,,Pemberian Kutipan Risalah Lelang,, Total,
22/05/2025 14:56:19,4VGD8R,304/K-RL/2025,,Pemberian Kutipan Risalah Lelang,, Total,
22/05/2025 15:49:47,PM1V0N,,,Pemberian Kuitansi Pembayaran Harga Lelang,, Total,
22/05/2025 16:59:00,ST6DCJ,305/K-RL/2025,,Pemberian Kutipan Risalah Lelang,, Total,
22/05/2025 17:48:02,JBIGUN,,,Validasi PPh (1 bidang),, Total,
23/05/2025 8:30:42,GD3JK6,,,Validasi PPh (1 bidang),, Total,
23/05/2025 9:59:50,TI68HS,306/K-RL/2025,,Pemberian Kutipan Risalah Lelang,, Total,
23/05/2025 11:38:15,BS03TW,,,Validasi PPh (1 bidang),, Total,
23/05/2025 11:40:02,UWQFSK,,,Pemberian Kuitansi Pembayaran Harga Lelang,, Total,
23/05/2025 15:12:18,C6GN8M,,,Pemberian Kuitansi Pembayaran Harga Lelang,, Total,
23/05/2025 15:40:39,YXHCAD,,,Pemberian Kuitansi Pembayaran Harga Lelang,, Total,
25/05/2025 17:55:40,TI68HS,,,Validasi PPh (1 bidang),, Total,
26/05/2025 13:04:06,FAGCMO,307/K-RL/2025,,Pemberian Kutipan Risalah Lelang,, Total,
26/05/2025 17:42:06,JQUMXH,,,Validasi PPh (1 bidang),, Total,
26/05/2025 17:58:28,4VGD8R,,,Validasi PPh (1 bidang),, Total,
27/05/2025 11:18:04,TWONKA,,,Pemberian Kuitansi Pembayaran Harga Lelang,, Total,
27/05/2025 11:20:54,TWONKA,308/K-RL/2025,,Pemberian Kutipan Risalah Lelang,, Total,
27/05/2025 13:17:22,SYJMN8,,,Validasi PPh (1 bidang),, Total,
27/05/2025 14:04:01,ST6DCJ,,,Validasi PPh (1 bidang),, Total,
27/05/2025 15:34:18,CIHDRN,,,Pemberian Kuitansi Pembayaran Harga Lelang,, Total,
27/05/2025 16:51:48,BIN2MU,309/K-RL/2025,,Pemberian Kutipan Risalah Lelang,, Total,
27/05/2025 17:06:46,BIN2MU,310/K-RL/2025,,Pemberian Kutipan Risalah Lelang,, Total,
27/05/2025 17:09:02,NIXHLQ,,,Pemberian Kuitansi Pembayaran Harga Lelang,, Total,
27/05/2025 17:19:47,NIXHLQ,311/K-RL/2025,,Pemberian Kutipan Risalah Lelang,, Total,
27/05/2025 17:39:35,XEGLSS,312/K-RL/2025,,Pemberian Kutipan Risalah Lelang,, Total,
27/05/2025 17:47:42,XEGLSS,,,Validasi PPh (1 bidang),, Total,
27/05/2025 21:49:40,BIN2MU,,,Validasi PPh (1 bidang),, Total,
28/05/2025 7:53:33,SYJMN8,,,Validasi PPh (1 bidang),, Total,
28/05/2025 8:28:53,GOZ3VZ,,,Pemberian Kuitansi Pembayaran Harga Lelang,, Total,
28/05/2025 11:51:16,OK3XJS,313/K-RL/2025,,Pemberian Kutipan Risalah Lelang,, Total,
28/05/2025 13:58:00,2FSWM6,314/K-RL/2025,,Pemberian Kutipan Risalah Lelang,, Total,
02/06/2025 9:42:47,ABMMVY,315/K-RL/2025,,Pemberian Kutipan Risalah Lelang,, Total,
02/06/2025 15:02:03,CIHDRN,316/K-RL/2025,,Pemberian Kutipan Risalah Lelang,, Total,
02/06/2025 16:15:25,CIHDRN,,,Validasi PPh (1 bidang),, Total,
03/06/2025 8:24:44,LU3F06,317/K-RL/2025,,Pemberian Kutipan Risalah Lelang,, Total,
03/06/2025 8:36:03,LU3F06,,,Validasi PPh (1 bidang),, Total,
03/06/2025 9:44:32,R8JUSY,318/K-RL/2025,,Pemberian Kutipan Risalah Lelang,, Total,
03/06/2025 10:10:41,DJZHWC,319/K-RL/2025,,Pemberian Kutipan Risalah Lelang,, Total,
03/06/2025 10:24:48,R8JUSY,,,Validasi PPh (1 bidang),, Total,
03/06/2025 10:38:56,DJZHWC,,,Validasi PPh (1 bidang),, Total,
03/06/2025 11:27:52,D6HI9W,320/K-RL/2025,,Pemberian Kutipan Risalah Lelang,, Total,
03/06/2025 11:29:30,8X0A2N,321/K-RL/2025,,Pemberian Kutipan Risalah Lelang,, Total,
03/06/2025 11:45:16,------,322/K-RL/2025,,Pemberian Kutipan Risalah Lelang,, Total,
03/06/2025 11:59:52,D6HI9W,323/K-RL/2025,,Pemberian Kutipan Risalah Lelang,, Total,
03/06/2025 12:38:29,3G5N9Q,,,Validasi PPh (1 bidang),, Total,
03/06/2025 13:06:36,OK3XJS,,,Validasi PPh (1 bidang),, Total,
03/06/2025 13:45:09,35KFK8,,,Pemberian Kuitansi Pembayaran Harga Lelang,, Total,
03/06/2025 15:49:29,TGRS,324/K-RL/2025,,Pemberian Kutipan Risalah Lelang,, Total,
03/06/2025 16:43:07,CFAQJ1,325/K-RL/2025,,Pemberian Kutipan Risalah Lelang,, Total,
03/06/2025 21:59:54,5CEKBL,326/K-RL/2025,,Pemberian Kutipan Risalah Lelang,, Total,
03/06/2025 23:44:29,8X0A2N,,,Validasi PPh (1 bidang),, Total,
04/06/2025 10:21:14,DWLZQD,327/K-RL/2025,,Pemberian Kutipan Risalah Lelang,, Total,
04/06/2025 10:23:51,EYOYEM,328/K-RL/2025,,Pemberian Kutipan Risalah Lelang,, Total,
04/06/2025 11:08:01,DWLZQD,,,Validasi PPh (1 bidang),, Total,
04/06/2025 11:28:46,TUU0MP,,,Pemberian Kuitansi Pembayaran Harga Lelang,, Total,
04/06/2025 11:41:38,EY0YEM,,,Validasi PPh (1 bidang),, Total,
04/06/2025 12:25:14,EUIEJA,329/K-RL/2025,,Pemberian Kutipan Risalah Lelang,, Total,
04/06/2025 12:27:42,MNQJNI,,,Validasi PPh (1 bidang),, Total,
04/06/2025 12:29:47,0DIPRS,330/K-RL/2025,,Pemberian Kutipan Risalah Lelang,, Total,
04/06/2025 12:39:45,8DHLQM,331/K-RL/2025,,Pemberian Kutipan Risalah Lelang,, Total,
04/06/2025 12:44:06,FVF80R,332/K-RL/2025,,Pemberian Kutipan Risalah Lelang,, Total,
04/06/2025 12:50:57,T2QJCL,,,Validasi PPh (1 bidang),, Total,
04/06/2025 13:07:09,KBJPVR,,,Pemberian Kuitansi Pembayaran Harga Lelang,, Total,
04/06/2025 15:25:22,PMX8ZB,333/K-RL/2025,,Pemberian Kutipan Risalah Lelang,, Total,
04/06/2025 15:34:17,PMX8ZB,334/K-RL/2025,,Pemberian Kutipan Risalah Lelang,, Total,
04/06/2025 17:21:40,2FSWM6,,,Validasi PPh (1 bidang),, Total,
05/06/2025 9:30:31,BU38HZ,335/K-RL/2025,,Pemberian Kutipan Risalah Lelang,, Total,
05/06/2025 10:43:47,CBTCSL,336/K-RL/2025,,Pemberian Kutipan Risalah Lelang,, Total,
05/06/2025 11:59:39,2257,337/K-RL/2025,,Pemberian Kutipan Risalah Lelang,, Total,
05/06/2025 12:18:10,2257,,,Validasi PPh (1 bidang),, Total,
05/06/2025 12:23:49,2137,338/K-RL/2025,,Pemberian Kutipan Risalah Lelang,, Total,
05/06/2025 12:36:20,2137,,,Validasi PPh (1 bidang),, Total,
05/06/2025 12:43:48,2137,339/K-RL/2025,,Pemberian Kutipan Risalah Lelang,, Total,
05/06/2025 12:53:33,2137,,,Validasi PPh (1 bidang),, Total,
05/06/2025 13:17:12,PL4S2B,,,Validasi PPh (1 bidang),, Total,
05/06/2025 13:26:04,M6F4OT,,,Pemberian Kuitansi Pembayaran Harga Lelang,, Total,
05/06/2025 14:13:21,BU38HZ,,,Validasi PPh (1 bidang),, Total,
10/06/2025 10:47:09,C6GN8M,340/K-RL/2025,,Pemberian Kutipan Risalah Lelang,, Total,
10/06/2025 11:00:54,C6GN8M,,,Validasi PPh (1 bidang),, Total,
10/06/2025 11:39:54,JXKB1D,341/K-RL/2025,,Pemberian Kutipan Risalah Lelang,, Total,
10/06/2025 11:42:38,JXKB1D,,,Pemberian Kuitansi Pembayaran Harga Lelang,, Total,
10/06/2025 12:01:38,D6HI9W,,,Validasi PPh (1 bidang),, Total,
10/06/2025 13:37:05,T2QJCL,342/K-RL/2025,,Pemberian Kutipan Risalah Lelang,, Total,
10/06/2025 13:46:00,MNQJNI,343/K-RL/2025,,Pemberian Kutipan Risalah Lelang,, Total,
10/06/2025 13:54:55,6ZBXWG,344/K-RL/2025,,Pemberian Kutipan Risalah Lelang,, Total,
10/06/2025 13:55:48,JXKB1D,,,Validasi PPh (1 bidang),, Total,
10/06/2025 14:49:15,PMX8ZB,,,Validasi PPh (1 bidang),, Total,
10/06/2025 14:49:42,R51121,345/K-RL/2025,,Pemberian Kutipan Risalah Lelang,, Total,
10/06/2025 15:59:31,R51121,,,Validasi PPh (1 bidang),, Total,
10/06/2025 17:50:17,FHQBFG,346/K-RL/2025,,Pemberian Kutipan Risalah Lelang,, Total,
11/06/2025 12:09:19,OCQFYV,,,Pemberian Kuitansi Pembayaran Harga Lelang,, Total,
11/06/2025 12:15:16,7UF8Q2,347/K-RL/2025,,Pemberian Kutipan Risalah Lelang,, Total,
11/06/2025 12:27:19,7UF8Q2,348/K-RL/2025,,Pemberian Kutipan Risalah Lelang,, Total,
11/06/2025 12:31:56,NDNJXR,349/K-RL/2025,,Pemberian Kutipan Risalah Lelang,, Total,
11/06/2025 13:39:44,P2L3IP,,,Pemberian Kuitansi Pembayaran Harga Lelang,, Total,
11/06/2025 13:50:13,A812MH,,,Validasi PPh (1 bidang),, Total,
11/06/2025 16:38:24,PMX8ZB,,,Validasi PPh (1 bidang),, Total,
11/06/2025 16:54:33,PMX8ZB,,,Validasi PPh (1 bidang),, Total,
12/06/2025 8:58:31,CFAQJ1,,,Validasi PPh (1 bidang),, Total,
12/06/2025 9:19:59,W6T1AO,350/K-RL/2025,,Pemberian Kutipan Risalah Lelang,, Total,
12/06/2025 9:51:37,OEDCX8,,,Pemberian Kuitansi Pembayaran Harga Lelang,, Total,
12/06/2025 10:51:21,KBJPVR,351/K-RL/2025,,Pemberian Kutipan Risalah Lelang,, Total,
12/06/2025 11:22:08,SGP4GA,,,Pemberian Kuitansi Pembayaran Harga Lelang,, Total,
12/06/2025 11:32:16,W6T1AO,,,Validasi PPh (1 bidang),, Total,
12/06/2025 11:51:31,KBJPVR,,,Validasi PPh (1 bidang),, Total,
12/06/2025 11:58:24,4TRU7L,352/K-RL/2025,,Pemberian Kutipan Risalah Lelang,, Total,
12/06/2025 12:03:12,D6HI9W,,,Validasi PPh (1 bidang),, Total,
12/06/2025 14:57:17,T8GYRE,353/K-RL/2025,,Pemberian Kutipan Risalah Lelang,, Total,
12/06/2025 15:05:38,T8GYRE,,,Pemberian Kuitansi Pembayaran Harga Lelang,, Total,
13/06/2025 1:53:06,4TRU7L,,,Validasi PPh (1 bidang),, Total,
13/06/2025 7:00:40,IRL1IF,354/K-RL/2025,,Pemberian Kutipan Risalah Lelang,, Total,
13/06/2025 8:57:55,35KFK8,355/K-RL/2025,,Pemberian Kutipan Risalah Lelang,, Total,
13/06/2025 9:19:12,HNHPMD,,,Validasi PPh (1 bidang),, Total,
13/06/2025 9:41:38,U4NIPR,,,Pemberian Kuitansi Pembayaran Harga Lelang,, Total,
13/06/2025 10:07:43,MRGGLU,,,Validasi PPh (1 bidang),, Total,
13/06/2025 10:21:58,MRGGLU,356/K-RL/2025,,Pemberian Kutipan Risalah Lelang,, Total,
13/06/2025 13:19:08,TWONKA,357/K-RL/2025,,Pemberian Kutipan Risalah Lelang,, Total,
13/06/2025 13:53:29,GOZ3VZ,358/K-RL/2025,,Pemberian Kutipan Risalah Lelang,, Total,
13/06/2025 14:26:42,GOZ3VZ,,,Validasi PPh (1 bidang),, Total,
13/06/2025 15:15:40,VQDNPJ,,,Pemberian Kuitansi Pembayaran Harga Lelang,, Total,
14/06/2025 6:03:15,DQYXIG,359/K-RL/2025,,Pemberian Kutipan Risalah Lelang,, Total,
16/06/2025 8:43:30,HNHPMD,360/K-RL/2025,,Pemberian Kutipan Risalah Lelang,, Total,
16/06/2025 9:51:53,OEDCX8,361/K-RL/2025,,Pemberian Kutipan Risalah Lelang,, Total,
16/06/2025 11:12:07,R51098,362/K-RL/2025,,Pemberian Kutipan Risalah Lelang,, Total,
16/06/2025 11:32:39,Z2SL9A,363/K-RL/2025,,Pemberian Kutipan Risalah Lelang,, Total,
16/06/2025 11:35:52,1KSXN4,364/K-RL/2025,,Pemberian Kutipan Risalah Lelang,, Total,
16/06/2025 12:22:15,R51098,,,Validasi PPh (1 bidang),, Total,
16/06/2025 13:00:21,WPMRMT,365/K-RL/2025,,Pemberian Kutipan Risalah Lelang,, Total,
16/06/2025 14:07:31,XEELWH,366/K-RL/2025,,Pemberian Kutipan Risalah Lelang,, Total,
16/06/2025 14:24:32,WPMRMT,,,Validasi PPh (1 bidang),, Total,
17/06/2025 8:29:34,35KFK8,,,Validasi PPh (1 bidang),, Total,
17/06/2025 9:27:15,ISCQIP,,,Validasi PPh (1 bidang),, Total,
17/06/2025 9:33:59,MRGGLU,367/K-RL/2025,,Pemberian Kutipan Risalah Lelang,, Total,
17/06/2025 11:52:14,M6F4OT,368/K-RL/2025,,Pemberian Kutipan Risalah Lelang,, Total,
17/06/2025 12:29:07,7UF8Q2,,,Validasi PPh (1 bidang),, Total,
17/06/2025 14:51:08,1RLVT9,369/K-RL/2025,,Pemberian Kutipan Risalah Lelang,, Total,
17/06/2025 15:49:26,M6F4OT,,,Validasi PPh (1 bidang),, Total,
17/06/2025 16:02:31,7PNRHX,,,Validasi PPh (1 bidang),, Total,
18/06/2025 7:35:29,LHYOXE,370/K-RL/2025,,Pemberian Kutipan Risalah Lelang,, Total,
18/06/2025 9:14:20,OEDCX8,,,Validasi PPh (1 bidang),, Total,
18/06/2025 11:06:53,8RYEXG,371/K-RL/2025,,Pemberian Kutipan Risalah Lelang,, Total,
18/06/2025 11:07:29,NDNJXR,,,Validasi PPh (1 bidang),, Total,
18/06/2025 11:15:58,6ZBXWG,,,Pemberian Kuitansi Pembayaran Harga Lelang,, Total,
18/06/2025 11:20:05,2F7A3E,372/K-RL/2025,,Pemberian Kutipan Risalah Lelang,, Total,
18/06/2025 13:33:25,TUU0MP,373/K-RL/2025,,Pemberian Kutipan Risalah Lelang,, Total,
18/06/2025 14:08:44,TUU0MP,,,Validasi PPh (1 bidang),, Total,
18/06/2025 17:42:14,WYQSFU,,,Pemberian Kuitansi Pembayaran Harga Lelang,, Total,
19/06/2025 10:17:56,INF2D0,,,Pemberian Kuitansi Pembayaran Harga Lelang,, Total,
19/06/2025 11:02:17,2F7A3E,,,Validasi PPh (1 bidang),, Total,
19/06/2025 11:33:02,SGNRYV,374/K-RL/2025,,Pemberian Kutipan Risalah Lelang,, Total,
19/06/2025 11:50:29,SGNRYV,,,Validasi PPh (1 bidang),, Total,
19/06/2025 13:37:12,MAC2CZ,375/K-RL/2025,,Pemberian Kutipan Risalah Lelang,, Total,
19/06/2025 13:50:32,MAC2CZ,,,Validasi PPh (1 bidang),, Total,
19/06/2025 17:29:54,ORKTJB,,,Validasi PPh (1 bidang),, Total,
20/06/2025 11:00:30,V8GU7H,,,Pemberian Kuitansi Pembayaran Harga Lelang,, Total,
20/06/2025 14:40:46,XEELWH,,,Validasi PPh (1 bidang),, Total,
21/06/2025 0:30:26,2N08ZH,376/K-RL/2025,,Pemberian Kutipan Risalah Lelang,, Total,
23/06/2025 9:06:15,ATTB,,,Pemberian Kuitansi Pembayaran Harga Lelang,, Total,
23/06/2025 9:09:03,WUDL8S,,,Pemberian Kuitansi Pembayaran Harga Lelang,, Total,
23/06/2025 9:09:47,UFGH9Q,,,Pemberian Kuitansi Pembayaran Harga Lelang,, Total,
23/06/2025 9:52:00,QWMLPG,,,Pemberian Kuitansi Pembayaran Harga Lelang,, Total,
23/06/2025 9:54:38,DLQPM3,,,Pemberian Kuitansi Pembayaran Harga Lelang,, Total,
23/06/2025 9:56:06,XPPN8K,,,Pemberian Kuitansi Pembayaran Harga Lelang,, Total,
23/06/2025 10:00:47,BVC09J,,,Pemberian Kuitansi Pembayaran Harga Lelang,, Total,
23/06/2025 11:06:36,Y1KHTW,377/K-RL/2025,,Pemberian Kutipan Risalah Lelang,, Total,
23/06/2025 13:59:48,LJJACW,,,Validasi PPh (1 bidang),, Total,
23/06/2025 14:03:22,MY37P4,378/K-RL/2025,,Pemberian Kutipan Risalah Lelang,, Total,
23/06/2025 14:12:43,Y1KHTW,,,Validasi PPh (1 bidang),, Total,
23/06/2025 16:28:47,7PNRHX,,,Validasi PPh (1 bidang),, Total,
23/06/2025 16:36:57,7PNRHX,,,Validasi PPh (1 bidang),, Total,
23/06/2025 19:46:43,VQDNPJ,,,Validasi PPh (1 bidang),, Total,
24/06/2025 11:01:40,KTXP28,,,Pemberian Kuitansi Pembayaran Harga Lelang,, Total,
24/06/2025 11:05:11,KTXP28,379/K-RL/2025,,Pemberian Kutipan Risalah Lelang,, Total,
24/06/2025 11:18:27,KTXP28,,,Validasi PPh (1 bidang),, Total,
24/06/2025 12:29:31,AJCH5U,380/K-RL/2025,,Pemberian Kutipan Risalah Lelang,, Total,
24/06/2025 13:40:02,38HCOT,381/K-RL/2025,,Pemberian Kutipan Risalah Lelang,, Total,
24/06/2025 13:43:33,U4NIPR,382/K-RL/2025,,Pemberian Kutipan Risalah Lelang,, Total,
24/06/2025 14:03:27,U4NIPR,,,Validasi PPh (1 bidang),, Total,
24/06/2025 15:07:40,38HCOT,,,Validasi PPh (1 bidang),, Total,
24/06/2025 15:21:48,MY37P4,,,Validasi PPh (1 bidang),, Total,
24/06/2025 15:26:24,UFGH9Q,,,Validasi PPh (1 bidang),, Total,
25/06/2025 8:14:25,1OQQTD,,,Pemberian Kuitansi Pembayaran Harga Lelang,, Total,
25/06/2025 10:18:18,K9MHWA,383/K-RL/2025,,Pemberian Kutipan Risalah Lelang,, Total,
25/06/2025 10:25:42,M8CPLM,384/K-RL/2025,,Pemberian Kutipan Risalah Lelang,, Total,
25/06/2025 10:31:11,MSOI1C,385/K-RL/2025,,Pemberian Kutipan Risalah Lelang,, Total,
25/06/2025 10:54:07,CWZD4D,,,Pemberian Kuitansi Pembayaran Harga Lelang,, Total,
25/06/2025 11:06:21,BKWAOL,386/K-RL/2025,,Pemberian Kutipan Risalah Lelang,, Total,
25/06/2025 14:11:38,CEZD4D,387/K-RL/2025,,Pemberian Kutipan Risalah Lelang,, Total,
26/06/2025 10:55:30,XO5WCC,,,Pemberian Kuitansi Pembayaran Harga Lelang,, Total,
29/06/2025 12:32:31,UFGH9Q,388/K-RL/2025,,Pemberian Kutipan Risalah Lelang,, Total,
30/06/2025 8:54:07,DHOHME,389/K-RL/2025,,Pemberian Kutipan Risalah Lelang,, Total,
30/06/2025 9:14:12,SYOIZB,,,Pemberian Kuitansi Pembayaran Harga Lelang,, Total,
30/06/2025 9:19:39,Pkl916,,,Pemberian Kuitansi Pembayaran Harga Lelang,, Total,
30/06/2025 11:11:04,E35BVD,390/K-RL/2025,,Pemberian Kutipan Risalah Lelang,, Total,
30/06/2025 11:11:56,NGBK9I,,,Pemberian Kuitansi Pembayaran Harga Lelang,, Total,
30/06/2025 17:37:14,A7ILX2,,,Validasi PPh (1 bidang),, Total,
30/06/2025 17:46:22,A7ILX2,,,Validasi PPh (1 bidang),, Total,
30/06/2025 17:53:52,A7ILX2,,,Validasi PPh (1 bidang),, Total,
30/06/2025 17:58:53,A7ILX2,,,Validasi PPh (1 bidang),, Total,
30/06/2025 20:07:32,BKWAOL,,,Validasi PPh (1 bidang),, Total,
01/07/2025 9:16:05,LZ1YWM,391/K-RL/2025,,Pemberian Kutipan Risalah Lelang,, Total,
01/07/2025 10:22:15,YIOS0N,392/K-RL/2025,,Pemberian Kutipan Risalah Lelang,, Total,
01/07/2025 10:43:12,LZ1YWM,,,Validasi PPh (1 bidang),, Total,
01/07/2025 11:15:47,CX8UWQ,,,Validasi PPh (1 bidang),, Total,
01/07/2025 11:32:22,CX8UWQ,,,Validasi PPh (1 bidang),, Total,
01/07/2025 11:40:26,CX8UWQ,,,Validasi PPh (1 bidang),, Total,
01/07/2025 11:49:27,CX8UWQ,,,Validasi PPh (1 bidang),, Total,
01/07/2025 11:50:12,E35BVD,,,Validasi PPh (1 bidang),, Total,
01/07/2025 11:58:55,CX8UWQ,,,Validasi PPh (1 bidang),, Total,
01/07/2025 12:11:16,CIZBLA,,,Pemberian Kuitansi Pembayaran Harga Lelang,, Total,
01/07/2025 13:04:45,1OQQTD,393/K-RL/2025,,Pemberian Kutipan Risalah Lelang,, Total,
01/07/2025 13:31:30,1OQQTD,,,Validasi PPh (1 bidang),, Total,
01/07/2025 16:21:52,Q7MPGQ,,,Pemberian Kuitansi Pembayaran Harga Lelang,, Total,
01/07/2025 19:59:20,ZGQBR8,,,Validasi PPh (1 bidang),, Total,
01/07/2025 20:23:21,VQDNPJ,,,Validasi PPh (1 bidang),, Total,
01/07/2025 20:48:19,VQDNPJ,,,Validasi PPh (1 bidang),, Total,
02/07/2025 8:32:46,D9SRQC,394/K-RL/2025,,Pemberian Kutipan Risalah Lelang,, Total,
02/07/2025 9:13:32,SRACJW,395/K-RL/2025,,Pemberian Kutipan Risalah Lelang,, Total,
02/07/2025 11:31:44,JGXVDF,396/K-RL/2025,,Pemberian Kutipan Risalah Lelang,, Total,
02/07/2025 11:32:27,CX8UWQ,397/K-RL/2025,,Pemberian Kutipan Risalah Lelang,, Total,
02/07/2025 11:48:22,JGXVDF,,,Pemberian Kuitansi Pembayaran Harga Lelang,, Total,
02/07/2025 14:15:45,XO5WCC,398/K-RL/2025,,Pemberian Kutipan Risalah Lelang,, Total,
02/07/2025 18:45:31,BL4QJ3,,,Pemberian Kuitansi Pembayaran Harga Lelang,, Total,
03/07/2025 0:15:13,2N08ZH,,,Validasi PPh (1 bidang),, Total,
03/07/2025 11:55:11,56VZTU,399/K-RL/2025,,Pemberian Kutipan Risalah Lelang,, Total,
03/07/2025 12:02:21,YSEWC2,400/K-RL/2025,,Pemberian Kutipan Risalah Lelang,, Total,
03/07/2025 12:25:43,CX8UWQ,,,Validasi PPh (1 bidang),, Total,
03/07/2025 13:53:11,104819,,,Validasi PPh (1 bidang),, Total,
03/07/2025 14:39:24,EYSF05,401/K-RL/2025,,Pemberian Kutipan Risalah Lelang,, Total,
03/07/2025 14:42:03,YIOS0N,,,Validasi PPh (1 bidang),, Total,
03/07/2025 15:07:53 Total,,,,,,,
03/07/2025 15:55:51,9JAFOS,402/K-RL/2025,,Pemberian Kutipan Risalah Lelang,, Total,
03/07/2025 16:03:09,IZJXPD,403/K-RL/2025,,Pemberian Kutipan Risalah Lelang,, Total,
03/07/2025 16:24:48,JGXVDF,,,Validasi PPh (1 bidang),, Total,
03/07/2025 20:03:37,C3PDOF,,,Pemberian Kuitansi Pembayaran Harga Lelang,, Total,
04/07/2025 7:55:40,OMNE4I,,,Pemberian Kuitansi Pembayaran Harga Lelang,, Total,
04/07/2025 8:07:48,RPIX6E,,,Validasi PPh (1 bidang),, Total,
04/07/2025 8:16:24,CJSGGD,404/K-RL/2025,,Pemberian Kutipan Risalah Lelang,, Total,
04/07/2025 8:29:05,OFGXBE,405/K-RL/2025,,Pemberian Kutipan Risalah Lelang,, Total,
04/07/2025 8:56:03,SRACJW,,,Validasi PPh (1 bidang),, Total,
04/07/2025 9:45:40,OMNE4I,406/K-RL/2025,,Pemberian Kutipan Risalah Lelang,, Total,
04/07/2025 10:55:19,DOFSYW,407/K-RL/2025,,Pemberian Kutipan Risalah Lelang,, Total,
04/07/2025 14:13:46,SKM9HF,408/K-RL/2025,,Pemberian Kutipan Risalah Lelang,, Total,
04/07/2025 14:28:45,SKM9HF,,,Validasi PPh (1 bidang),, Total,
04/07/2025 16:58:32,OCQFYV,409/K-RL/2025,,Pemberian Kutipan Risalah Lelang,, Total,
07/07/2025 7:22:59,S8LQ3A,410/K-RL/2025,,Pemberian Kutipan Risalah Lelang,, Total,
07/07/2025 10:09:22,F2ZZST,,,Pemberian Kuitansi Pembayaran Harga Lelang,, Total,
07/07/2025 10:27:47,W80XNE,411/K-RL/2025,,Pemberian Kutipan Risalah Lelang,, Total,
07/07/2025 11:33:11,W80XNE,,,Validasi PPh (1 bidang),, Total,
07/07/2025 12:38:25,HARKVG,,,Pemberian Kuitansi Pembayaran Harga Lelang,, Total,
07/07/2025 12:41:46,HARKVG,412/K-RL/2025,,Pemberian Kutipan Risalah Lelang,, Total,
07/07/2025 13:40:40,Y8DLBK,,,Validasi PPh (1 bidang),, Total,
07/07/2025 13:45:44,234823,,,Validasi PPh (1 bidang),, Total,
07/07/2025 13:52:10,9ODWKO,413/K-RL/2025,,Pemberian Kutipan Risalah Lelang,, Total,
07/07/2025 15:13:47,CJSGGD,,,Pemberian Kuitansi Pembayaran Harga Lelang,, Total,
07/07/2025 15:34:57,CJSGGD,,,Validasi PPh (1 bidang),, Total,
07/07/2025 15:55:12,8OPWCZ,414/K-RL/2025,,Pemberian Kutipan Risalah Lelang,, Total,
07/07/2025 18:17:32,GALPWS,415/K-RL/2025,,Pemberian Kutipan Risalah Lelang,, Total,
07/07/2025 20:37:52,Q7MPGQ,416/K-RL/2025,,Pemberian Kutipan Risalah Lelang,, Total,
07/07/2025 21:12:08,Q7MPGQ,,,Validasi PPh (1 bidang),, Total,
08/07/2025 12:51:00,WYQSFU,417/K-RL/2025,,Pemberian Kutipan Risalah Lelang,, Total,
08/07/2025 14:48:15,JGXVDF,418/K-RL/2025,,Pemberian Kutipan Risalah Lelang,, Total,
08/07/2025 14:59:26,S8LQ3A,,,Validasi PPh (1 bidang),, Total,
08/07/2025 15:12:33,8OPWCZ,,,Validasi PPh (1 bidang),, Total,
08/07/2025 15:16:38,8OPWCZ,419/K-RL/2025,,Pemberian Kutipan Risalah Lelang,, Total,
08/07/2025 15:30:58,8OPWCZ,420/K-RL/2025,,Pemberian Kutipan Risalah Lelang,, Total,
08/07/2025 16:12:44,WYQSFU,,,Validasi PPh (1 bidang),, Total,
08/07/2025 18:58:12,LIDOPH,421/K-RL/2025,,Pemberian Kutipan Risalah Lelang,, Total,
08/07/2025 19:19:32,ZGQBR8,422/K-RL/2025,,Pemberian Kutipan Risalah Lelang,, Total,
08/07/2025 19:28:44,VQDNPJ,423/K-RL/2025,,Pemberian Kutipan Risalah Lelang,, Total,
08/07/2025 20:42:11,NGBK9I,424/K-RL/2025,,Pemberian Kutipan Risalah Lelang,, Total,
09/07/2025 10:01:52,5CEKBL,,,Pemberian Kuitansi Pembayaran Harga Lelang,, Total,
09/07/2025 10:11:52,GKPBT7,,,Validasi PPh (1 bidang),, Total,
09/07/2025 10:34:00,KOP5VI,425/K-RL/2025,,Pemberian Kutipan Risalah Lelang,, Total,
09/07/2025 13:02:43,8OPWCZ,,,Pemberian Kuitansi Pembayaran Harga Lelang,, Total,
09/07/2025 14:24:47,UABLTO,,,Pemberian Kuitansi Pembayaran Harga Lelang,, Total,
09/07/2025 14:34:46,FOIWQO,426/K-RL/2025,,Pemberian Kutipan Risalah Lelang,, Total,
09/07/2025 14:36:00,OMNE4I,427/K-RL/2025,,Pemberian Kutipan Risalah Lelang,, Total,
09/07/2025 14:41:18,DTYQRZ,428/K-RL/2025,,Pemberian Kutipan Risalah Lelang,, Total,
09/07/2025 14:54:15,OMNE4I,,,Validasi PPh (1 bidang),, Total,
09/07/2025 15:01:46,PAB89H,429/K-RL/2025,,Pemberian Kutipan Risalah Lelang,, Total,
09/07/2025 16:23:56,OCQFYV,,,Validasi PPh (1 bidang),, Total,
09/07/2025 23:25:02,KKHLCZ,430/K-RL/2025,,Pemberian Kutipan Risalah Lelang,, Total,
10/07/2025 10:23:47,916,431/K-RL/2025,,Pemberian Kutipan Risalah Lelang,, Total,
10/07/2025 12:00:44,TLBYV8,432/K-RL/2025,,Pemberian Kutipan Risalah Lelang,, Total,
10/07/2025 12:26:32,0njacb,,,Pemberian Kuitansi Pembayaran Harga Lelang,, Total,
10/07/2025 14:00:12,JZTIKO,433/K-RL/2025,,Pemberian Kutipan Risalah Lelang,, Total,
10/07/2025 14:11:08,TLBYV8,,,Validasi PPh (1 bidang),, Total,
10/07/2025 14:13:42,JZTIKO,,,Validasi PPh (1 bidang),, Total,
10/07/2025 15:08:29,AN9FBC,434/K-RL/2025,,Pemberian Kutipan Risalah Lelang,, Total,
10/07/2025 15:24:40,INF2D0,435/K-RL/2025,,Pemberian Kutipan Risalah Lelang,, Total,
10/07/2025 15:45:40,AN9FBC,,,Validasi PPh (1 bidang),, Total,
10/07/2025 17:15:15,916,,,Validasi PPh (1 bidang),, Total,
10/07/2025 20:51:02,OFGXBE,,,Validasi PPh (1 bidang),, Total,
10/07/2025 22:15:34,KOV5PI,,,Validasi PPh (1 bidang),, Total,
10/07/2025 22:29:32,KOV5PI,,,Validasi PPh (1 bidang),, Total,
10/07/2025 22:39:34,KOV5P1,,,Validasi PPh (1 bidang),, Total,
11/07/2025 10:21:42,XO5WCC,436/K-RL/2025,,Pemberian Kutipan Risalah Lelang,, Total,
11/07/2025 10:40:40,I5CG3Z,,,Pemberian Kuitansi Pembayaran Harga Lelang,, Total,
11/07/2025 11:08:28,N8P6KB,437/K-RL/2025,,Pemberian Kutipan Risalah Lelang,, Total,
12/07/2025 8:58:00,XQUWGY,,,Validasi PPh (1 bidang),, Total,
12/07/2025 10:17:06,INF2D0,,,Validasi PPh (1 bidang),, Total,
12/07/2025 14:31:21,THPNXH,438/K-RL/2025,,Pemberian Kutipan Risalah Lelang,, Total,
14/07/2025 9:32:08,JZTIKO,439/K-RL/2025,,Pemberian Kutipan Risalah Lelang,, Total,
14/07/2025 10:07:10,F2ZZST,440/K-RL/2025,,Pemberian Kutipan Risalah Lelang,, Total,
14/07/2025 10:17:01,03VZIF,,,Validasi PPh (1 bidang),, Total,
14/07/2025 11:48:54,ORKTJB,441/K-RL/2025,,Pemberian Kutipan Risalah Lelang,, Total,
14/07/2025 13:59:30,000000,,,Validasi PPh (1 bidang),, Total,
14/07/2025 14:05:28,CUHDJ9,,,Pemberian Kuitansi Pembayaran Harga Lelang,, Total,
14/07/2025 14:41:27,UABLTO,442/K-RL/2025,,Pemberian Kutipan Risalah Lelang,, Total,
14/07/2025 14:52:08,EXYD2V,443/K-RL/2025,,Pemberian Kutipan Risalah Lelang,, Total,
14/07/2025 15:17:57,XOPMZS,444/K-RL/2025,,Pemberian Kutipan Risalah Lelang,, Total,
14/07/2025 15:41:15,GALPWS,,,Validasi PPh (1 bidang),, Total,
14/07/2025 16:25:37,P2L3IP,445/K-RL/2025,,Pemberian Kutipan Risalah Lelang,, Total,
14/07/2025 16:26:08,0IJOEU,,,Pemberian Kuitansi Pembayaran Harga Lelang,, Total,
14/07/2025 22:55:35,UABLTO,,,Pemberian Kuitansi Pembayaran Harga Lelang,, Total,
14/07/2025 22:59:46,UABLTO,446/K-RL/2025,,Pemberian Kutipan Risalah Lelang,, Total,
14/07/2025 23:19:29,UABLTO,,,Validasi PPh (1 bidang),, Total,
15/07/2025 7:54:35,YSEWC2,,,Validasi PPh (1 bidang),, Total,
15/07/2025 8:59:50,159,447/K-RL/2025,,Pemberian Kutipan Risalah Lelang,, Total,
15/07/2025 9:24:35,TWONKA,448/K-RL/2025,,Pemberian Kutipan Risalah Lelang,, Total,
15/07/2025 10:43:06,UI6ZLO,449/K-RL/2025,,Pemberian Kutipan Risalah Lelang,, Total,
15/07/2025 11:01:33,UI6ZLO,,,Validasi PPh (1 bidang),, Total,
15/07/2025 11:21:36,RPIX6E,450/K-RL/2025,,Pemberian Kutipan Risalah Lelang,, Total,
15/07/2025 15:40:58,GKPBT7,451/K-RL/2025,,Pemberian Kutipan Risalah Lelang,, Total,
15/07/2025 23:02:34,KTXP28,452/K-RL/2025,,Pemberian Kutipan Risalah Lelang,, Total,
16/07/2025 8:20:30,XQUWGY,453/K-RL/2025,,Pemberian Kutipan Risalah Lelang,, Total,
16/07/2025 8:28:29,HNTH95,454/K-RL/2025,,Pemberian Kutipan Risalah Lelang,, Total,
16/07/2025 10:44:15,56VZTU,,,Validasi PPh (1 bidang),, Total,
16/07/2025 10:45:45,GKPBT7,455/K-RL/2025,,Pemberian Kutipan Risalah Lelang,, Total,
16/07/2025 10:56:19,56VZTU,456/K-RL/2025,,Pemberian Kutipan Risalah Lelang,, Total,
16/07/2025 11:23:49,THPNXH,,,Validasi PPh (1 bidang),, Total,
16/07/2025 11:42:41,KKHLCZ,457/K-RL/2025,,Pemberian Kutipan Risalah Lelang,, Total,
16/07/2025 15:01:07,CUHDJ9,458/K-RL/2025,,Pemberian Kutipan Risalah Lelang,, Total,
17/07/2025 5:48:22,H4TA10,,,Pemberian Kuitansi Pembayaran Harga Lelang,, Total,
17/07/2025 10:44:06,AQV2SI,,,Pemberian Kuitansi Pembayaran Harga Lelang,, Total,
17/07/2025 10:49:55,WNA4Y5,,,Pemberian Kuitansi Pembayaran Harga Lelang,, Total,
17/07/2025 11:28:27,O73BG,459/K-RL/2025,,Pemberian Kutipan Risalah Lelang,, Total,
17/07/2025 11:41:59,CUHDJ9,,,Validasi PPh (1 bidang),, Total,
17/07/2025 11:43:08,KHRLAN,460/K-RL/2025,,Pemberian Kutipan Risalah Lelang,, Total,
17/07/2025 11:55:35,KHRLAN,,,Validasi PPh (1 bidang),, Total,
17/07/2025 12:03:34,KHRLAN,,,Validasi PPh (1 bidang),, Total,
17/07/2025 14:31:54,O73BG,,,Validasi PPh (1 bidang),, Total,
17/07/2025 14:57:13,KTXP28,,,Validasi PPh (1 bidang),, Total,
17/07/2025 15:10:29,KTXP28,,,Validasi PPh (1 bidang),, Total,
17/07/2025 15:21:47,KTXP28,,,Validasi PPh (1 bidang),, Total,
17/07/2025 15:44:07,LLICEZ,,,Pemberian Kuitansi Pembayaran Harga Lelang,, Total,
17/07/2025 18:25:28,H8Q0RD,461/K-RL/2025,,Pemberian Kutipan Risalah Lelang,, Total,
18/07/2025 10:43:06,XOPMZS,,,Validasi PPh (1 bidang),, Total,
18/07/2025 10:43:26,BL4QJ3,462/K-RL/2025,,Pemberian Kutipan Risalah Lelang,, Total,
18/07/2025 11:48:06,ZEZMS0,463/K-RL/2025,,Pemberian Kutipan Risalah Lelang,, Total,
18/07/2025 11:54:35,LBBYE5,464/K-RL/2025,,Pemberian Kutipan Risalah Lelang,, Total,
18/07/2025 12:09:46,LBBYE5,,,Validasi PPh (1 bidang),, Total,
18/07/2025 13:45:37,KZBCT9,,,Pemberian Kuitansi Pembayaran Harga Lelang,, Total,
18/07/2025 13:50:50,H8Q0RD,,,Validasi PPh (1 bidang),, Total,
19/07/2025 21:08:46,BOAP14,,,Pemberian Kuitansi Pembayaran Harga Lelang,, Total,
20/07/2025 17:02:04,F2ZZST,,,Validasi PPh (1 bidang),, Total,
21/07/2025 10:26:39,J6BZA3,465/K-RL/2025,,Pemberian Kutipan Risalah Lelang,, Total,
21/07/2025 10:39:32,BBLYE6,466/K-RL/2025,,Pemberian Kutipan Risalah Lelang,, Total,
21/07/2025 10:44:55,J6BZA3,,,Validasi PPh (1 bidang),, Total,
21/07/2025 10:45:45,LMTZEA,467/K-RL/2025,,Pemberian Kutipan Risalah Lelang,, Total,
21/07/2025 10:59:09,RWWXCN,468/K-RL/2025,,Pemberian Kutipan Risalah Lelang,, Total,
21/07/2025 10:59:23,LMTZEA,,,Validasi PPh (1 bidang),, Total,
21/07/2025 11:25:02,RWWXCN,,,Validasi PPh (1 bidang),, Total,
21/07/2025 11:31:23,H8Q0RD,469/K-RL/2025,,Pemberian Kutipan Risalah Lelang,, Total,
21/07/2025 11:53:48,-,470/K-RL/2025,,Pemberian Kutipan Risalah Lelang,, Total,
21/07/2025 12:08:36,YSNOUT,,,Validasi PPh (1 bidang),, Total,
21/07/2025 12:16:36,MQKEA0,471/K-RL/2025,,Pemberian Kutipan Risalah Lelang,, Total,
21/07/2025 13:08:54,OGJFZC,,,Validasi PPh (1 bidang),, Total,
21/07/2025 14:02:32,LMTZEA,,,Validasi PPh (1 bidang),, Total,
21/07/2025 16:27:25,8ZUABH,,,Validasi PPh (1 bidang),, Total,
21/07/2025 21:29:27,NQ6FT4,472/K-RL/2025,,Pemberian Kutipan Risalah Lelang,, Total,
21/07/2025 21:48:10,NQ6FT4,,,Validasi PPh (1 bidang),, Total,
21/07/2025 22:48:54,MQKEA0,,,Validasi PPh (1 bidang),, Total,
22/07/2025 10:05:09,SJJBK0,473/K-RL/2025,,Pemberian Kutipan Risalah Lelang,, Total,
22/07/2025 12:03:55,48BNTG,474/K-RL/2025,,Pemberian Kutipan Risalah Lelang,, Total,
22/07/2025 12:12:53,SJJBK0,,,Validasi PPh (1 bidang),, Total,
22/07/2025 16:00:28,LLICEZ,475/K-RL/2025,,Pemberian Kutipan Risalah Lelang,, Total,
22/07/2025 16:44:36,000000,476/K-RL/2025,,Pemberian Kutipan Risalah Lelang,, Total,
22/07/2025 16:46:51,48BNTG,,,Validasi PPh (1 bidang),, Total,
22/07/2025 17:15:09,H4TA10,477/K-RL/2025,,Pemberian Kutipan Risalah Lelang,, Total,
22/07/2025 17:32:47,H4TA10,,,Validasi PPh (1 bidang),, Total,
22/07/2025 17:42:51,H4TA10,,,Validasi PPh (1 bidang),, Total,
22/07/2025 19:35:01,DOFSYW,478/K-RL/2025,,Pemberian Kutipan Risalah Lelang,, Total,
22/07/2025 20:34:21,P2L3IP,479/K-RL/2025,,Pemberian Kutipan Risalah Lelang,, Total,
22/07/2025 23:27:35,V6QRX9,480/K-RL/2025,,Pemberian Kutipan Risalah Lelang,, Total,
23/07/2025 9:03:12,BBLYE6,,,Validasi PPh (1 bidang),, Total,
23/07/2025 9:22:36,6GHOBC,481/K-RL/2025,,Pemberian Kutipan Risalah Lelang,, Total,
23/07/2025 10:29:19,KZBCT9,482/K-RL/2025,,Pemberian Kutipan Risalah Lelang,, Total,
23/07/2025 10:43:21,KZBCT9,,,Validasi PPh (1 bidang),, Total,
23/07/2025 11:41:02,LV2QFF,,,Pemberian Kuitansi Pembayaran Harga Lelang,, Total,
23/07/2025 11:49:43,NPFYVS,483/K-RL/2025,,Pemberian Kutipan Risalah Lelang,, Total,
23/07/2025 12:00:47,NPFYVS,,,Validasi PPh (1 bidang),, Total,
23/07/2025 12:01:26,LLICEZ,,,Validasi PPh (1 bidang),, Total,
23/07/2025 12:05:26,BOWX9Z,484/K-RL/2025,,Pemberian Kutipan Risalah Lelang,, Total,
23/07/2025 12:42:40,L5XYUW,,,Pemberian Kuitansi Pembayaran Harga Lelang,, Total,
23/07/2025 12:58:31,DLQPM3,485/K-RL/2025,,Pemberian Kutipan Risalah Lelang,, Total,
23/07/2025 13:39:27,DLQPM3,,,Validasi PPh (1 bidang),, Total,
23/07/2025 14:18:15,ND3KUR,,,Pemberian Kuitansi Pembayaran Harga Lelang,, Total,
23/07/2025 16:24:16,P2L3IP,,,Validasi PPh (1 bidang),, Total,
23/07/2025 19:15:15,6GHOBC,,,Validasi PPh (1 bidang),, Total,
23/07/2025 19:24:20,6GHOBC,,,Validasi PPh (1 bidang),, Total,
23/07/2025 19:29:20,6GHOBC,,,Validasi PPh (1 bidang),, Total,
23/07/2025 20:01:07,BOAP14,486/K-RL/2025,,Pemberian Kutipan Risalah Lelang,, Total,
24/07/2025 9:28:26,P2L3IP,,,Validasi PPh (1 bidang),, Total,
24/07/2025 9:31:53,TMLOEI,,,Pemberian Kuitansi Pembayaran Harga Lelang,, Total,
24/07/2025 9:34:43,P2L3IP,,,Validasi PPh (1 bidang),, Total,
24/07/2025 9:36:55,TMLOEI,,,Pemberian Kuitansi Pembayaran Harga Lelang,, Total,
24/07/2025 9:40:39,TMLOEI,487/K-RL/2025,,Pemberian Kutipan Risalah Lelang,, Total,
24/07/2025 9:48:16,P2L3IP,,,Validasi PPh (1 bidang),, Total,
24/07/2025 11:09:46,P2L3IP,,,Validasi PPh (1 bidang),, Total,
24/07/2025 11:22:25,V6QRX9,,,Validasi PPh (1 bidang),, Total,
24/07/2025 13:48:24,DLQPM3,,,Validasi PPh (1 bidang),, Total,
24/07/2025 16:30:40,0IJOEU,488/K-RL/2025,,Pemberian Kutipan Risalah Lelang,, Total,
24/07/2025 20:26:36,-,,,Validasi PPh (1 bidang),, Total,
25/07/2025 8:49:23,DLQPM3,,,Validasi PPh (1 bidang),, Total,
25/07/2025 8:58:30,DLQPM3,,,Validasi PPh (1 bidang),, Total,
25/07/2025 9:14:31,ASR9JN,489/K-RL/2025,,Pemberian Kutipan Risalah Lelang,, Total,
25/07/2025 9:21:56,VIWUKB,490/K-RL/2025,,Pemberian Kutipan Risalah Lelang,, Total,
25/07/2025 10:29:45,BPOFNX,,,Pemberian Kuitansi Pembayaran Harga Lelang,, Total,
25/07/2025 11:13:37,8ZUABH,491/K-RL/2025,,Pemberian Kutipan Risalah Lelang,, Total,
25/07/2025 13:22:01,XO5WCC,,,Validasi PPh (1 bidang),, Total,
25/07/2025 13:38:45,YSNOUT,,,Validasi PPh (1 bidang),, Total,
25/07/2025 13:49:03,YSNOUT,,,Validasi PPh (1 bidang),, Total,
25/07/2025 14:07:22,2F7A3E,,,Validasi PPh (1 bidang),, Total,
28/07/2025 8:51:46,2EOLDG,492/K-RL/2025,,Pemberian Kutipan Risalah Lelang,, Total,
28/07/2025 9:08:43,BQTP52,,,Pemberian Kuitansi Pembayaran Harga Lelang,, Total,
28/07/2025 9:52:15,DOFSYW,,,Validasi PPh (1 bidang),, Total,
28/07/2025 10:33:17,8ZUABH,493/K-RL/2025,,Pemberian Kutipan Risalah Lelang,, Total,
28/07/2025 10:43:54,0IJOEU,,,Validasi PPh (1 bidang),, Total,
28/07/2025 11:41:22,BOAP14,,,Validasi PPh (1 bidang),, Total,
28/07/2025 12:18:55,0IJOEU,,,Validasi PPh (1 bidang),, Total,
29/07/2025 8:39:32,A7ILX2,494/K-RL/2025,,Pemberian Kutipan Risalah Lelang,, Total,
29/07/2025 8:58:06,HNTH95,,,Validasi PPh (1 bidang),, Total,
29/07/2025 9:00:56,A7ILX2,,,Validasi PPh (1 bidang),, Total,
29/07/2025 9:12:18,A7ILX2,,,Validasi PPh (1 bidang),, Total,
29/07/2025 9:19:18,A7ILX2,,,Validasi PPh (1 bidang),, Total,
29/07/2025 9:25:28,A7ILX2,,,Validasi PPh (1 bidang),, Total,
29/07/2025 10:49:02,-,,,Validasi PPh (1 bidang),, Total,
29/07/2025 12:47:11,2EOLD6,,,Validasi PPh (1 bidang),, Total,
30/07/2025 7:25:10,I5CG3Z,495/K-RL/2025,,Pemberian Kutipan Risalah Lelang,, Total,
30/07/2025 10:37:18,ABMMVY,,,Validasi PPh (1 bidang),, Total,
30/07/2025 10:37:56,YSNOUT,496/K-RL/2025,,Pemberian Kutipan Risalah Lelang,, Total,
30/07/2025 10:41:17,7FDNRR,497/K-RL/2025,,Pemberian Kutipan Risalah Lelang,, Total,
30/07/2025 13:57:58,OJHCVD,498/K-RL/2025,,Pemberian Kutipan Risalah Lelang,, Total,
30/07/2025 14:36:33,BVCO9J,499/K-RL/2025,,Pemberian Kutipan Risalah Lelang,, Total,
30/07/2025 14:53:00,BVCO9L,,,Validasi PPh (1 bidang),, Total,
30/07/2025 16:32:43,I5CG3Z,,,Validasi PPh (1 bidang),, Total,
30/07/2025 16:45:55,VCBDT1,500/K-RL/2025,,Pemberian Kutipan Risalah Lelang,, Total,
30/07/2025 16:53:23,IHTU02,501/K-RL/2025,,Pemberian Kutipan Risalah Lelang,, Total,
30/07/2025 16:59:57,PBGB2N,502/K-RL/2025,,Pemberian Kutipan Risalah Lelang,, Total,
30/07/2025 17:06:37,6R7HZS,503/K-RL/2025,,Pemberian Kutipan Risalah Lelang,, Total,
30/07/2025 17:25:16,O9K1JC,,,Pemberian Kuitansi Pembayaran Harga Lelang,, Total,
30/07/2025 21:04:59,ECOAUF,,,Validasi PPh (1 bidang),, Total,
30/07/2025 21:16:18,ECOAUF,504/K-RL/2025,,Pemberian Kutipan Risalah Lelang,, Total,
30/07/2025 21:18:52,3HEO4N,,,Pemberian Kuitansi Pembayaran Harga Lelang,, Total,
30/07/2025 21:26:05,3HEO4N,505/K-RL/2025,,Pemberian Kutipan Risalah Lelang,, Total,
30/07/2025 22:03:27,3HEO4N,,,Validasi PPh (1 bidang),, Total,
31/07/2025 8:56:18,YSNOUT,506/K-RL/2025,,Pemberian Kutipan Risalah Lelang,, Total,
31/07/2025 11:43:35,OXHNBW,,,Pemberian Kuitansi Pembayaran Harga Lelang,, Total,
31/07/2025 13:41:15,LLICEZ,,,Validasi PPh (1 bidang),, Total,
31/07/2025 14:39:45,PHBJWO,507/K-RL/2025,,Pemberian Kutipan Risalah Lelang,, Total,
31/07/2025 15:11:17,PHBJWO,,,Validasi PPh (1 bidang),, Total,
31/07/2025 15:51:34,Ojhcvd,,,Validasi PPh (1 bidang),, Total,
31/07/2025 15:56:45,PHBJWO,,,Validasi PPh (1 bidang),, Total,
01/08/2025 9:35:51,1XZFS0,508/K-RL/2025,,Pemberian Kutipan Risalah Lelang,, Total,
01/08/2025 9:40:05,RZRYUQ,509/K-RL/2025,,Pemberian Kutipan Risalah Lelang,, Total,
01/08/2025 9:44:58,U8C9PC,510/K-RL/2025,,Pemberian Kutipan Risalah Lelang,, Total,
01/08/2025 10:25:05,KQOTGE,,,Validasi PPh (1 bidang),, Total,
01/08/2025 13:36:56,YSNOUT,511/K-RL/2025,,Pemberian Kutipan Risalah Lelang,, Total,
01/08/2025 18:24:40,1XZFS0,,,Validasi PPh (1 bidang),, Total,
01/08/2025 18:38:11,RZRYUQ,,,Validasi PPh (1 bidang),, Total,
01/08/2025 18:49:55,U8C9PC,,,Validasi PPh (1 bidang),, Total,
02/08/2025 11:32:08,JWT9AP,,,Validasi PPh (1 bidang),, Total,
02/08/2025 22:27:42,6S2QBP,512/K-RL/2025,,Pemberian Kutipan Risalah Lelang,, Total,
02/08/2025 22:34:48,7PTYND,513/K-RL/2025,,Pemberian Kutipan Risalah Lelang,, Total,
03/08/2025 17:21:09,ON6GPE,514/K-RL/2025,,Pemberian Kutipan Risalah Lelang,, Total,
04/08/2025 9:16:40,HPUY4O,515/K-RL/2025,,Pemberian Kutipan Risalah Lelang,, Total,
04/08/2025 9:30:41,HPUY4O,,,Validasi PPh (1 bidang),, Total,
04/08/2025 13:45:11,TKBRW1,,,Pemberian Kuitansi Pembayaran Harga Lelang,, Total,
05/08/2025 8:13:09,Z8OLJX,516/K-RL/2025,,Pemberian Kutipan Risalah Lelang,, Total,
05/08/2025 8:29:34,Z8OLJX,,,Validasi PPh (1 bidang),, Total,
05/08/2025 8:33:28,GVWCPF,517/K-RL/2025,,Pemberian Kutipan Risalah Lelang,, Total,
05/08/2025 11:25:33,E3KVCI,518/K-RL/2025,,Pemberian Kutipan Risalah Lelang,, Total,
05/08/2025 11:47:24,E3KVCI,,,Validasi PPh (1 bidang),, Total,
05/08/2025 12:26:49,N6QWRN,,,Pemberian Kuitansi Pembayaran Harga Lelang,, Total,
05/08/2025 12:54:29,-,,,Validasi PPh (1 bidang),, Total,
05/08/2025 14:09:59,JWT9AP,519/K-RL/2025,,Pemberian Kutipan Risalah Lelang,, Total,
05/08/2025 14:19:44,GEHO8K,520/K-RL/2025,,Pemberian Kutipan Risalah Lelang,, Total,
05/08/2025 15:08:20,344020,,,Validasi PPh (1 bidang),, Total,
05/08/2025 15:17:54,6ZBXWG,521/K-RL/2025,,Pemberian Kutipan Risalah Lelang,, Total,
05/08/2025 15:51:22,344020,522/K-RL/2025,,Pemberian Kutipan Risalah Lelang,, Total,
05/08/2025 16:33:35,QKZRAV,523/K-RL/2025,,Pemberian Kutipan Risalah Lelang,, Total,
05/08/2025 16:56:08,LS23DF,,,Pemberian Kuitansi Pembayaran Harga Lelang,, Total,
06/08/2025 8:44:24,HCKFKC,524/K-RL/2025,,Pemberian Kutipan Risalah Lelang,, Total,
06/08/2025 9:23:12,ECQMQD,525/K-RL/2025,,Pemberian Kutipan Risalah Lelang,, Total,
06/08/2025 9:42:58,WBCKXA,526/K-RL/2025,,Pemberian Kutipan Risalah Lelang,, Total,
06/08/2025 9:44:03,01FUEP,527/K-RL/2025,,Pemberian Kutipan Risalah Lelang,, Total,
06/08/2025 9:49:20,6ZBXWG,528/K-RL/2025,,Pemberian Kutipan Risalah Lelang,, Total,
06/08/2025 10:33:28,WBCKXA,,,Validasi PPh (1 bidang),, Total,
06/08/2025 10:59:31,EIJ6CS,529/K-RL/2025,,Pemberian Kutipan Risalah Lelang,, Total,
06/08/2025 11:22:56,344020,530/K-RL/2025,,Pemberian Kutipan Risalah Lelang,, Total,
06/08/2025 11:46:39,O0UBUY,,,Pemberian Kuitansi Pembayaran Harga Lelang,, Total,
06/08/2025 12:15:07,KQOTGE,531/K-RL/2025,,Pemberian Kutipan Risalah Lelang,, Total,
06/08/2025 13:34:31,TKBRW1,532/K-RL/2025,,Pemberian Kutipan Risalah Lelang,, Total,
07/08/2025 8:40:11,LTNPZK,533/K-RL/2025,,Pemberian Kutipan Risalah Lelang,, Total,
07/08/2025 9:18:21,3KJG2M,534/K-RL/2025,,Pemberian Kutipan Risalah Lelang,, Total,
07/08/2025 10:58:43,M8OQLO,535/K-RL/2025,,Pemberian Kutipan Risalah Lelang,, Total,
07/08/2025 11:01:02,Ox8MIU,536/K-RL/2025,,Pemberian Kutipan Risalah Lelang,, Total,
07/08/2025 11:35:30,TKBRW1,,,Validasi PPh (1 bidang),, Total,
07/08/2025 11:43:48,TKBRW1,,,Validasi PPh (1 bidang),, Total,
07/08/2025 12:15:16,OFUV9M,537/K-RL/2025,,Pemberian Kutipan Risalah Lelang,, Total,
07/08/2025 13:58:35,OX8MIU,,,Validasi PPh (1 bidang),, Total,
07/08/2025 14:15:14,M8OQLO,,,Validasi PPh (1 bidang),, Total,
07/08/2025 14:17:02,A86r2t,538/K-RL/2025,,Pemberian Kutipan Risalah Lelang,, Total,
07/08/2025 16:39:10,AEGSMV,539/K-RL/2025,,Pemberian Kutipan Risalah Lelang,, Total,
07/08/2025 21:31:53,PBGB2N,,,Validasi PPh (1 bidang),, Total,
08/08/2025 10:30:30,HCKFKC,,,Validasi PPh (1 bidang),, Total,
08/08/2025 11:00:32,70G98T,540/K-RL/2025,,Pemberian Kutipan Risalah Lelang,, Total,
08/08/2025 11:08:27,QKZRAV,,,Validasi PPh (1 bidang),, Total,
08/08/2025 11:23:23,1U3ZJD,,,Validasi PPh (1 bidang),, Total,
08/08/2025 12:53:08,KTGBLG,541/K-RL/2025,,Pemberian Kutipan Risalah Lelang,, Total,
08/08/2025 13:07:21,KTGBLG,,,Validasi PPh (1 bidang),, Total,
08/08/2025 15:18:13,01FUEP,,,Validasi PPh (1 bidang),, Total,
08/08/2025 15:28:54,A86r2t,,,Validasi PPh (1 bidang),, Total,
08/08/2025 16:30:36,CPEMMN,542/K-RL/2025,,Pemberian Kutipan Risalah Lelang,, Total,
08/08/2025 16:37:03,CPEMMN,543/K-RL/2025,,Pemberian Kutipan Risalah Lelang,, Total,
09/08/2025 8:56:42,CPEMMN,,,Validasi PPh (1 bidang),, Total,
09/08/2025 9:11:30,CPEMMN,,,Validasi PPh (1 bidang),, Total,
11/08/2025 9:35:15,1U3ZJD,544/K-RL/2025,,Pemberian Kutipan Risalah Lelang,, Total,
11/08/2025 11:49:50,CIZBLA,545/K-RL/2025,,Pemberian Kutipan Risalah Lelang,, Total,
11/08/2025 14:24:28,MCWZG7,546/K-RL/2025,,Pemberian Kutipan Risalah Lelang,, Total,
11/08/2025 14:47:28,O9K1JC,547/K-RL/2025,,Pemberian Kutipan Risalah Lelang,, Total,
11/08/2025 14:51:04,MCWZG7,,,Validasi PPh (1 bidang),, Total,
12/08/2025 9:00:51,JJMT1U,548/K-RL/2025,,Pemberian Kutipan Risalah Lelang,, Total,
12/08/2025 9:06:15,ON6GPE,,,Validasi PPh (1 bidang),, Total,
12/08/2025 9:39:36,JXG5QT,,,Pemberian Kuitansi Pembayaran Harga Lelang,, Total,
12/08/2025 9:48:27,SUAE1W,,,Pemberian Kuitansi Pembayaran Harga Lelang,, Total,
12/08/2025 10:16:09,N6QWRN,549/K-RL/2025,,Pemberian Kutipan Risalah Lelang,, Total,
12/08/2025 10:20:23,XRGUEZ,550/K-RL/2025,,Pemberian Kutipan Risalah Lelang,, Total,
12/08/2025 10:24:17,R251O3,551/K-RL/2025,,Pemberian Kutipan Risalah Lelang,, Total,
12/08/2025 10:36:33,R25103,,,Validasi PPh (1 bidang),, Total,
12/08/2025 10:49:24,PITG8W,,,Pemberian Kuitansi Pembayaran Harga Lelang,, Total,
12/08/2025 12:04:57,JCREHV,552/K-RL/2025,,Pemberian Kutipan Risalah Lelang,, Total,
12/08/2025 12:20:18,JCREHV,,,Validasi PPh (1 bidang),, Total,
12/08/2025 13:41:01,V0R6NI,,,Pemberian Kuitansi Pembayaran Harga Lelang,, Total,
12/08/2025 13:53:07,N6QWRN,,,Validasi PPh (1 bidang),, Total,
12/08/2025 19:38:22,RMSEDN,,,Validasi PPh (1 bidang),, Total,
12/08/2025 19:43:44,RMSEDN,553/K-RL/2025,,Pemberian Kutipan Risalah Lelang,, Total,
13/08/2025 11:44:44,OXHNBW,554/K-RL/2025,,Pemberian Kutipan Risalah Lelang,, Total,
13/08/2025 13:28:18,KLJZ5X,,,Pemberian Kuitansi Pembayaran Harga Lelang,, Total,
13/08/2025 13:57:25,CKDPD9,555/K-RL/2025,,Pemberian Kutipan Risalah Lelang,, Total,
13/08/2025 16:57:46,TDJBDU,556/K-RL/2025,,Pemberian Kutipan Risalah Lelang,, Total,
14/08/2025 11:46:53,CIZBLA,,,Validasi PPh (1 bidang),, Total,
15/08/2025 9:24:02,4WVUVO,,,Pemberian Kuitansi Pembayaran Harga Lelang,, Total,
15/08/2025 9:49:50,0XHNBW,,,Validasi PPh (1 bidang),, Total,
15/08/2025 11:47:44,ORKTJB,557/K-RL/2025,,Pemberian Kutipan Risalah Lelang,, Total,
17/08/2025 14:37:43,U7GRMG,,,Validasi PPh (1 bidang),, Total,
17/08/2025 14:54:18,U7GRMG,,,Validasi PPh (1 bidang),, Total,
17/08/2025 15:10:16,U7GRMG,,,Validasi PPh (1 bidang),, Total,
17/08/2025 15:19:59,U7GRMG,,,Validasi PPh (1 bidang),, Total,
17/08/2025 15:30:00,U7GRMG,,,Validasi PPh (1 bidang),, Total,
19/08/2025 10:21:23,FPXRBV,558/K-RL/2025,,Pemberian Kutipan Risalah Lelang,, Total,
19/08/2025 10:50:59,CAKSQF,559/K-RL/2025,,Pemberian Kutipan Risalah Lelang,, Total,
19/08/2025 11:17:58,AJCH5U,,,Validasi PPh (1 bidang),, Total,
19/08/2025 12:01:17,T2O1MG,560/K-RL/2025,,Pemberian Kutipan Risalah Lelang,, Total,
19/08/2025 12:05:03,8GZIXS,561/K-RL/2025,,Pemberian Kutipan Risalah Lelang,, Total,
19/08/2025 12:10:04,CAKSQF,562/K-RL/2025,,Pemberian Kutipan Risalah Lelang,, Total,
19/08/2025 15:05:24,KLJZ5X,563/K-RL/2025,,Pemberian Kutipan Risalah Lelang,, Total,
19/08/2025 15:14:31,KLJZ5X,,,Validasi PPh (1 bidang),, Total,
19/08/2025 16:06:44,U7GRMG,,,Validasi PPh (1 bidang),, Total,
19/08/2025 16:33:38,U7GRMG,,,Validasi PPh (1 bidang),, Total,
19/08/2025 17:01:49,U7GRMG,,,Validasi PPh (1 bidang),, Total,
19/08/2025 17:11:03,U7GRMG,,,Validasi PPh (1 bidang),, Total,
19/08/2025 17:18:33,U7GRMG,,,Validasi PPh (1 bidang),, Total,
19/08/2025 19:02:10,YMVSWP,564/K-RL/2025,,Pemberian Kutipan Risalah Lelang,, Total,
20/08/2025 10:35:22,KW9JLA,565/K-RL/2025,,Pemberian Kutipan Risalah Lelang,, Total,
20/08/2025 10:56:27,AQYYJI,566/K-RL/2025,,Pemberian Kutipan Risalah Lelang,, Total,
20/08/2025 10:57:26,U7GRMG,567/K-RL/2025,,Pemberian Kutipan Risalah Lelang,, Total,
20/08/2025 11:02:11,U7GRMG,568/K-RL/2025,,Pemberian Kutipan Risalah Lelang,, Total,
20/08/2025 11:06:15,U7GRMG,569/K-RL/2025,,Pemberian Kutipan Risalah Lelang,, Total,
20/08/2025 11:07:01,AQYYJI,,,Validasi PPh (1 bidang),, Total,
20/08/2025 11:10:24,U7GRMG,570/K-RL/2025,,Pemberian Kutipan Risalah Lelang,, Total,
20/08/2025 11:13:48,U7GRMG,571/K-RL/2025,,Pemberian Kutipan Risalah Lelang,, Total,
20/08/2025 14:23:40,DZQWEB,572/K-RL/2025,,Pemberian Kutipan Risalah Lelang,, Total,
20/08/2025 14:39:10,DZQWEB,573/K-RL/2025,,Pemberian Kutipan Risalah Lelang,, Total,
20/08/2025 14:59:45,TDJBDU,,,Validasi PPh (1 bidang),, Total,
20/08/2025 14:59:56,KWAS7H,574/K-RL/2025,,Pemberian Kutipan Risalah Lelang,, Total,
20/08/2025 15:54:31,OSFHFQ,575/K-RL/2025,,Pemberian Kutipan Risalah Lelang,, Total,
20/08/2025 16:00:36,KWAS7H,,,Validasi PPh (1 bidang),, Total,
21/08/2025 10:40:06,DZQWEB,,,Validasi PPh (1 bidang),, Total,
21/08/2025 14:14:49,DZQWEB,,,Validasi PPh (1 bidang),, Total,
21/08/2025 14:34:23,DZQWEB,,,Validasi PPh (1 bidang),, Total,
21/08/2025 15:43:46,CNMOEG,576/K-RL/2025,,Pemberian Kutipan Risalah Lelang,, Total,
21/08/2025 19:27:59,CNMOEG,577/K-RL/2025,,Pemberian Kutipan Risalah Lelang,, Total,
22/08/2025 9:31:17,7FDNRR,,,Validasi PPh (1 bidang),, Total,
22/08/2025 11:07:19,CNMOEG,,,Validasi PPh (1 bidang),, Total,
22/08/2025 11:33:10,7RRAJX,,,Pemberian Kuitansi Pembayaran Harga Lelang,, Total,
22/08/2025 13:42:27,M6UBFC,,,Pemberian Kuitansi Pembayaran Harga Lelang,, Total,
25/08/2025 9:35:17,SAIVGT,578/K-RL/2025,,Pemberian Kutipan Risalah Lelang,, Total,
25/08/2025 12:10:52,FD92AD,579/K-RL/2025,,Pemberian Kutipan Risalah Lelang,, Total,
25/08/2025 13:05:36,FD92AD,,,Validasi PPh (1 bidang),, Total,
25/08/2025 13:08:56,FD92AD,,,Validasi PPh (1 bidang),, Total,
25/08/2025 13:14:35,ABQT6W,580/K-RL/2025,,Pemberian Kutipan Risalah Lelang,, Total,
25/08/2025 14:17:07,L4TIJ5,581/K-RL/2025,,Pemberian Kutipan Risalah Lelang,, Total,
25/08/2025 14:29:26,L4TIJ5,582/K-RL/2025,,Pemberian Kutipan Risalah Lelang,, Total,
26/08/2025 8:29:19,R2TGAE,,,Pemberian Kuitansi Pembayaran Harga Lelang,, Total,
26/08/2025 9:05:58,EOKPMQ,583/K-RL/2025,,Pemberian Kutipan Risalah Lelang,, Total,
26/08/2025 10:06:58,AQOM4S,584/K-RL/2025,,Pemberian Kutipan Risalah Lelang,, Total,
26/08/2025 16:14:44,FOLZKG,585/K-RL/2025,,Pemberian Kutipan Risalah Lelang,, Total,
26/08/2025 16:23:19,T2O1MG,,,Validasi PPh (1 bidang),, Total,
26/08/2025 16:33:48,8GZIXS,,,Validasi PPh (1 bidang),, Total,
26/08/2025 18:24:56,0B3DZR,586/K-RL/2025,,Pemberian Kutipan Risalah Lelang,, Total,
27/08/2025 11:11:55,QFOAG2,587/K-RL/2025,,Pemberian Kutipan Risalah Lelang,, Total,
27/08/2025 11:21:25,X9DE4A,588/K-RL/2025,,Pemberian Kutipan Risalah Lelang,, Total,
27/08/2025 13:14:35,ZFXNCH,589/K-RL/2025,,Pemberian Kutipan Risalah Lelang,, Total,
27/08/2025 15:47:08,ZYJLAQ,590/K-RL/2025,,Pemberian Kutipan Risalah Lelang,, Total,
27/08/2025 17:03:15,ZYJLAQ,,,Validasi PPh (1 bidang),, Total,
28/08/2025 8:44:14,EOKPMQ,,,Validasi PPh (1 bidang),, Total,
28/08/2025 10:52:41,QHKPF4,591/K-RL/2025,,Pemberian Kutipan Risalah Lelang,, Total,
28/08/2025 11:10:19,BK5BVP,,,Pemberian Kuitansi Pembayaran Harga Lelang,, Total,
28/08/2025 11:20:38,QHKPF4,,,Validasi PPh (1 bidang),, Total,
28/08/2025 11:23:52,CKDPD9,592/K-RL/2025,,Pemberian Kutipan Risalah Lelang,, Total,
28/08/2025 13:04:16,N8P6KB,,,Validasi PPh (1 bidang),, Total,
28/08/2025 14:39:18,ZYJLAQ,,,Validasi PPh (1 bidang),, Total,
28/08/2025 14:55:47,EDPGXY,,,Pemberian Kuitansi Pembayaran Harga Lelang,, Total,
29/08/2025 8:42:57,M6UFBC,593/K-RL/2025,,Pemberian Kutipan Risalah Lelang,, Total,
29/08/2025 8:52:13,M6UBFC,,,Pemberian Kuitansi Pembayaran Harga Lelang,, Total,
29/08/2025 11:00:12,LIO9XO,594/K-RL/2025,,Pemberian Kutipan Risalah Lelang,, Total,
29/08/2025 11:26:40,B6UBFC,,,Validasi PPh (1 bidang),, Total,
29/08/2025 11:43:42,YMVSWP,,,Validasi PPh (1 bidang),, Total,
29/08/2025 12:53:53,MPDTOH,595/K-RL/2025,,Pemberian Kutipan Risalah Lelang,, Total,
29/08/2025 13:52:14,EDPGXY,596/K-RL/2025,,Pemberian Kutipan Risalah Lelang,, Total,
29/08/2025 13:58:46,XRGUEZ,597/K-RL/2025,,Pemberian Kutipan Risalah Lelang,, Total,
29/08/2025 14:02:05,LIO9XO,,,Validasi PPh (1 bidang),, Total,
29/08/2025 14:24:19,M5MYG6,598/K-RL/2025,,Pemberian Kutipan Risalah Lelang,, Total,
29/08/2025 14:26:24,MW5IAO,599/K-RL/2025,,Pemberian Kutipan Risalah Lelang,, Total,
29/08/2025 14:36:20,LV2QFF,600/K-RL/2025,,Pemberian Kutipan Risalah Lelang,, Total,
29/08/2025 14:40:23,H5MYG6,,,Validasi PPh (1 bidang),, Total,
01/09/2025 10:04:37,MPDTOH,,,Validasi PPh (1 bidang),, Total,
01/09/2025 10:12:15,EDPGXY,,,Validasi PPh (1 bidang),, Total,
01/09/2025 16:59:48,62XPFW,,,Validasi PPh (1 bidang),, Total,
01/09/2025 18:44:37,MW5IAO,,,Validasi PPh (1 bidang),, Total,
01/09/2025 19:53:30,5HJNF6,601/K-RL/2025,,Pemberian Kutipan Risalah Lelang,, Total,
01/09/2025 21:37:21,UZPNAP,602/K-RL/2025,,Pemberian Kutipan Risalah Lelang,, Total,
02/09/2025 10:14:38,8XDOCA,603/K-RL/2025,,Pemberian Kutipan Risalah Lelang,, Total,
02/09/2025 10:33:16,AQOM4S,,,Validasi PPh (1 bidang),, Total,
02/09/2025 13:18:58,8CDOCA,,,Validasi PPh (1 bidang),, Total,
02/09/2025 14:35:14,TJOUMC,604/K-RL/2025,,Pemberian Kutipan Risalah Lelang,, Total,
02/09/2025 16:01:09,TYJV0M,605/K-RL/2025,,Pemberian Kutipan Risalah Lelang,, Total,
02/09/2025 16:35:55,QZ7YV4,606/K-RL/2025,,Pemberian Kutipan Risalah Lelang,, Total,
02/09/2025 16:40:07,CCK1SI,607/K-RL/2025,,Pemberian Kutipan Risalah Lelang,, Total,
02/09/2025 19:54:31,UZPNAP,,,Validasi PPh (1 bidang),, Total,
02/09/2025 21:23:57,XDLOG7 Total,,,,,,
03/09/2025 8:42:02,MC3GAI,,,Pemberian Kuitansi Pembayaran Harga Lelang,, Total,
03/09/2025 8:47:13,MC3GAI,608/K-RL/2025,,Pemberian Kutipan Risalah Lelang,, Total,
03/09/2025 8:59:14,MC3GAI,609/K-RL/2025,,Pemberian Kutipan Risalah Lelang,, Total,
03/09/2025 10:52:35,XWSRPD,,,Pemberian Kuitansi Pembayaran Harga Lelang,, Total,
03/09/2025 11:36:46,Q4UETR,610/K-RL/2025,,Pemberian Kutipan Risalah Lelang,, Total,
03/09/2025 16:24:15,ZFXNCH,611/K-RL/2025,,Pemberian Kutipan Risalah Lelang,, Total,
03/09/2025 16:50:06,QZ7YV4,,,Validasi PPh (1 bidang),, Total,
03/09/2025 18:14:41,TJOUMC,,,Validasi PPh (1 bidang),, Total,
03/09/2025 18:18:29,ZFXNCH,612/K-RL/2025,,Pemberian Kutipan Risalah Lelang,, Total,
03/09/2025 21:21:37,CCK1Sl,,,Validasi PPh (1 bidang),, Total,
04/09/2025 8:36:17,000000,,,Validasi PPh (1 bidang),, Total,
04/09/2025 10:50:29,XRGUEZ,,,Validasi PPh (1 bidang),, Total,
04/09/2025 13:40:12,DOFSYW,,,Validasi PPh (1 bidang),, Total,
04/09/2025 15:25:03,3OQT6G,,,Validasi PPh (1 bidang),, Total,
04/09/2025 15:37:39,NRAKLX,613/K-RL/2025,,Pemberian Kutipan Risalah Lelang,, Total,
04/09/2025 15:54:21,NRAKLX,,,Validasi PPh (1 bidang),, Total,
04/09/2025 16:53:48,1RLVT9,,,Validasi PPh (1 bidang),, Total,
08/09/2025 8:39:27,7RRAJX,614/K-RL/2025,,Pemberian Kutipan Risalah Lelang,, Total,
08/09/2025 9:03:50,6JPYIU,,,Pemberian Kuitansi Pembayaran Harga Lelang,, Total,
08/09/2025 11:33:34,W6J8BP,615/K-RL/2025,,Pemberian Kutipan Risalah Lelang,, Total,
08/09/2025 13:42:08,P0SMJC,616/K-RL/2025,,Pemberian Kutipan Risalah Lelang,, Total,
08/09/2025 15:22:45,OZKNZN,617/K-RL/2025,,Pemberian Kutipan Risalah Lelang,, Total,
08/09/2025 15:28:23,OPEWQE,618/K-RL/2025,,Pemberian Kutipan Risalah Lelang,, Total,
08/09/2025 15:33:24,7HB0DN,619/K-RL/2025,,Pemberian Kutipan Risalah Lelang,, Total,
09/09/2025 9:21:15,7RRAJX,,,Validasi PPh (1 bidang),, Total,
09/09/2025 10:26:45,PITG8W,620/K-RL/2025,,Pemberian Kutipan Risalah Lelang,, Total,
09/09/2025 10:35:37,PITG8W,,,Validasi PPh (1 bidang),, Total,
09/09/2025 15:59:45,OCGSCZ,621/K-RL/2025,,Pemberian Kutipan Risalah Lelang,, Total,
10/09/2025 0:37:30,SHIP3Q,,,Pemberian Kuitansi Pembayaran Harga Lelang,, Total,
10/09/2025 7:02:28,ZAEHP9,622/K-RL/2025,,Pemberian Kutipan Risalah Lelang,, Total,
10/09/2025 9:20:40,PDHRUJ,623/K-RL/2025,,Pemberian Kutipan Risalah Lelang,, Total,
10/09/2025 10:30:35,PDHRUJ,,,Validasi PPh (1 bidang),, Total,
10/09/2025 11:24:40,DZMKR7,624/K-RL/2025,,Pemberian Kutipan Risalah Lelang,, Total,
10/09/2025 13:59:17,BTMIEK,625/K-RL/2025,,Pemberian Kutipan Risalah Lelang,, Total,
10/09/2025 14:50:58,BTMIEK,,,Validasi PPh (1 bidang),, Total,
10/09/2025 14:51:58,62XPFW,626/K-RL/2025,,Pemberian Kutipan Risalah Lelang,, Total,